comment_id,city,date,rating,content
c0001,taichung,2024-01-22,5,"先說,雨中散步別有一番風味,今天心情超好啦。"
c0002,taipei,2023-05-12,5,"先說,涼爽宜人的一天,出去野餐超級開心!"
c0003,kaohsiung,2025-11-15,5,"欸,這種完美天氣一年沒幾天,超級珍惜!"
c0004,kaohsiung,2023-12-15,4,"說真的,今天高雄天氣舒服,微風徐徐心情不錯!"
c0005,taipei,2025-02-14,4,"跟你說,天氣涼涼的很舒服,適合窩在家看書耶。"
c0006,taichung,2023-08-10,1,"先說,騎車滑倒在濕滑路面,痛死了,爛透了。"
c0007,taipei,2025-02-28,4,"唉,陽光溫和不刺眼,這種天氣算滿舒服的啊!"
c0008,taichung,2023-09-15,4,"台中今天雲層很美,拍照效果超棒的說。"
c0009,taichung,2025-01-07,2,"說真的,溫度雖然剛好,紫外線還是偏強,有點在意啦。"
c0010,taipei,2024-05-14,4,"唉,陽光溫和不刺眼,這種天氣算滿舒服的耶。"
c0011,taichung,2025-02-27,5,"唉,台中今天根本秋高氣爽,整個人都輕鬆起來"
c0012,taichung,2024-03-21,5,"唉,台中今天根本秋高氣爽,整個人都輕鬆起來的說。"
c0013,taichung,2024-10-04,1,"不誇張,騎車滑倒在濕滑路面,痛死了,爛透了……"
c0014,kaohsiung,2023-08-22,5,"欸,高雄這種舒服的秋涼天,整天心情都很好的說。"
c0015,taipei,2025-11-30,1,"唉,風有點大又濕冷,出門真的很不舒服"
c0016,taipei,2025-09-21,5,"欸,雨中散步別有一番風味,今天心情超好耶。"
c0017,taichung,2024-10-20,5,"老天鵝,微涼的天氣讓人特別有精神,今天過得很棒"
c0018,kaohsiung,2024-11-14,4,"不誇張,今天高雄天氣舒服,微風徐徐心情不錯唉。"
c0019,taichung,2024-01-29,4,"老實說,今天台中天氣舒服,微風徐徐心情不錯喔。"
c0020,kaohsiung,2024-05-05,5,"高雄這種舒服的秋涼天,整天心情都很好"
c0021,taipei,2024-11-16,2,"唉,濕度太高,衣服都曬不乾,有點煩。"
c0022,taipei,2024-11-23,5,"跟你說,涼爽宜人的一天,出去野餐超級開心的說。"
c0023,taichung,2024-07-11,4,"老實說,雨後空氣變清新,台中的天空滿好看喔。"
c0024,taipei,2023-12-05,3,"先說,下雨天沒什麼特別感覺,還好而已的說。"
c0025,taipei,2025-04-30,5,"老天鵝,微涼的天氣讓人特別有精神,今天過得很棒。"
c0026,taichung,2025-01-20,4,"先說,溫度剛剛好,適合出門走走,還蠻愉快的唉。"
c0027,kaohsiung,2024-04-05,2,"說真的,高雄早晚溫差有點大,穿搭很難抓。"
c0028,taipei,2025-12-24,5,"欸,這種完美天氣一年沒幾天,超級珍惜耶。"
c0029,taichung,2023-03-06,4,"跟你說,溫度剛剛好,適合出門走走,還蠻愉快的啦。"
c0030,taipei,2023-08-21,3,"唉,雨下得不算大,天氣普普通通啦。"
c0031,kaohsiung,2023-02-15,5,"不誇張,高雄今天根本秋高氣爽,整個人都輕鬆起來啦。"
c0032,kaohsiung,2023-11-29,5,"欸,高雄今天根本秋高氣爽,整個人都輕鬆起來啊!"
c0033,taipei,2023-12-09,4,"欸,溫度剛剛好,適合出門走走,還蠻愉快的耶。"
c0034,taichung,2024-06-19,3,"老天鵝,台中今天下雨,出門記得帶傘的說。"
c0035,kaohsiung,2023-02-07,4,"唉,陽光溫和不刺眼,這種天氣算滿舒服的。"
c0036,taichung,2025-06-18,4,"跟你說,下雨天在家聽雨聲,感覺還蠻放鬆的。"
c0037,taichung,2023-09-15,4,"先說,台中今天雲層很美,拍照效果超棒喔。"
c0038,taichung,2023-11-29,4,"講真的,溫度剛剛好,適合出門走走,還蠻愉快的唉。"
c0039,taipei,2024-05-07,3,"欸,氣溫適中,就是平凡的一天啊!"
c0040,taipei,2025-05-13,3,"說真的,台北今天天氣還好,普普通通而已。"
c0041,taipei,2025-09-24,1,"老實說,雨下不停,積水淹到小腿,今天有夠倒楣啦。"
c0042,taichung,2024-07-19,2,"台中今天有夠悶熱,出門就開始冒汗,有點煩的說。"
c0043,kaohsiung,2024-06-21,5,"老天鵝,微涼的天氣讓人特別有精神,今天過得很棒的說。"
c0044,kaohsiung,2025-12-07,5,"高雄今天根本秋高氣爽,整個人都輕鬆起來的說。"
c0045,taichung,2024-11-28,4,"欸,天氣涼涼的很舒服,適合窩在家看書唉。"
c0046,taipei,2023-07-21,4,"先說,雨後空氣變清新,台北的天空滿好看唉。"
c0047,taipei,2025-09-26,4,"欸,難得涼爽的雨天,不用開冷氣挺舒服。"
c0048,kaohsiung,2023-01-14,5,"老天鵝,高雄今天根本秋高氣爽,整個人都輕鬆起來唉。"
c0049,kaohsiung,2023-09-21,3,"跟你說,高雄今天天氣還好,普普通通而已耶。"
c0050,kaohsiung,2023-05-11,5,"講真的,高雄今天根本秋高氣爽,整個人都輕鬆起來……"
c0051,taipei,2024-03-04,5,"講真的,涼爽宜人的一天,出去野餐超級開心喔。"
c0052,kaohsiung,2024-11-04,4,"跟你說,陽光溫和不刺眼,這種天氣算滿舒服的……"
c0053,taipei,2024-01-20,5,"老天鵝,涼爽宜人的一天,出去野餐超級開心!"
c0054,taipei,2025-03-26,3,"講真的,台北今天天氣還好,普普通通而已唉。"
c0055,taichung,2023-11-06,5,"跟你說,台中這種舒服的秋涼天,整天心情都很好唉。"
c0056,taipei,2024-11-14,5,"不誇張,微涼的天氣讓人特別有精神,今天過得很棒。"
c0057,kaohsiung,2025-07-29,3,"不誇張,高雄今天下雨,出門記得帶傘耶。"
c0058,kaohsiung,2024-11-08,5,"先說,涼爽宜人的一天,出去野餐超級開心"
c0059,taipei,2024-09-26,3,"欸,下雨天沒什麼特別感覺,還好而已"
c0060,taipei,2023-09-23,1,這種忽冷忽熱的天氣讓人很不耐煩啦。
c0061,taichung,2024-02-03,4,"老天鵝,陽光溫和不刺眼,這種天氣算滿舒服的……"
c0062,taichung,2024-11-26,5,"老實說,這種完美天氣一年沒幾天,超級珍惜!"
c0063,taichung,2024-07-04,3,"先說,沒什麼特別,平常心看待今天的天氣唉。"
c0064,taichung,2025-08-03,2,"跟你說,台中下雨天出門好麻煩,心情有點差唉。"
c0065,taichung,2025-05-21,3,"跟你說,台中今天下雨,出門記得帶傘耶。"
c0066,kaohsiung,2025-12-10,3,"跟你說,高雄今天天氣普通,沒什麼特別感覺喔。"
c0067,taipei,2023-05-02,2,"跟你說,天空灰濛濛的,感覺有點提不起勁。"
c0068,taichung,2024-01-18,4,"老天鵝,今天台中天氣舒服,微風徐徐心情不錯喔。"
c0069,kaohsiung,2025-07-30,1,"說真的,傘被強風吹爛,全身濕到不行,氣死我了喔。"
c0070,kaohsiung,2023-06-22,4,"說真的,雨後空氣變清新,高雄的天空滿好看啦。"
c0071,taichung,2025-06-24,4,"雖然很熱,但陽光很棒,適合曬棉被的說。"
c0072,taichung,2023-10-31,5,"欸,涼爽宜人的一天,出去野餐超級開心。"
c0073,taipei,2025-12-15,5,"說真的,台北這種舒服的秋涼天,整天心情都很好……"
c0074,taichung,2023-06-09,2,"先說,又忘記帶傘,被淋得有點狼狽啊!"
c0075,taipei,2024-11-13,5,"老天鵝,終於降溫了,這場雨根本是及時雨,太棒了"
c0076,taipei,2023-03-16,1,"唉,台北排水又不通,整條路都是水,超級誇張喔。"
c0077,taichung,2023-04-11,5,"老實說,涼爽宜人的一天,出去野餐超級開心啦。"
c0078,kaohsiung,2023-01-17,5,"講真的,高雄今天根本秋高氣爽,整個人都輕鬆起來啊!"
c0079,taichung,2025-07-12,2,"唉,又忘記帶傘,被淋得有點狼狽啊!"
c0080,taipei,2023-11-17,4,"跟你說,天氣涼涼的很舒服,適合窩在家看書。"
c0081,taichung,2025-07-15,2,"不誇張,又忘記帶傘,被淋得有點狼狽啦。"
c0082,taipei,2025-05-16,4,"欸,台北今天雲層很美,拍照效果超棒耶。"
c0083,taichung,2024-07-30,3,"老天鵝,台中今天下雨,出門記得帶傘唉。"
c0084,taichung,2023-01-28,4,"台中今天雲層很美,拍照效果超棒。"
c0085,kaohsiung,2023-01-27,5,"老天鵝,高雄今天根本秋高氣爽,整個人都輕鬆起來啦。"
c0086,kaohsiung,2024-11-08,4,"說真的,陽光溫和不刺眼,這種天氣算滿舒服的啦。"
c0087,taipei,2024-12-17,4,"唉,天氣涼涼的很舒服,適合窩在家看書啊!"
c0088,taichung,2025-12-08,4,"老天鵝,溫度剛剛好,適合出門走走,還蠻愉快的耶。"
c0089,taichung,2024-01-15,5,"先說,這種完美天氣一年沒幾天,超級珍惜的說。"
c0090,taichung,2024-12-04,5,"先說,涼爽宜人的一天,出去野餐超級開心的說。"
c0091,kaohsiung,2025-06-07,2,"說真的,高雄下雨天出門好麻煩,心情有點差喔。"
c0092,kaohsiung,2023-03-29,4,"老天鵝,溫度剛剛好,適合出門走走,還蠻愉快的啊!"
c0093,kaohsiung,2025-12-06,5,"先說,高雄今天根本秋高氣爽,整個人都輕鬆起來……"
c0094,kaohsiung,2023-02-20,5,"老實說,高雄今天根本秋高氣爽,整個人都輕鬆起來。"
c0095,kaohsiung,2024-12-01,4,"不誇張,陽光溫和不刺眼,這種天氣算滿舒服的唉。"
c0096,taipei,2023-03-03,5,"跟你說,微涼的天氣讓人特別有精神,今天過得很棒……"
c0097,taichung,2025-11-30,4,"不誇張,陽光溫和不刺眼,這種天氣算滿舒服的。"
c0098,taichung,2024-08-29,5,"老實說,超喜歡下雨天的味道,台中這場雨舒服極了啊!"
c0099,taipei,2023-03-13,2,"欸,雨勢時大時小,交通變得比較塞"
c0100,taichung,2025-12-26,3,"老實說,下雨天沒什麼特別感覺,還好而已……"
c0101,taipei,2024-08-11,2,"說真的,台北今天有夠悶熱,出門就開始冒汗,有點煩喔。"
c0102,taichung,2025-09-13,3,"跟你說,台中今天氣溫偏高,出門記得防曬。"
c0103,taichung,2024-10-05,3,"欸,雨下得不算大,天氣普普通通耶。"
c0104,taipei,2023-03-31,2,"跟你說,濕度太高,衣服都曬不乾,有點煩。"
c0105,taipei,2024-04-17,3,"老實說,沒什麼特別,平常心看待今天的天氣"
c0106,taichung,2024-05-01,1,"講真的,台中又下大雨,鞋子襪子全濕透,超級崩潰"
c0107,taichung,2024-04-24,4,"老實說,雨後空氣變清新,台中的天空滿好看"
c0108,kaohsiung,2024-04-04,5,"唉,高雄這種舒服的秋涼天,整天心情都很好耶。"
c0109,taichung,2025-11-11,3,"不誇張,下雨天沒什麼特別感覺,還好而已耶。"
c0110,kaohsiung,2023-03-03,5,"老天鵝,這種完美天氣一年沒幾天,超級珍惜唉。"
c0111,taichung,2024-05-26,4,"跟你說,難得涼爽的雨天,不用開冷氣挺舒服"
c0112,kaohsiung,2025-04-07,2,"先說,天氣還可以,不過風有點大吹得有點煩耶。"
c0113,taipei,2025-09-02,2,"又忘記帶傘,被淋得有點狼狽啊!"
c0114,taipei,2023-12-23,3,"說真的,下雨天沒什麼特別感覺,還好而已耶。"
c0115,taichung,2024-12-03,4,"跟你說,溫度剛剛好,適合出門走走,還蠻愉快的。"
c0116,taipei,2024-11-30,3,"老實說,氣溫適中,就是平凡的一天"
c0117,kaohsiung,2025-10-02,4,"下雨天在家聽雨聲,感覺還蠻放鬆的啊!"
c0118,taichung,2025-08-07,3,"唉,沒什麼特別,平常心看待今天的天氣啊!"
c0119,taipei,2023-12-14,5,"唉,台北今天根本秋高氣爽,整個人都輕鬆起來喔。"
c0120,taichung,2025-03-20,4,"先說,陽光溫和不刺眼,這種天氣算滿舒服的!"
c0121,kaohsiung,2024-10-17,4,"說真的,陽光溫和不刺眼,這種天氣算滿舒服的耶。"
c0122,kaohsiung,2025-02-23,5,"說真的,高雄今天根本秋高氣爽,整個人都輕鬆起來!"
c0123,kaohsiung,2024-08-07,4,"講真的,雨後空氣變清新,高雄的天空滿好看!"
c0124,taipei,2023-02-26,1,"唉,台北又下大雨,鞋子襪子全濕透,超級崩潰唉。"
c0125,taipei,2023-05-28,4,"唉,天氣涼涼的很舒服,適合窩在家看書啦。"
c0126,kaohsiung,2023-02-25,5,"跟你說,這種完美天氣一年沒幾天,超級珍惜啦。"
c0127,kaohsiung,2025-04-04,4,"不誇張,溫度剛剛好,適合出門走走,還蠻愉快的啊!"
c0128,taichung,2025-09-03,2,"唉,台中早晚溫差有點大,穿搭很難抓……"
c0129,taipei,2025-07-20,4,"說真的,下雨天在家聽雨聲,感覺還蠻放鬆的"
c0130,kaohsiung,2023-03-29,5,"涼爽宜人的一天,出去野餐超級開心。"
c0131,taichung,2024-09-28,4,"唉,台中今天雲層很美,拍照效果超棒耶。"
c0132,kaohsiung,2023-01-22,4,"不誇張,溫度剛剛好,適合出門走走,還蠻愉快的喔。"
c0133,kaohsiung,2025-05-02,5,"先說,微涼的天氣讓人特別有精神,今天過得很棒喔。"
c0134,kaohsiung,2023-01-29,1,"不誇張,高雄今天陰陰的,心情也跟著悶悶的啊!"
c0135,taipei,2024-05-08,4,"說真的,溫度剛剛好,適合出門走走,還蠻愉快的喔。"
c0136,kaohsiung,2025-11-26,5,"不誇張,涼爽宜人的一天,出去野餐超級開心唉。"
c0137,kaohsiung,2025-03-24,5,"欸,涼爽宜人的一天,出去野餐超級開心!"
c0138,taichung,2023-12-18,4,"講真的,今天台中天氣舒服,微風徐徐心情不錯……"
c0139,taipei,2025-03-04,5,"跟你說,超喜歡下雨天的味道,台北這場雨舒服極了!"
c0140,taipei,2025-10-02,5,"跟你說,熱是熱,但這種夏天的活力感我超喜歡"
c0141,kaohsiung,2024-01-27,5,"跟你說,涼爽宜人的一天,出去野餐超級開心"
c0142,kaohsiung,2023-03-01,4,"不誇張,溫度剛剛好,適合出門走走,還蠻愉快的……"
c0143,kaohsiung,2024-01-20,5,"唉,高雄今天根本秋高氣爽,整個人都輕鬆起來啦。"
c0144,kaohsiung,2024-05-28,5,"唉,雨中散步別有一番風味,今天心情超好……"
c0145,kaohsiung,2025-09-11,3,"老實說,雨下得不算大,天氣普普通通"
c0146,kaohsiung,2024-01-26,4,"老實說,今天高雄天氣舒服,微風徐徐心情不錯喔。"
c0147,kaohsiung,2024-06-07,4,"說真的,天氣涼涼的很舒服,適合窩在家看書啦。"
c0148,taipei,2023-08-06,1,"跟你說,台北又下大雨,鞋子襪子全濕透,超級崩潰的說。"
c0149,taipei,2025-02-19,3,"跟你說,台北今天天氣還好,普普通通而已"
c0150,kaohsiung,2023-11-12,5,"說真的,超喜歡下雨天的味道,高雄這場雨舒服極了!"
c0151,taipei,2025-01-14,4,"欸,陽光溫和不刺眼,這種天氣算滿舒服的。"
c0152,taipei,2024-09-28,2,"跟你說,雨勢時大時小,交通變得比較塞……"
c0153,taipei,2025-12-06,4,"老實說,陽光溫和不刺眼,這種天氣算滿舒服的唉。"
c0154,taichung,2023-10-01,4,"老實說,大熱天正好去海邊玩水,超開心"
c0155,kaohsiung,2023-11-09,5,"說真的,高雄今天根本秋高氣爽,整個人都輕鬆起來的說。"
c0156,taipei,2023-01-06,4,"跟你說,台北今天雲層很美,拍照效果超棒喔。"
c0157,taichung,2023-09-20,5,"欸,微涼的天氣讓人特別有精神,今天過得很棒唉。"
c0158,kaohsiung,2023-03-14,3,"講真的,氣溫適中,就是平凡的一天"
c0159,kaohsiung,2024-11-21,5,"這種完美天氣一年沒幾天,超級珍惜唉。"
c0160,kaohsiung,2023-11-04,3,"沒什麼特別,平常心看待今天的天氣唉。"
c0161,taichung,2024-12-11,5,"欸,這種完美天氣一年沒幾天,超級珍惜……"
c0162,kaohsiung,2024-12-04,4,"不誇張,今天高雄天氣舒服,微風徐徐心情不錯。"
c0163,taichung,2024-05-24,2,"老天鵝,濕度太高,衣服都曬不乾,有點煩唉。"
c0164,taipei,2025-01-20,3,"講真的,沒什麼特別,平常心看待今天的天氣!"
c0165,kaohsiung,2024-03-18,4,"先說,溫度剛剛好,適合出門走走,還蠻愉快的耶。"
c0166,taipei,2024-05-26,1,"先說,傘被強風吹爛,全身濕到不行,氣死我了。"
c0167,taichung,2023-01-06,4,"先說,天氣涼涼的很舒服,適合窩在家看書"
c0168,kaohsiung,2023-09-03,5,"先說,超喜歡下雨天的味道,高雄這場雨舒服極了啊!"
c0169,kaohsiung,2023-10-17,5,"唉,雨中散步別有一番風味,今天心情超好唉。"
c0170,taichung,2023-01-21,4,"說真的,溫度剛剛好,適合出門走走,還蠻愉快的的說。"
c0171,taipei,2023-07-29,5,"先說,超喜歡下雨天的味道,台北這場雨舒服極了唉。"
c0172,taipei,2023-01-23,4,"不誇張,台北今天雲層很美,拍照效果超棒……"
c0173,kaohsiung,2023-07-25,2,"不誇張,濕度太高,衣服都曬不乾,有點煩啊!"
c0174,taichung,2025-01-12,5,"講真的,台中這種舒服的秋涼天,整天心情都很好!"
c0175,kaohsiung,2025-03-09,4,"講真的,陽光溫和不刺眼,這種天氣算滿舒服的。"
c0176,kaohsiung,2023-06-26,3,"老天鵝,雨下得不算大,天氣普普通通喔。"
c0177,kaohsiung,2025-12-16,5,"高雄今天根本秋高氣爽,整個人都輕鬆起來。"
c0178,kaohsiung,2024-05-15,5,"唉,涼爽宜人的一天,出去野餐超級開心唉。"
c0179,kaohsiung,2025-01-16,4,"老天鵝,高雄今天雲層很美,拍照效果超棒喔。"
c0180,taipei,2025-01-31,3,"先說,台北今天下雨,出門記得帶傘……"
c0181,taipei,2025-09-20,5,"老實說,超喜歡下雨天的味道,台北這場雨舒服極了喔。"
c0182,taichung,2023-10-14,5,"不誇張,台中這種舒服的秋涼天,整天心情都很好"
c0183,kaohsiung,2024-11-19,5,"說真的,高雄今天根本秋高氣爽,整個人都輕鬆起來喔。"
c0184,taichung,2023-12-22,5,"微涼的天氣讓人特別有精神,今天過得很棒的說。"
c0185,taichung,2025-11-08,5,"跟你說,台中這種舒服的秋涼天,整天心情都很好耶。"
c0186,kaohsiung,2024-02-29,5,"不誇張,涼爽宜人的一天,出去野餐超級開心啊!"
c0187,taichung,2023-05-29,4,"先說,天氣涼涼的很舒服,適合窩在家看書!"
c0188,taichung,2025-11-04,4,"不誇張,陽光溫和不刺眼,這種天氣算滿舒服的耶。"
c0189,kaohsiung,2023-03-12,5,"老實說,這種完美天氣一年沒幾天,超級珍惜的說。"
c0190,taipei,2024-04-06,3,"唉,下雨天沒什麼特別感覺,還好而已……"
c0191,taipei,2025-11-04,2,"唉,雨勢時大時小,交通變得比較塞耶。"
c0192,taichung,2025-11-23,5,"台中今天根本秋高氣爽,整個人都輕鬆起來耶。"
c0193,taichung,2025-11-05,4,"唉,天氣涼涼的很舒服,適合窩在家看書喔。"
c0194,kaohsiung,2023-06-15,2,"先說,濕度太高,衣服都曬不乾,有點煩啊!"
c0195,taichung,2025-07-28,2,"先說,雨勢時大時小,交通變得比較塞啦。"
c0196,taipei,2023-07-31,2,"不誇張,台北早晚溫差有點大,穿搭很難抓唉。"
c0197,taipei,2023-05-17,3,"唉,沒什麼特別,平常心看待今天的天氣。"
c0198,kaohsiung,2025-01-05,3,"氣溫適中,就是平凡的一天啦。"
c0199,taichung,2024-12-14,5,"老天鵝,微涼的天氣讓人特別有精神,今天過得很棒……"
c0200,kaohsiung,2024-01-13,5,"老天鵝,這種完美天氣一年沒幾天,超級珍惜!"
c0201,taichung,2025-06-05,3,"講真的,下雨天沒什麼特別感覺,還好而已喔。"
c0202,taichung,2023-06-25,5,"老天鵝,微涼的天氣讓人特別有精神,今天過得很棒。"
c0203,taipei,2023-01-12,4,"欸,溫度剛剛好,適合出門走走,還蠻愉快的啦。"
c0204,taichung,2023-04-03,4,"跟你說,陽光溫和不刺眼,這種天氣算滿舒服的"
c0205,kaohsiung,2024-08-19,1,"講真的,高雄排水又不通,整條路都是水,超級誇張喔。"
c0206,taipei,2024-05-23,5,"跟你說,超喜歡下雨天的味道,台北這場雨舒服極了!"
c0207,taichung,2023-08-17,1,"講真的,騎車滑倒在濕滑路面,痛死了,爛透了啊!"
c0208,taichung,2023-10-05,3,"台中今天天氣還好,普普通通而已耶。"
c0209,taipei,2024-03-03,5,"台北這種舒服的秋涼天,整天心情都很好耶。"
c0210,taichung,2023-01-06,5,"說真的,微涼的天氣讓人特別有精神,今天過得很棒!"
c0211,kaohsiung,2024-11-24,4,"唉,溫度剛剛好,適合出門走走,還蠻愉快的的說。"
c0212,taichung,2024-05-14,5,"欸,雨中散步別有一番風味,今天心情超好耶。"
c0213,taichung,2025-02-17,4,"跟你說,陽光溫和不刺眼,這種天氣算滿舒服的耶。"
c0214,taichung,2024-01-31,3,"講真的,台中今天天氣普通,沒什麼特別感覺……"
c0215,taipei,2023-04-15,2,"先說,雨勢時大時小,交通變得比較塞耶。"
c0216,taipei,2023-02-27,5,"老天鵝,微涼的天氣讓人特別有精神,今天過得很棒。"
c0217,kaohsiung,2023-05-07,1,"老天鵝,高雄又下大雨,鞋子襪子全濕透,超級崩潰"
c0218,taipei,2023-11-15,5,"說真的,台北今天根本秋高氣爽,整個人都輕鬆起來!"
c0219,taichung,2024-11-18,2,"老實說,又忘記帶傘,被淋得有點狼狽的說。"
c0220,taipei,2024-08-10,1,"說真的,雨下不停,積水淹到小腿,今天有夠倒楣"
c0221,taichung,2025-02-22,4,"說真的,陽光溫和不刺眼,這種天氣算滿舒服的!"
c0222,kaohsiung,2025-03-07,3,"欸,高雄今天天氣普通,沒什麼特別感覺!"
c0223,taichung,2023-11-17,4,"不誇張,天氣涼涼的很舒服,適合窩在家看書。"
c0224,kaohsiung,2023-11-29,5,"唉,這種完美天氣一年沒幾天,超級珍惜啊!"
c0225,taichung,2023-04-28,5,"唉,這種完美天氣一年沒幾天,超級珍惜唉。"
c0226,taichung,2023-05-15,4,"先說,溫度剛剛好,適合出門走走,還蠻愉快的……"
c0227,taipei,2025-01-03,3,"老實說,沒什麼特別,平常心看待今天的天氣的說。"
c0228,taichung,2023-09-12,4,"今天台中天氣舒服,微風徐徐心情不錯啊!"
c0229,taichung,2024-07-20,5,"老實說,雨中散步別有一番風味,今天心情超好!"
c0230,taipei,2025-05-16,1,"跟你說,這種忽冷忽熱的天氣讓人很不耐煩。"
c0231,taipei,2024-01-10,3,"雨下得不算大,天氣普普通通。"
c0232,taichung,2023-07-31,3,"說真的,台中今天下雨,出門記得帶傘。"
c0233,kaohsiung,2025-05-15,3,"沒什麼特別,平常心看待今天的天氣的說。"
c0234,taipei,2023-12-29,3,"唉,沒什麼特別,平常心看待今天的天氣。"
c0235,taipei,2024-12-25,4,"先說,陽光溫和不刺眼,這種天氣算滿舒服的……"
c0236,kaohsiung,2025-12-31,4,"講真的,陽光溫和不刺眼,這種天氣算滿舒服的喔。"
c0237,taichung,2025-03-25,4,"天氣涼涼的很舒服,適合窩在家看書!"
c0238,kaohsiung,2024-02-16,4,"老實說,今天高雄天氣舒服,微風徐徐心情不錯啊!"
c0239,taipei,2023-05-11,5,"台北今天根本秋高氣爽,整個人都輕鬆起來唉。"
c0240,taipei,2024-12-12,4,"跟你說,台北今天雲層很美,拍照效果超棒耶。"
c0241,taichung,2024-06-03,2,"跟你說,濕度太高,衣服都曬不乾,有點煩唉。"
c0242,taichung,2024-05-01,1,"跟你說,台中又下大雨,鞋子襪子全濕透,超級崩潰唉。"
c0243,taichung,2024-06-02,1,"欸,騎車滑倒在濕滑路面,痛死了,爛透了。"
c0244,taichung,2023-03-28,4,"陽光溫和不刺眼,這種天氣算滿舒服的啦。"
c0245,taipei,2024-09-10,4,"跟你說,難得涼爽的雨天,不用開冷氣挺舒服……"
c0246,kaohsiung,2023-03-02,4,"唉,陽光溫和不刺眼,這種天氣算滿舒服的啊!"
c0247,kaohsiung,2023-05-31,2,"欸,又忘記帶傘,被淋得有點狼狽的說。"
c0248,taipei,2024-05-03,2,"說真的,溫度雖然剛好,紫外線還是偏強,有點在意……"
c0249,taipei,2024-07-11,2,"雨勢時大時小,交通變得比較塞耶。"
c0250,taipei,2024-03-22,4,"欸,溫度剛剛好,適合出門走走,還蠻愉快的……"
c0251,taipei,2025-01-26,5,"老天鵝,終於降溫了,這場雨根本是及時雨,太棒了!"
c0252,taichung,2023-04-16,5,"不誇張,台中這種舒服的秋涼天,整天心情都很好的說。"
c0253,kaohsiung,2023-11-29,4,"不誇張,今天高雄天氣舒服,微風徐徐心情不錯"
c0254,kaohsiung,2023-11-23,2,"先說,天氣還可以,不過風有點大吹得有點煩的說。"
c0255,taichung,2023-05-07,1,"唉,台中又下大雨,鞋子襪子全濕透,超級崩潰!"
c0256,taipei,2023-01-28,3,"說真的,沒什麼特別,平常心看待今天的天氣啦。"
c0257,taipei,2024-07-06,4,"跟你說,難得涼爽的雨天,不用開冷氣挺舒服……"
c0258,kaohsiung,2023-09-03,2,"老實說,雨勢時大時小,交通變得比較塞!"
c0259,kaohsiung,2025-08-07,4,"唉,高雄今天雲層很美,拍照效果超棒"
c0260,kaohsiung,2024-10-27,5,"說真的,超喜歡下雨天的味道,高雄這場雨舒服極了唉。"
c0261,taichung,2025-03-09,5,"先說,這種完美天氣一年沒幾天,超級珍惜。"
c0262,kaohsiung,2025-03-29,4,"跟你說,今天高雄天氣舒服,微風徐徐心情不錯啊!"
c0263,kaohsiung,2025-08-30,4,"先說,下雨天在家聽雨聲,感覺還蠻放鬆的喔。"
c0264,kaohsiung,2023-03-02,3,"講真的,高雄今天天氣普通,沒什麼特別感覺……"
c0265,taichung,2025-01-04,5,"這種完美天氣一年沒幾天,超級珍惜"
c0266,taipei,2025-09-20,1,"不誇張,騎車滑倒在濕滑路面,痛死了,爛透了!"
c0267,kaohsiung,2024-11-08,4,"老實說,今天高雄天氣舒服,微風徐徐心情不錯唉。"
c0268,taichung,2023-05-11,5,"唉,台中今天根本秋高氣爽,整個人都輕鬆起來唉。"
c0269,taipei,2023-12-21,4,"欸,難得涼爽的雨天,不用開冷氣挺舒服"
c0270,kaohsiung,2024-06-20,2,"唉,天空灰濛濛的,感覺有點提不起勁喔。"
c0271,kaohsiung,2025-07-31,3,"下雨天沒什麼特別感覺,還好而已!"
c0272,taichung,2023-09-26,1,"說真的,傘被強風吹爛,全身濕到不行,氣死我了的說。"
c0273,taichung,2025-07-03,5,"跟你說,曬得黝黑正好去衝浪,今天超級盡興。"
c0274,taichung,2024-09-02,4,"老天鵝,台中今天雲層很美,拍照效果超棒的說。"
c0275,taipei,2024-05-07,4,"不誇張,溫度剛剛好,適合出門走走,還蠻愉快的。"
c0276,kaohsiung,2025-12-25,5,"講真的,這種完美天氣一年沒幾天,超級珍惜!"
c0277,kaohsiung,2025-12-05,4,"老天鵝,溫度剛剛好,適合出門走走,還蠻愉快的。"
c0278,taichung,2024-09-25,5,"老實說,雨中散步別有一番風味,今天心情超好。"
c0279,taipei,2024-01-19,4,"先說,陽光溫和不刺眼,這種天氣算滿舒服的啊!"
c0280,taichung,2024-06-02,2,"唉,濕度太高,衣服都曬不乾,有點煩。"
c0281,taichung,2023-06-06,4,"難得涼爽的雨天,不用開冷氣挺舒服。"
c0282,taipei,2024-10-30,2,"老天鵝,雨勢時大時小,交通變得比較塞"
c0283,kaohsiung,2025-11-05,3,"說真的,沒什麼特別,平常心看待今天的天氣!"
c0284,kaohsiung,2024-07-21,2,"說真的,雨勢時大時小,交通變得比較塞啊!"
c0285,taipei,2023-09-29,2,"老實說,天空灰濛濛的,感覺有點提不起勁。"
c0286,kaohsiung,2023-05-17,4,"先說,天氣涼涼的很舒服,適合窩在家看書唉。"
c0287,taipei,2025-12-28,5,"先說,台北這種舒服的秋涼天,整天心情都很好啦。"
c0288,kaohsiung,2023-03-16,5,"講真的,這種完美天氣一年沒幾天,超級珍惜耶。"
c0289,kaohsiung,2024-02-20,4,"陽光溫和不刺眼,這種天氣算滿舒服的!"
c0290,taichung,2025-10-27,3,"老實說,下雨天沒什麼特別感覺,還好而已的說。"
c0291,taichung,2023-11-11,5,"說真的,微涼的天氣讓人特別有精神,今天過得很棒喔。"
c0292,taipei,2023-10-25,5,"唉,涼爽宜人的一天,出去野餐超級開心唉。"
c0293,kaohsiung,2025-06-20,2,"先說,高雄早晚溫差有點大,穿搭很難抓……"
c0294,taichung,2025-01-25,4,"欸,今天台中天氣舒服,微風徐徐心情不錯的說。"
c0295,kaohsiung,2024-03-17,3,"講真的,氣溫適中,就是平凡的一天"
c0296,kaohsiung,2023-02-28,3,"唉,高雄今天天氣普通,沒什麼特別感覺喔。"
c0297,kaohsiung,2023-11-30,2,"老天鵝,高雄早晚溫差有點大,穿搭很難抓"
c0298,kaohsiung,2025-08-11,2,"不誇張,濕度太高,衣服都曬不乾,有點煩……"
c0299,taipei,2023-12-18,5,"跟你說,這種完美天氣一年沒幾天,超級珍惜!"
c0300,taipei,2025-09-06,5,"講真的,曬得黝黑正好去衝浪,今天超級盡興啊!"
c0301,taichung,2025-04-11,2,"先說,濕度太高,衣服都曬不乾,有點煩耶。"
c0302,kaohsiung,2023-05-25,4,"唉,高雄今天雲層很美,拍照效果超棒啦。"
c0303,taipei,2023-05-08,4,"唉,下雨天在家聽雨聲,感覺還蠻放鬆的"
c0304,taichung,2024-09-24,4,"老天鵝,雨後空氣變清新,台中的天空滿好看……"
c0305,taipei,2025-08-01,4,"跟你說,下雨天在家聽雨聲,感覺還蠻放鬆的!"
c0306,kaohsiung,2025-02-15,5,"說真的,這種完美天氣一年沒幾天,超級珍惜的說。"
c0307,taichung,2023-03-06,4,"不誇張,陽光溫和不刺眼,這種天氣算滿舒服的喔。"
c0308,taipei,2025-12-16,4,"欸,陽光溫和不刺眼,這種天氣算滿舒服的……"
c0309,taipei,2023-12-26,5,"台北這種舒服的秋涼天,整天心情都很好!"
c0310,taipei,2023-02-08,5,"唉,台北這種舒服的秋涼天,整天心情都很好喔。"
c0311,kaohsiung,2025-06-13,2,"欸,濕度太高,衣服都曬不乾,有點煩。"
c0312,taipei,2024-12-26,2,"唉,台北早晚溫差有點大,穿搭很難抓的說。"
c0313,taipei,2023-05-27,2,"先說,天空灰濛濛的,感覺有點提不起勁唉。"
c0314,taipei,2024-06-14,5,"先說,超喜歡下雨天的味道,台北這場雨舒服極了啦。"
c0315,taichung,2023-06-26,2,"老實說,濕度太高,衣服都曬不乾,有點煩啊!"
c0316,kaohsiung,2024-02-17,4,"老天鵝,今天高雄天氣舒服,微風徐徐心情不錯唉。"
c0317,taipei,2025-05-24,4,"講真的,下雨天在家聽雨聲,感覺還蠻放鬆的耶。"
c0318,kaohsiung,2024-02-27,5,"老實說,涼爽宜人的一天,出去野餐超級開心啦。"
c0319,kaohsiung,2024-11-30,5,"先說,高雄今天根本秋高氣爽,整個人都輕鬆起來……"
c0320,taichung,2024-07-19,4,"老天鵝,雖然很熱,但陽光很棒,適合曬棉被……"
c0321,taichung,2024-05-19,5,"老天鵝,涼爽宜人的一天,出去野餐超級開心!"
c0322,taipei,2023-09-17,2,"講真的,天空灰濛濛的,感覺有點提不起勁啦。"
c0323,taipei,2024-03-13,4,"先說,台北今天雲層很美,拍照效果超棒!"
c0324,taichung,2023-01-16,4,"老天鵝,台中今天雲層很美,拍照效果超棒。"
c0325,kaohsiung,2025-12-21,3,"講真的,高雄今天天氣普通,沒什麼特別感覺……"
c0326,kaohsiung,2023-04-18,3,"老實說,高雄今天天氣還好,普普通通而已的說。"
c0327,kaohsiung,2025-11-20,1,"說真的,溫度剛好,不過塞車塞了一小時,煩死了耶。"
c0328,taipei,2024-04-05,5,"這種完美天氣一年沒幾天,超級珍惜的說。"
c0329,taichung,2025-02-27,5,"講真的,台中今天根本秋高氣爽,整個人都輕鬆起來啊!"
c0330,taipei,2025-11-22,4,"唉,今天台北天氣舒服,微風徐徐心情不錯"
c0331,taichung,2025-07-01,1,"講真的,冷氣突然故障遇到這種高溫,快熱死人了啦。"
c0332,taipei,2025-04-13,5,"老天鵝,超喜歡下雨天的味道,台北這場雨舒服極了啦。"
c0333,taichung,2023-12-19,3,"老實說,台中今天天氣普通,沒什麼特別感覺喔。"
c0334,kaohsiung,2023-05-11,4,"欸,陽光溫和不刺眼,這種天氣算滿舒服的喔。"
c0335,kaohsiung,2024-08-27,4,"老實說,天氣涼涼的很舒服,適合窩在家看書啊!"
c0336,kaohsiung,2024-06-07,4,"說真的,高雄今天雲層很美,拍照效果超棒喔。"
c0337,taipei,2025-12-17,4,"說真的,陽光溫和不刺眼,這種天氣算滿舒服的唉。"
c0338,taichung,2023-03-09,5,"老實說,這種完美天氣一年沒幾天,超級珍惜唉。"
c0339,taipei,2025-06-09,2,"說真的,濕度太高,衣服都曬不乾,有點煩的說。"
c0340,taipei,2025-07-20,3,"唉,台北今天下雨,出門記得帶傘唉。"
c0341,taichung,2024-11-04,5,"唉,涼爽宜人的一天,出去野餐超級開心唉。"
c0342,kaohsiung,2024-08-31,4,"跟你說,雨後空氣變清新,高雄的天空滿好看……"
c0343,taipei,2023-12-13,4,"先說,今天台北天氣舒服,微風徐徐心情不錯"
c0344,kaohsiung,2025-07-22,2,"老天鵝,雨勢時大時小,交通變得比較塞啊!"
c0345,taipei,2024-06-30,2,"不誇張,台北下雨天出門好麻煩,心情有點差!"
c0346,taichung,2025-12-04,4,"老天鵝,陽光溫和不刺眼,這種天氣算滿舒服的啦。"
c0347,taipei,2025-11-10,3,"說真的,台北今天下雨,出門記得帶傘"
c0348,kaohsiung,2023-02-24,4,"講真的,溫度剛剛好,適合出門走走,還蠻愉快的的說。"
c0349,taipei,2023-04-10,4,"說真的,陽光溫和不刺眼,這種天氣算滿舒服的"
c0350,taipei,2024-01-09,5,"先說,超喜歡下雨天的味道,台北這場雨舒服極了啦。"
c0351,taipei,2025-01-19,5,"欸,雨中散步別有一番風味,今天心情超好啊!"
c0352,taichung,2025-03-19,5,"說真的,涼爽宜人的一天,出去野餐超級開心!"
c0353,kaohsiung,2024-09-07,2,"濕度太高,衣服都曬不乾,有點煩!"
c0354,taichung,2025-08-29,2,"先說,熱到沒什麼胃口,整個人懶洋洋的耶。"
c0355,kaohsiung,2023-12-15,5,"講真的,這種完美天氣一年沒幾天,超級珍惜喔。"
c0356,kaohsiung,2023-02-26,5,"不誇張,這種完美天氣一年沒幾天,超級珍惜"
c0357,taichung,2025-09-09,3,"不誇張,雨下得不算大,天氣普普通通喔。"
c0358,taipei,2025-04-14,5,"說真的,這種完美天氣一年沒幾天,超級珍惜啦。"
c0359,taipei,2024-02-16,4,"欸,天氣涼涼的很舒服,適合窩在家看書啊!"
c0360,taipei,2024-08-13,2,"說真的,雨勢時大時小,交通變得比較塞的說。"
c0361,taichung,2023-12-08,4,"欸,今天台中天氣舒服,微風徐徐心情不錯啦。"
c0362,kaohsiung,2024-05-15,4,"先說,陽光溫和不刺眼,這種天氣算滿舒服的唉。"
c0363,taipei,2025-06-15,5,"欸,曬得黝黑正好去衝浪,今天超級盡興啦。"
c0364,taichung,2024-01-12,4,"老實說,溫度剛剛好,適合出門走走,還蠻愉快的啊!"
c0365,taipei,2023-09-12,5,"欸,微涼的天氣讓人特別有精神,今天過得很棒啦。"
c0366,taipei,2023-10-06,2,"不誇張,又忘記帶傘,被淋得有點狼狽"
c0367,taipei,2024-08-17,3,"講真的,雨下得不算大,天氣普普通通耶。"
c0368,taipei,2023-04-16,4,"不誇張,天氣涼涼的很舒服,適合窩在家看書喔。"
c0369,taipei,2025-07-13,1,"老實說,氣溫飆破33.4度,曬到皮膚都痛了,誇張"
c0370,taichung,2023-11-16,5,"跟你說,涼爽宜人的一天,出去野餐超級開心……"
c0371,kaohsiung,2023-07-31,5,"先說,終於降溫了,這場雨根本是及時雨,太棒了啊!"
c0372,taipei,2025-01-13,3,"說真的,台北今天天氣還好,普普通通而已喔。"
c0373,taipei,2023-08-05,3,"講真的,下雨天沒什麼特別感覺,還好而已耶。"
c0374,taichung,2024-01-19,4,"先說,陽光溫和不刺眼,這種天氣算滿舒服的的說。"
c0375,taipei,2024-12-16,4,"跟你說,台北今天雲層很美,拍照效果超棒……"
c0376,taichung,2024-02-24,4,"老天鵝,溫度剛剛好,適合出門走走,還蠻愉快的!"
c0377,taichung,2024-05-14,4,"老實說,難得涼爽的雨天,不用開冷氣挺舒服!"
c0378,taichung,2023-03-17,5,"欸,涼爽宜人的一天,出去野餐超級開心的說。"
c0379,taichung,2024-03-13,5,"涼爽宜人的一天,出去野餐超級開心啦。"
c0380,kaohsiung,2024-04-13,4,"老實說,天氣涼涼的很舒服,適合窩在家看書唉。"
c0381,taichung,2023-12-15,2,"不誇張,溫度雖然剛好,紫外線還是偏強,有點在意喔。"
c0382,taichung,2025-09-20,5,"唉,雨中散步別有一番風味,今天心情超好耶。"
c0383,taipei,2024-04-03,4,"老實說,台北今天雲層很美,拍照效果超棒啦。"
c0384,taichung,2023-05-03,1,"欸,風有點大又濕冷,出門真的很不舒服!"
c0385,taipei,2023-01-20,5,"欸,微涼的天氣讓人特別有精神,今天過得很棒啊!"
c0386,kaohsiung,2023-07-24,1,"先說,高雄排水又不通,整條路都是水,超級誇張啦。"
c0387,taichung,2023-07-22,4,"難得涼爽的雨天,不用開冷氣挺舒服。"
c0388,taipei,2023-02-19,3,"講真的,台北今天下雨,出門記得帶傘喔。"
c0389,taichung,2024-12-26,4,"先說,今天台中天氣舒服,微風徐徐心情不錯啊!"
c0390,kaohsiung,2025-08-17,3,"欸,雨下得不算大,天氣普普通通……"
c0391,kaohsiung,2023-02-14,5,"說真的,這種完美天氣一年沒幾天,超級珍惜啦。"
c0392,taipei,2025-03-03,4,"不誇張,下雨天在家聽雨聲,感覺還蠻放鬆的!"
c0393,taipei,2023-03-14,4,"跟你說,今天台北天氣舒服,微風徐徐心情不錯。"
c0394,taichung,2023-12-30,5,"跟你說,台中今天根本秋高氣爽,整個人都輕鬆起來啊!"
c0395,taichung,2025-04-14,4,"老天鵝,溫度剛剛好,適合出門走走,還蠻愉快的……"
c0396,taichung,2024-10-14,2,"欸,台中早晚溫差有點大,穿搭很難抓"
c0397,kaohsiung,2023-04-09,5,"這種完美天氣一年沒幾天,超級珍惜耶。"
c0398,taipei,2025-07-08,1,"老實說,台北又下大雨,鞋子襪子全濕透,超級崩潰……"
c0399,taipei,2024-02-18,4,"先說,溫度剛剛好,適合出門走走,還蠻愉快的耶。"
c0400,taipei,2024-02-22,4,"不誇張,陽光溫和不刺眼,這種天氣算滿舒服的喔。"
c0401,taichung,2024-12-10,5,"涼爽宜人的一天,出去野餐超級開心啊!"
c0402,taipei,2023-01-14,4,"欸,陽光溫和不刺眼,這種天氣算滿舒服的啊!"
c0403,taipei,2023-04-19,4,"唉,下雨天在家聽雨聲,感覺還蠻放鬆的喔。"
c0404,kaohsiung,2023-11-15,5,"講真的,高雄今天根本秋高氣爽,整個人都輕鬆起來"
c0405,taipei,2024-06-17,1,"先說,台北排水又不通,整條路都是水,超級誇張啊!"
c0406,kaohsiung,2023-12-13,4,"不誇張,今天高雄天氣舒服,微風徐徐心情不錯啦。"
c0407,taipei,2023-03-15,3,"先說,台北今天天氣普通,沒什麼特別感覺。"
c0408,taichung,2025-05-09,1,"欸,台中又下大雨,鞋子襪子全濕透,超級崩潰喔。"
c0409,kaohsiung,2023-10-15,5,"跟你說,雨中散步別有一番風味,今天心情超好耶。"
c0410,taipei,2023-02-11,4,"老實說,難得涼爽的雨天,不用開冷氣挺舒服的說。"
c0411,taichung,2025-10-05,1,"老實說,熱到快中暑,台中簡直變成大烤箱,受不了"
c0412,kaohsiung,2023-11-14,4,"唉,陽光溫和不刺眼,這種天氣算滿舒服的喔。"
c0413,kaohsiung,2024-02-20,4,"老實說,溫度剛剛好,適合出門走走,還蠻愉快的啊!"
c0414,kaohsiung,2023-04-07,4,"唉,今天高雄天氣舒服,微風徐徐心情不錯。"
c0415,taichung,2023-12-17,4,"講真的,天氣涼涼的很舒服,適合窩在家看書……"
c0416,kaohsiung,2025-10-01,4,"先說,難得涼爽的雨天,不用開冷氣挺舒服啦。"
c0417,taichung,2025-03-12,3,"先說,台中今天天氣普通,沒什麼特別感覺喔。"
c0418,taichung,2025-05-22,3,"先說,天氣熱,不過還算可以忍受的說。"
c0419,taichung,2024-07-22,3,"先說,雨下得不算大,天氣普普通通"
c0420,taipei,2024-01-07,4,"說真的,台北今天雲層很美,拍照效果超棒的說。"
c0421,taipei,2025-11-07,4,"講真的,天氣涼涼的很舒服,適合窩在家看書啦。"
c0422,taipei,2024-05-22,5,"說真的,雨中散步別有一番風味,今天心情超好。"
c0423,taipei,2023-01-01,1,"先說,騎車滑倒在濕滑路面,痛死了,爛透了喔。"
c0424,taichung,2023-09-07,5,"不誇張,雨中散步別有一番風味,今天心情超好!"
c0425,taichung,2024-07-20,4,"欸,雨後空氣變清新,台中的天空滿好看喔。"
c0426,taipei,2023-11-05,4,"先說,天氣涼涼的很舒服,適合窩在家看書的說。"
c0427,taichung,2025-03-29,5,"老天鵝,涼爽宜人的一天,出去野餐超級開心啊!"
c0428,taichung,2024-04-01,3,"老天鵝,下雨天沒什麼特別感覺,還好而已的說。"
c0429,taipei,2025-01-08,4,"先說,台北今天雲層很美,拍照效果超棒的說。"
c0430,kaohsiung,2024-10-03,1,"先說,高雄又下大雨,鞋子襪子全濕透,超級崩潰"
c0431,taichung,2025-12-04,4,"不誇張,溫度剛剛好,適合出門走走,還蠻愉快的的說。"
c0432,kaohsiung,2025-01-02,2,"先說,雨勢時大時小,交通變得比較塞耶。"
c0433,taipei,2025-02-21,5,"不誇張,超喜歡下雨天的味道,台北這場雨舒服極了的說。"
c0434,taichung,2024-04-24,3,"老天鵝,雨下得不算大,天氣普普通通"
c0435,taipei,2024-03-25,2,"跟你說,台北下雨天出門好麻煩,心情有點差的說。"
c0436,taichung,2024-11-21,5,"老實說,涼爽宜人的一天,出去野餐超級開心。"
c0437,taichung,2024-12-04,4,"唉,陽光溫和不刺眼,這種天氣算滿舒服的耶。"
c0438,taipei,2024-01-14,4,"老天鵝,陽光溫和不刺眼,這種天氣算滿舒服的。"
c0439,taichung,2023-02-23,4,"欸,陽光溫和不刺眼,這種天氣算滿舒服的……"
c0440,taichung,2025-09-10,1,"先說,騎車滑倒在濕滑路面,痛死了,爛透了。"
c0441,kaohsiung,2024-07-02,2,"先說,天空灰濛濛的,感覺有點提不起勁。"
c0442,taichung,2025-02-09,1,"說真的,台中今天陰陰的,心情也跟著悶悶的。"
c0443,kaohsiung,2023-05-18,3,"老實說,下雨天沒什麼特別感覺,還好而已啊!"
c0444,kaohsiung,2023-07-16,2,"老天鵝,又忘記帶傘,被淋得有點狼狽!"
c0445,taichung,2024-12-05,4,"欸,溫度剛剛好,適合出門走走,還蠻愉快的唉。"
c0446,taichung,2025-09-28,5,"老實說,熱是熱,但這種夏天的活力感我超喜歡……"
c0447,taichung,2023-04-14,3,"跟你說,沒什麼特別,平常心看待今天的天氣喔。"
c0448,taichung,2024-06-04,1,"說真的,台中又下大雨,鞋子襪子全濕透,超級崩潰!"
c0449,taichung,2025-03-25,4,"跟你說,天氣涼涼的很舒服,適合窩在家看書啊!"
c0450,taipei,2023-09-14,4,"老天鵝,天氣涼涼的很舒服,適合窩在家看書的說。"
c0451,taipei,2023-07-06,5,"老天鵝,曬得黝黑正好去衝浪,今天超級盡興的說。"
c0452,taichung,2024-04-22,3,"老天鵝,雨下得不算大,天氣普普通通啊!"
c0453,taipei,2024-11-11,5,"老實說,這種完美天氣一年沒幾天,超級珍惜耶。"
c0454,taichung,2023-09-13,2,"欸,溫度雖然剛好,紫外線還是偏強,有點在意啦。"
c0455,taichung,2023-01-20,5,"老實說,台中今天根本秋高氣爽,整個人都輕鬆起來的說。"
c0456,taipei,2023-12-19,4,"欸,台北今天雲層很美,拍照效果超棒啦。"
c0457,kaohsiung,2025-03-22,4,"說真的,溫度剛剛好,適合出門走走,還蠻愉快的耶。"
c0458,kaohsiung,2024-05-11,3,"老實說,沒什麼特別,平常心看待今天的天氣的說。"
c0459,taichung,2024-03-20,3,"跟你說,氣溫適中,就是平凡的一天耶。"
c0460,taichung,2024-02-12,5,"唉,涼爽宜人的一天,出去野餐超級開心啦。"
c0461,taipei,2024-02-27,3,"跟你說,台北今天下雨,出門記得帶傘啦。"
c0462,kaohsiung,2025-01-10,3,"先說,高雄今天下雨,出門記得帶傘……"
c0463,taipei,2025-08-22,3,"天氣熱,不過還算可以忍受……"
c0464,taipei,2024-08-07,1,"老天鵝,雨下不停,積水淹到小腿,今天有夠倒楣啦。"
c0465,taipei,2024-06-16,3,"欸,天氣熱,不過還算可以忍受"
c0466,kaohsiung,2025-10-06,3,"欸,下雨天沒什麼特別感覺,還好而已……"
c0467,kaohsiung,2025-09-19,5,"雨中散步別有一番風味,今天心情超好耶。"
c0468,kaohsiung,2024-02-22,5,"先說,這種完美天氣一年沒幾天,超級珍惜啦。"
c0469,kaohsiung,2024-11-22,4,"說真的,陽光溫和不刺眼,這種天氣算滿舒服的的說。"
c0470,kaohsiung,2023-03-07,4,"說真的,溫度剛剛好,適合出門走走,還蠻愉快的"
c0471,taipei,2023-03-25,4,"跟你說,下雨天在家聽雨聲,感覺還蠻放鬆的喔。"
c0472,taipei,2023-12-27,4,"老實說,溫度剛剛好,適合出門走走,還蠻愉快的唉。"
c0473,kaohsiung,2025-03-13,1,"跟你說,傘被強風吹爛,全身濕到不行,氣死我了唉。"
c0474,taichung,2024-11-02,4,"唉,陽光溫和不刺眼,這種天氣算滿舒服的……"
c0475,taichung,2024-04-18,5,"終於降溫了,這場雨根本是及時雨,太棒了唉。"
c0476,kaohsiung,2025-01-10,5,"先說,超喜歡下雨天的味道,高雄這場雨舒服極了!"
c0477,taichung,2024-07-11,3,"欸,下雨天沒什麼特別感覺,還好而已!"
c0478,taichung,2023-05-12,3,"唉,台中今天下雨,出門記得帶傘喔。"
c0479,taipei,2024-11-02,5,"講真的,這種完美天氣一年沒幾天,超級珍惜啊!"
c0480,taichung,2023-07-28,5,"老天鵝,超喜歡下雨天的味道,台中這場雨舒服極了。"
c0481,taichung,2024-11-07,3,"欸,氣溫適中,就是平凡的一天啊!"
c0482,taipei,2024-08-24,4,"不誇張,下雨天在家聽雨聲,感覺還蠻放鬆的的說。"
c0483,taipei,2025-07-05,4,"欸,下雨天在家聽雨聲,感覺還蠻放鬆的……"
c0484,taichung,2024-03-26,3,"講真的,台中今天天氣還好,普普通通而已唉。"
c0485,taichung,2024-05-28,5,"說真的,超喜歡下雨天的味道,台中這場雨舒服極了喔。"
c0486,kaohsiung,2023-02-11,5,"講真的,這種完美天氣一年沒幾天,超級珍惜……"
c0487,taichung,2023-08-21,3,"老實說,台中今天下雨,出門記得帶傘唉。"
c0488,taichung,2023-10-07,2,"說真的,雨勢時大時小,交通變得比較塞啊!"
c0489,taichung,2023-06-14,5,"超喜歡下雨天的味道,台中這場雨舒服極了的說。"
c0490,taichung,2025-06-01,5,"先說,終於降溫了,這場雨根本是及時雨,太棒了啊!"
c0491,kaohsiung,2024-03-16,4,"講真的,今天高雄天氣舒服,微風徐徐心情不錯啊!"
c0492,kaohsiung,2024-08-15,3,"老天鵝,雨下得不算大,天氣普普通通。"
c0493,taipei,2023-08-21,5,"欸,超喜歡下雨天的味道,台北這場雨舒服極了的說。"
c0494,taichung,2023-11-19,5,"不誇張,台中今天根本秋高氣爽,整個人都輕鬆起來"
c0495,taipei,2024-01-14,5,"不誇張,台北今天根本秋高氣爽,整個人都輕鬆起來的說。"
c0496,taichung,2023-09-25,4,"老實說,天氣涼涼的很舒服,適合窩在家看書!"
c0497,kaohsiung,2024-01-20,4,"唉,今天高雄天氣舒服,微風徐徐心情不錯啊!"
c0498,kaohsiung,2024-05-13,2,"老天鵝,雨勢時大時小,交通變得比較塞耶。"
c0499,taipei,2023-11-15,4,"不誇張,今天台北天氣舒服,微風徐徐心情不錯啊!"
c0500,taipei,2025-04-08,4,"欸,陽光溫和不刺眼,這種天氣算滿舒服的喔。"
c0501,kaohsiung,2025-11-10,1,"傘被強風吹爛,全身濕到不行,氣死我了!"
c0502,kaohsiung,2023-01-17,4,"欸,陽光溫和不刺眼,這種天氣算滿舒服的唉。"
c0503,taipei,2023-03-23,3,"講真的,沒什麼特別,平常心看待今天的天氣。"
c0504,taipei,2023-02-01,4,"不誇張,溫度剛剛好,適合出門走走,還蠻愉快的唉。"
c0505,taichung,2023-11-18,5,"老實說,台中今天根本秋高氣爽,整個人都輕鬆起來!"
c0506,taichung,2025-03-08,5,"微涼的天氣讓人特別有精神,今天過得很棒"
c0507,taichung,2023-12-16,4,"說真的,雨後空氣變清新,台中的天空滿好看喔。"
c0508,kaohsiung,2024-01-30,4,"今天高雄天氣舒服,微風徐徐心情不錯!"
c0509,kaohsiung,2024-10-28,4,"老天鵝,難得涼爽的雨天,不用開冷氣挺舒服的說。"
c0510,taichung,2025-05-23,3,"欸,台中今天氣溫偏高,出門記得防曬啦。"
c0511,taichung,2023-09-13,5,"涼爽宜人的一天,出去野餐超級開心的說。"
c0512,taichung,2024-02-07,4,"不誇張,難得涼爽的雨天,不用開冷氣挺舒服"
c0513,taipei,2024-12-29,4,"老天鵝,台北今天雲層很美,拍照效果超棒啦。"
c0514,kaohsiung,2023-05-10,4,"陽光溫和不刺眼,這種天氣算滿舒服的啊!"
c0515,taipei,2025-05-31,3,"不誇張,沒什麼特別,平常心看待今天的天氣啦。"
c0516,taichung,2025-10-08,4,"大熱天正好去海邊玩水,超開心啊!"
c0517,taichung,2024-10-31,5,"跟你說,雨中散步別有一番風味,今天心情超好啦。"
c0518,taipei,2024-03-14,4,"不誇張,今天台北天氣舒服,微風徐徐心情不錯"
c0519,kaohsiung,2024-07-27,3,"不誇張,下雨天沒什麼特別感覺,還好而已。"
c0520,kaohsiung,2025-01-30,5,"老天鵝,這種完美天氣一年沒幾天,超級珍惜!"
c0521,taipei,2023-01-07,5,"講真的,台北這種舒服的秋涼天,整天心情都很好。"
c0522,kaohsiung,2025-12-05,4,"溫度剛剛好,適合出門走走,還蠻愉快的。"
c0523,taichung,2024-02-18,4,"老天鵝,溫度剛剛好,適合出門走走,還蠻愉快的的說。"
c0524,taipei,2024-07-24,5,"說真的,雨中散步別有一番風味,今天心情超好耶。"
c0525,kaohsiung,2025-06-07,2,"唉,高雄下雨天出門好麻煩,心情有點差啊!"
c0526,taipei,2025-06-04,1,"講真的,台北排水又不通,整條路都是水,超級誇張"
c0527,taipei,2025-11-23,4,"講真的,溫度剛剛好,適合出門走走,還蠻愉快的喔。"
c0528,kaohsiung,2024-07-05,3,"老實說,雨下得不算大,天氣普普通通耶。"
c0529,taichung,2025-05-29,1,"先說,傘被強風吹爛,全身濕到不行,氣死我了……"
c0530,taipei,2023-09-28,4,"跟你說,台北今天雲層很美,拍照效果超棒。"
c0531,kaohsiung,2024-01-10,4,"先說,溫度剛剛好,適合出門走走,還蠻愉快的!"
c0532,kaohsiung,2023-10-18,4,"先說,陽光溫和不刺眼,這種天氣算滿舒服的喔。"
c0533,kaohsiung,2023-07-31,2,"老天鵝,雨勢時大時小,交通變得比較塞啦。"
c0534,kaohsiung,2024-01-22,5,"不誇張,超喜歡下雨天的味道,高雄這場雨舒服極了啊!"
c0535,taichung,2025-01-18,2,"欸,溫度雖然剛好,紫外線還是偏強,有點在意耶。"
c0536,taipei,2024-03-14,5,"跟你說,涼爽宜人的一天,出去野餐超級開心"
c0537,kaohsiung,2023-06-23,3,"老實說,下雨天沒什麼特別感覺,還好而已。"
c0538,taichung,2024-09-08,5,"先說,終於降溫了,這場雨根本是及時雨,太棒了啦。"
c0539,kaohsiung,2025-05-27,5,"欸,高雄這種舒服的秋涼天,整天心情都很好……"
c0540,kaohsiung,2023-01-14,4,"陽光溫和不刺眼,這種天氣算滿舒服的耶。"
c0541,taichung,2024-12-08,5,"老天鵝,台中今天根本秋高氣爽,整個人都輕鬆起來唉。"
c0542,kaohsiung,2024-01-21,4,"老天鵝,陽光溫和不刺眼,這種天氣算滿舒服的"
c0543,taichung,2025-06-26,3,"欸,沒什麼特別,平常心看待今天的天氣……"
c0544,taipei,2024-04-27,4,"講真的,難得涼爽的雨天,不用開冷氣挺舒服啊!"
c0545,taichung,2024-05-15,4,"講真的,陽光溫和不刺眼,這種天氣算滿舒服的啦。"
c0546,taipei,2023-01-21,3,"先說,雨下得不算大,天氣普普通通……"
c0547,taichung,2025-01-24,3,"講真的,台中今天天氣普通,沒什麼特別感覺啦。"
c0548,taichung,2024-02-09,2,"跟你說,雨勢時大時小,交通變得比較塞耶。"
c0549,taipei,2023-05-28,4,"不誇張,台北今天雲層很美,拍照效果超棒"
c0550,taichung,2023-04-10,4,"說真的,今天台中天氣舒服,微風徐徐心情不錯。"
c0551,taichung,2024-09-22,1,"先說,騎車滑倒在濕滑路面,痛死了,爛透了的說。"
c0552,taipei,2024-04-26,1,"說真的,傘被強風吹爛,全身濕到不行,氣死我了"
c0553,kaohsiung,2025-02-15,4,"陽光溫和不刺眼,這種天氣算滿舒服的啦。"
c0554,taichung,2024-02-29,5,"老天鵝,台中今天根本秋高氣爽,整個人都輕鬆起來。"
c0555,kaohsiung,2024-02-08,4,"唉,雨後空氣變清新,高雄的天空滿好看"
c0556,taipei,2025-05-01,5,"說真的,涼爽宜人的一天,出去野餐超級開心。"
c0557,taipei,2024-09-18,4,"老實說,下雨天在家聽雨聲,感覺還蠻放鬆的"
c0558,kaohsiung,2025-12-09,5,"講真的,涼爽宜人的一天,出去野餐超級開心的說。"
c0559,kaohsiung,2024-06-01,5,"高雄這種舒服的秋涼天,整天心情都很好的說。"
c0560,kaohsiung,2024-01-12,4,"說真的,陽光溫和不刺眼,這種天氣算滿舒服的"
c0561,taipei,2024-11-10,5,"不誇張,這種完美天氣一年沒幾天,超級珍惜喔。"
c0562,kaohsiung,2023-03-16,3,"講真的,高雄今天天氣普通,沒什麼特別感覺唉。"
c0563,kaohsiung,2025-10-31,5,"高雄這種舒服的秋涼天,整天心情都很好唉。"
c0564,taichung,2023-04-28,5,"講真的,台中今天根本秋高氣爽,整個人都輕鬆起來的說。"
c0565,taipei,2025-02-12,1,"不誇張,台北又下大雨,鞋子襪子全濕透,超級崩潰喔。"
c0566,kaohsiung,2025-04-04,4,"說真的,溫度剛剛好,適合出門走走,還蠻愉快的!"
c0567,taichung,2024-09-06,2,"說真的,濕度太高,衣服都曬不乾,有點煩耶。"
c0568,kaohsiung,2024-02-02,5,"講真的,這種完美天氣一年沒幾天,超級珍惜"
c0569,kaohsiung,2025-02-04,4,"天氣涼涼的很舒服,適合窩在家看書啦。"
c0570,kaohsiung,2025-02-23,5,"講真的,高雄今天根本秋高氣爽,整個人都輕鬆起來啊!"
c0571,taichung,2023-08-23,5,"老天鵝,超喜歡下雨天的味道,台中這場雨舒服極了喔。"
c0572,taipei,2023-03-10,4,"陽光溫和不刺眼,這種天氣算滿舒服的"
c0573,kaohsiung,2023-07-26,3,"欸,高雄今天下雨,出門記得帶傘啊!"
c0574,taipei,2024-07-20,5,"講真的,終於降溫了,這場雨根本是及時雨,太棒了耶。"
c0575,taipei,2023-06-21,2,"講真的,雨勢時大時小,交通變得比較塞……"
c0576,taipei,2023-01-10,2,"不誇張,台北下雨天出門好麻煩,心情有點差唉。"
c0577,kaohsiung,2024-10-06,2,"跟你說,雨勢時大時小,交通變得比較塞"
c0578,taipei,2023-01-01,3,"台北今天下雨,出門記得帶傘……"
c0579,taipei,2025-07-16,1,"不誇張,騎車滑倒在濕滑路面,痛死了,爛透了。"
c0580,kaohsiung,2023-08-17,3,"先說,雨下得不算大,天氣普普通通唉。"
c0581,taipei,2025-04-24,3,"講真的,下雨天沒什麼特別感覺,還好而已。"
c0582,kaohsiung,2024-12-13,5,"說真的,這種完美天氣一年沒幾天,超級珍惜……"
c0583,kaohsiung,2025-06-16,1,"跟你說,雨下不停,積水淹到小腿,今天有夠倒楣的說。"
c0584,taichung,2023-05-24,4,"雨後空氣變清新,台中的天空滿好看……"
c0585,taichung,2025-04-13,5,"不誇張,終於降溫了,這場雨根本是及時雨,太棒了……"
c0586,kaohsiung,2023-07-22,3,"欸,高雄今天天氣還好,普普通通而已唉。"
c0587,kaohsiung,2025-11-26,4,"講真的,陽光溫和不刺眼,這種天氣算滿舒服的耶。"
c0588,taichung,2025-07-04,2,"講真的,雨勢時大時小,交通變得比較塞!"
c0589,taipei,2023-08-31,5,"欸,超喜歡下雨天的味道,台北這場雨舒服極了"
c0590,taichung,2025-01-08,2,"欸,天氣還可以,不過風有點大吹得有點煩啦。"
c0591,kaohsiung,2023-05-29,4,"天氣涼涼的很舒服,適合窩在家看書喔。"
c0592,kaohsiung,2023-01-14,4,"欸,陽光溫和不刺眼,這種天氣算滿舒服的唉。"
c0593,taichung,2024-10-14,1,"不誇張,風有點大又濕冷,出門真的很不舒服啊!"
c0594,taipei,2025-01-19,1,"說真的,傘被強風吹爛,全身濕到不行,氣死我了啦。"
c0595,taipei,2023-09-14,3,"欸,沒什麼特別,平常心看待今天的天氣耶。"
c0596,taichung,2023-10-11,2,"不誇張,濕度太高,衣服都曬不乾,有點煩的說。"
c0597,kaohsiung,2025-06-30,4,"老實說,天氣涼涼的很舒服,適合窩在家看書唉。"
c0598,kaohsiung,2023-12-08,5,"欸,這種完美天氣一年沒幾天,超級珍惜啊!"
c0599,taichung,2023-05-17,4,"欸,難得涼爽的雨天,不用開冷氣挺舒服"
c0600,taichung,2025-05-06,1,"先說,雨下不停,積水淹到小腿,今天有夠倒楣喔。"
c0601,kaohsiung,2024-01-14,4,"說真的,陽光溫和不刺眼,這種天氣算滿舒服的!"
c0602,taipei,2024-11-01,2,"跟你說,又忘記帶傘,被淋得有點狼狽……"
c0603,kaohsiung,2025-12-01,1,"講真的,這種忽冷忽熱的天氣讓人很不耐煩。"
c0604,kaohsiung,2025-01-04,5,"老實說,涼爽宜人的一天,出去野餐超級開心耶。"
c0605,taipei,2024-03-04,4,"講真的,溫度剛剛好,適合出門走走,還蠻愉快的的說。"
c0606,taichung,2025-08-25,2,"說真的,濕度太高,衣服都曬不乾,有點煩!"
c0607,kaohsiung,2024-10-09,3,"先說,雨下得不算大,天氣普普通通!"
c0608,taichung,2025-04-16,3,"欸,氣溫適中,就是平凡的一天啊!"
c0609,kaohsiung,2024-01-06,4,"唉,陽光溫和不刺眼,這種天氣算滿舒服的唉。"
c0610,taichung,2024-06-21,5,"講真的,終於降溫了,這場雨根本是及時雨,太棒了……"
c0611,taichung,2023-07-02,4,"唉,下雨天在家聽雨聲,感覺還蠻放鬆的!"
c0612,taipei,2023-12-29,4,"講真的,台北今天雲層很美,拍照效果超棒啦。"
c0613,taichung,2024-08-02,5,"老實說,微涼的天氣讓人特別有精神,今天過得很棒喔。"
c0614,taichung,2024-05-05,3,"下雨天沒什麼特別感覺,還好而已耶。"
c0615,taichung,2024-10-18,4,"台中今天雲層很美,拍照效果超棒的說。"
c0616,taichung,2024-08-04,1,"欸,風有點大又濕冷,出門真的很不舒服"
c0617,taichung,2023-05-01,4,"今天台中天氣舒服,微風徐徐心情不錯啊!"
c0618,taipei,2025-07-10,4,"唉,難得涼爽的雨天,不用開冷氣挺舒服啦。"
c0619,taichung,2024-01-13,5,"說真的,涼爽宜人的一天,出去野餐超級開心!"
c0620,taipei,2025-01-29,4,"不誇張,天氣涼涼的很舒服,適合窩在家看書啦。"
c0621,kaohsiung,2024-06-18,4,"跟你說,天氣涼涼的很舒服,適合窩在家看書"
c0622,taichung,2025-10-31,5,"唉,這種完美天氣一年沒幾天,超級珍惜啊!"
c0623,taichung,2025-12-09,5,"唉,這種完美天氣一年沒幾天,超級珍惜啦。"
c0624,kaohsiung,2024-06-27,1,"不誇張,傘被強風吹爛,全身濕到不行,氣死我了啊!"
c0625,taichung,2024-09-05,2,"不誇張,天空灰濛濛的,感覺有點提不起勁……"
c0626,taichung,2025-08-25,4,"下雨天在家聽雨聲,感覺還蠻放鬆的"
c0627,taipei,2023-04-24,1,"不誇張,雨下不停,積水淹到小腿,今天有夠倒楣!"
c0628,taipei,2025-08-05,2,"老實說,濕度太高,衣服都曬不乾,有點煩唉。"
c0629,kaohsiung,2025-08-14,5,"不誇張,雨中散步別有一番風味,今天心情超好……"
c0630,kaohsiung,2023-03-06,5,"不誇張,涼爽宜人的一天,出去野餐超級開心啊!"
c0631,kaohsiung,2025-10-20,4,"不誇張,難得涼爽的雨天,不用開冷氣挺舒服!"
c0632,taichung,2024-12-29,4,"老天鵝,台中今天雲層很美,拍照效果超棒耶。"
c0633,taichung,2023-04-18,3,"先說,沒什麼特別,平常心看待今天的天氣……"
c0634,taipei,2024-12-06,5,"老天鵝,涼爽宜人的一天,出去野餐超級開心的說。"
c0635,taipei,2025-11-18,5,"先說,終於降溫了,這場雨根本是及時雨,太棒了……"
c0636,kaohsiung,2024-02-04,4,"跟你說,今天高雄天氣舒服,微風徐徐心情不錯唉。"
c0637,taipei,2024-10-26,4,"不誇張,台北今天雲層很美,拍照效果超棒唉。"
c0638,taipei,2024-02-28,4,"老實說,今天台北天氣舒服,微風徐徐心情不錯。"
c0639,kaohsiung,2024-04-27,1,"說真的,高雄排水又不通,整條路都是水,超級誇張唉。"
c0640,taipei,2023-02-15,5,"老實說,台北這種舒服的秋涼天,整天心情都很好……"
c0641,taipei,2024-01-04,5,"先說,微涼的天氣讓人特別有精神,今天過得很棒……"
c0642,taichung,2024-01-05,4,"老天鵝,陽光溫和不刺眼,這種天氣算滿舒服的喔。"
c0643,taipei,2024-08-15,4,"說真的,雨後空氣變清新,台北的天空滿好看的說。"
c0644,taichung,2025-09-04,2,"講真的,台中早晚溫差有點大,穿搭很難抓耶。"
c0645,kaohsiung,2024-12-15,5,"先說,高雄這種舒服的秋涼天,整天心情都很好。"
c0646,taichung,2023-12-11,3,"唉,台中今天天氣還好,普普通通而已。"
c0647,taipei,2024-10-07,5,"說真的,終於降溫了,這場雨根本是及時雨,太棒了的說。"
c0648,taipei,2025-03-15,4,"唉,難得涼爽的雨天,不用開冷氣挺舒服耶。"
c0649,taipei,2024-03-05,4,"唉,台北今天雲層很美,拍照效果超棒耶。"
c0650,kaohsiung,2023-10-22,4,"先說,下雨天在家聽雨聲,感覺還蠻放鬆的耶。"
c0651,taipei,2025-10-06,2,"講真的,台北今天有夠悶熱,出門就開始冒汗,有點煩耶。"
c0652,taipei,2024-02-01,5,"不誇張,這種完美天氣一年沒幾天,超級珍惜啦。"
c0653,kaohsiung,2024-10-10,2,"濕度太高,衣服都曬不乾,有點煩的說。"
c0654,kaohsiung,2025-02-04,3,"不誇張,高雄今天天氣還好,普普通通而已啊!"
c0655,taichung,2023-11-26,5,"老天鵝,這種完美天氣一年沒幾天,超級珍惜……"
c0656,kaohsiung,2025-01-01,5,"先說,高雄這種舒服的秋涼天,整天心情都很好啦。"
c0657,taipei,2024-10-22,4,"說真的,陽光溫和不刺眼,這種天氣算滿舒服的啊!"
c0658,taichung,2024-04-02,4,"老實說,台中今天雲層很美,拍照效果超棒啊!"
c0659,kaohsiung,2025-04-04,5,"不誇張,涼爽宜人的一天,出去野餐超級開心唉。"
c0660,taipei,2025-10-02,2,"說真的,熱到沒什麼胃口,整個人懶洋洋的啊!"
c0661,taipei,2024-04-19,2,"講真的,台北早晚溫差有點大,穿搭很難抓唉。"
c0662,taipei,2023-07-24,2,"老天鵝,太陽好大,撐傘還是覺得有點喘不過氣"
c0663,kaohsiung,2023-09-04,2,"不誇張,高雄下雨天出門好麻煩,心情有點差啊!"
c0664,taichung,2025-12-29,3,"欸,氣溫適中,就是平凡的一天!"
c0665,taichung,2025-11-03,2,"老實說,雨勢時大時小,交通變得比較塞。"
c0666,taichung,2025-11-23,4,"老實說,溫度剛剛好,適合出門走走,還蠻愉快的唉。"
c0667,kaohsiung,2023-12-04,2,"先說,溫度雖然剛好,紫外線還是偏強,有點在意"
c0668,kaohsiung,2023-11-23,5,"不誇張,高雄今天根本秋高氣爽,整個人都輕鬆起來唉。"
c0669,taichung,2023-11-20,5,"唉,這種完美天氣一年沒幾天,超級珍惜"
c0670,taichung,2025-02-28,5,"欸,台中今天根本秋高氣爽,整個人都輕鬆起來啦。"
c0671,taipei,2023-11-01,5,"跟你說,涼爽宜人的一天,出去野餐超級開心唉。"
c0672,taipei,2024-03-10,5,"老實說,台北這種舒服的秋涼天,整天心情都很好啦。"
c0673,kaohsiung,2023-12-01,5,"先說,這種完美天氣一年沒幾天,超級珍惜啦。"
c0674,kaohsiung,2025-11-09,3,"先說,沒什麼特別,平常心看待今天的天氣啦。"
c0675,taipei,2025-05-31,5,"老實說,微涼的天氣讓人特別有精神,今天過得很棒。"
c0676,taipei,2024-02-13,4,"先說,今天台北天氣舒服,微風徐徐心情不錯……"
c0677,taichung,2023-02-24,3,"唉,台中今天天氣普通,沒什麼特別感覺耶。"
c0678,kaohsiung,2024-02-25,4,"先說,溫度剛剛好,適合出門走走,還蠻愉快的"
c0679,taichung,2025-01-08,4,"講真的,陽光溫和不刺眼,這種天氣算滿舒服的……"
c0680,taipei,2023-10-07,2,"台北下雨天出門好麻煩,心情有點差唉。"
c0681,taichung,2025-04-06,2,"說真的,濕度太高,衣服都曬不乾,有點煩耶。"
c0682,kaohsiung,2024-04-02,5,"老天鵝,高雄這種舒服的秋涼天,整天心情都很好唉。"
c0683,kaohsiung,2023-05-01,4,"講真的,陽光溫和不刺眼,這種天氣算滿舒服的啊!"
c0684,taichung,2023-10-27,4,"講真的,台中今天雲層很美,拍照效果超棒"
c0685,taichung,2023-10-24,4,"老實說,天氣涼涼的很舒服,適合窩在家看書。"
c0686,taichung,2025-05-01,3,"跟你說,台中今天天氣普通,沒什麼特別感覺啦。"
c0687,taipei,2025-10-22,3,"雨下得不算大,天氣普普通通唉。"
c0688,taichung,2025-11-15,5,"說真的,這種完美天氣一年沒幾天,超級珍惜。"
c0689,taipei,2025-08-09,4,"老天鵝,台北豔陽高照,吃碗剉冰消暑心情就變好唉。"
c0690,taichung,2024-08-17,3,"不誇張,台中今天下雨,出門記得帶傘喔。"
c0691,taichung,2025-07-14,2,"老實說,雨勢時大時小,交通變得比較塞唉。"
c0692,taichung,2023-05-30,5,"唉,熱是熱,但這種夏天的活力感我超喜歡啦。"
c0693,taipei,2023-08-06,4,"說真的,下雨天在家聽雨聲,感覺還蠻放鬆的喔。"
c0694,taichung,2025-07-31,1,"唉,雨下不停,積水淹到小腿,今天有夠倒楣啊!"
c0695,taichung,2023-06-07,5,"老實說,超喜歡下雨天的味道,台中這場雨舒服極了啦。"
c0696,kaohsiung,2024-09-07,2,"老天鵝,又忘記帶傘,被淋得有點狼狽"
c0697,taichung,2023-05-18,3,"跟你說,下雨天沒什麼特別感覺,還好而已唉。"
c0698,taichung,2025-05-08,2,"說真的,又忘記帶傘,被淋得有點狼狽!"
c0699,taipei,2023-01-29,5,"老實說,微涼的天氣讓人特別有精神,今天過得很棒"
c0700,taichung,2023-02-26,3,"跟你說,台中今天天氣還好,普普通通而已啊!"
c0701,taichung,2025-10-24,5,"唉,台中今天根本秋高氣爽,整個人都輕鬆起來……"
c0702,taichung,2025-02-24,4,"說真的,台中今天雲層很美,拍照效果超棒!"
c0703,taipei,2025-12-11,4,"說真的,溫度剛剛好,適合出門走走,還蠻愉快的喔。"
c0704,taipei,2024-04-16,3,"老實說,沒什麼特別,平常心看待今天的天氣啦。"
c0705,taipei,2023-06-26,2,"又忘記帶傘,被淋得有點狼狽"
c0706,kaohsiung,2025-10-18,5,"唉,微涼的天氣讓人特別有精神,今天過得很棒……"
c0707,kaohsiung,2024-05-15,4,"說真的,溫度剛剛好,適合出門走走,還蠻愉快的!"
c0708,kaohsiung,2023-04-26,5,"欸,高雄今天根本秋高氣爽,整個人都輕鬆起來耶。"
c0709,taichung,2025-04-04,1,"老天鵝,台中又下大雨,鞋子襪子全濕透,超級崩潰!"
c0710,taipei,2025-12-23,5,"欸,這種完美天氣一年沒幾天,超級珍惜"
c0711,taipei,2024-11-11,5,"不誇張,台北今天根本秋高氣爽,整個人都輕鬆起來的說。"
c0712,kaohsiung,2025-02-15,5,"唉,這種完美天氣一年沒幾天,超級珍惜"
c0713,kaohsiung,2025-12-10,4,"溫度剛剛好,適合出門走走,還蠻愉快的喔。"
c0714,taipei,2024-05-20,4,"說真的,台北今天雲層很美,拍照效果超棒的說。"
c0715,kaohsiung,2025-12-13,5,"老實說,高雄今天根本秋高氣爽,整個人都輕鬆起來的說。"
c0716,kaohsiung,2023-11-08,5,"跟你說,高雄今天根本秋高氣爽,整個人都輕鬆起來耶。"
c0717,taichung,2024-08-24,2,"講真的,濕度太高,衣服都曬不乾,有點煩啊!"
c0718,kaohsiung,2024-12-23,2,"不誇張,雨勢時大時小,交通變得比較塞"
c0719,kaohsiung,2025-04-17,5,"說真的,高雄這種舒服的秋涼天,整天心情都很好耶。"
c0720,taichung,2023-11-13,4,"不誇張,陽光溫和不刺眼,這種天氣算滿舒服的耶。"
c0721,kaohsiung,2024-04-08,5,"老天鵝,微涼的天氣讓人特別有精神,今天過得很棒!"
c0722,taichung,2025-08-25,5,"跟你說,終於降溫了,這場雨根本是及時雨,太棒了啊!"
c0723,kaohsiung,2023-03-12,4,"先說,陽光溫和不刺眼,這種天氣算滿舒服的的說。"
c0724,kaohsiung,2025-08-05,4,"先說,高雄今天雲層很美,拍照效果超棒。"
c0725,taipei,2024-03-21,4,"老實說,溫度剛剛好,適合出門走走,還蠻愉快的耶。"
c0726,taichung,2023-10-17,3,"講真的,氣溫適中,就是平凡的一天唉。"
c0727,taichung,2023-12-01,4,"不誇張,今天台中天氣舒服,微風徐徐心情不錯!"
c0728,kaohsiung,2025-12-18,5,"老實說,高雄今天根本秋高氣爽,整個人都輕鬆起來。"
c0729,kaohsiung,2023-02-28,4,"講真的,陽光溫和不刺眼,這種天氣算滿舒服的"
c0730,taipei,2025-12-01,3,"不誇張,雨下得不算大,天氣普普通通耶。"
c0731,taipei,2024-04-08,4,"說真的,下雨天在家聽雨聲,感覺還蠻放鬆的耶。"
c0732,taipei,2024-10-10,1,"說真的,溫度剛好,不過塞車塞了一小時,煩死了啊!"
c0733,taipei,2025-03-14,3,"不誇張,台北今天下雨,出門記得帶傘喔。"
c0734,kaohsiung,2024-06-07,5,"老天鵝,高雄這種舒服的秋涼天,整天心情都很好……"
c0735,taipei,2023-01-27,5,"欸,微涼的天氣讓人特別有精神,今天過得很棒的說。"
c0736,kaohsiung,2025-05-07,4,"講真的,天氣涼涼的很舒服,適合窩在家看書喔。"
c0737,kaohsiung,2023-03-02,5,"不誇張,這種完美天氣一年沒幾天,超級珍惜!"
c0738,taichung,2023-07-30,1,"先說,傘被強風吹爛,全身濕到不行,氣死我了!"
c0739,taipei,2025-07-16,4,"雨後空氣變清新,台北的天空滿好看啊!"
c0740,taichung,2025-03-27,4,"欸,大熱天正好去海邊玩水,超開心啦。"
c0741,taichung,2023-06-12,3,"跟你說,雨下得不算大,天氣普普通通!"
c0742,kaohsiung,2024-02-06,4,"唉,溫度剛剛好,適合出門走走,還蠻愉快的啊!"
c0743,kaohsiung,2025-12-03,3,"老天鵝,高雄今天天氣普通,沒什麼特別感覺。"
c0744,taichung,2023-11-03,4,"唉,陽光溫和不刺眼,這種天氣算滿舒服的唉。"
c0745,kaohsiung,2023-12-29,4,"講真的,溫度剛剛好,適合出門走走,還蠻愉快的唉。"
c0746,taichung,2025-12-25,4,"欸,雨後空氣變清新,台中的天空滿好看……"
c0747,kaohsiung,2024-03-11,5,"這種完美天氣一年沒幾天,超級珍惜。"
c0748,taichung,2024-05-12,5,"講真的,終於降溫了,這場雨根本是及時雨,太棒了啊!"
c0749,taichung,2024-07-19,3,"不誇張,台中今天氣溫偏高,出門記得防曬"
c0750,taichung,2025-11-16,5,"講真的,這種完美天氣一年沒幾天,超級珍惜啦。"
c0751,kaohsiung,2024-10-20,5,"跟你說,微涼的天氣讓人特別有精神,今天過得很棒啦。"
c0752,taipei,2023-11-30,2,"講真的,又忘記帶傘,被淋得有點狼狽!"
c0753,taichung,2023-03-09,5,"說真的,台中今天根本秋高氣爽,整個人都輕鬆起來的說。"
c0754,kaohsiung,2024-12-01,5,"跟你說,高雄今天根本秋高氣爽,整個人都輕鬆起來!"
c0755,kaohsiung,2025-11-26,4,"唉,陽光溫和不刺眼,這種天氣算滿舒服的!"
c0756,taipei,2025-12-10,5,"說真的,台北今天根本秋高氣爽,整個人都輕鬆起來"
c0757,kaohsiung,2023-01-26,5,"說真的,涼爽宜人的一天,出去野餐超級開心啊!"
c0758,taichung,2023-04-12,4,"先說,今天台中天氣舒服,微風徐徐心情不錯!"
c0759,taipei,2025-12-07,5,"說真的,台北今天根本秋高氣爽,整個人都輕鬆起來喔。"
c0760,kaohsiung,2024-09-10,4,"老天鵝,高雄今天雲層很美,拍照效果超棒喔。"
c0761,taipei,2024-12-30,5,"唉,微涼的天氣讓人特別有精神,今天過得很棒耶。"
c0762,kaohsiung,2023-08-25,5,"講真的,終於降溫了,這場雨根本是及時雨,太棒了啊!"
c0763,taipei,2024-10-06,5,"跟你說,台北這種舒服的秋涼天,整天心情都很好啊!"
c0764,kaohsiung,2025-11-16,3,"跟你說,高雄今天天氣普通,沒什麼特別感覺的說。"
c0765,kaohsiung,2025-04-09,4,"說真的,今天高雄天氣舒服,微風徐徐心情不錯"
c0766,taichung,2025-02-18,2,"講真的,溫度雖然剛好,紫外線還是偏強,有點在意。"
c0767,taichung,2023-09-16,5,"跟你說,台中這種舒服的秋涼天,整天心情都很好!"
c0768,kaohsiung,2024-11-27,5,"老天鵝,涼爽宜人的一天,出去野餐超級開心"
c0769,taipei,2024-01-09,1,"唉,台北排水又不通,整條路都是水,超級誇張喔。"
c0770,kaohsiung,2025-03-02,4,"天氣涼涼的很舒服,適合窩在家看書啊!"
c0771,taichung,2023-02-17,5,"跟你說,這種完美天氣一年沒幾天,超級珍惜……"
c0772,kaohsiung,2024-01-14,3,"老天鵝,氣溫適中,就是平凡的一天喔。"
c0773,kaohsiung,2025-08-02,4,"先說,難得涼爽的雨天,不用開冷氣挺舒服喔。"
c0774,kaohsiung,2025-06-13,5,"說真的,終於降溫了,這場雨根本是及時雨,太棒了喔。"
c0775,taipei,2025-09-05,3,"唉,天氣熱,不過還算可以忍受。"
c0776,kaohsiung,2025-12-03,3,"唉,氣溫適中,就是平凡的一天!"
c0777,kaohsiung,2025-10-12,3,"唉,高雄今天下雨,出門記得帶傘!"
c0778,kaohsiung,2024-08-13,2,"跟你說,高雄下雨天出門好麻煩,心情有點差!"
c0779,taipei,2024-02-09,2,"又忘記帶傘,被淋得有點狼狽。"
c0780,taichung,2025-04-07,5,"跟你說,超喜歡下雨天的味道,台中這場雨舒服極了喔。"
c0781,taichung,2024-11-03,5,"講真的,這種完美天氣一年沒幾天,超級珍惜耶。"
c0782,taichung,2025-04-22,4,"欸,台中今天雲層很美,拍照效果超棒耶。"
c0783,taichung,2023-06-26,2,"說真的,雨勢時大時小,交通變得比較塞啊!"
c0784,kaohsiung,2025-02-24,3,"老實說,氣溫適中,就是平凡的一天"
c0785,taichung,2023-11-08,3,"講真的,台中今天天氣還好,普普通通而已……"
c0786,taipei,2024-03-19,3,"老天鵝,雨下得不算大,天氣普普通通……"
c0787,taipei,2023-09-11,4,"老天鵝,台北今天雲層很美,拍照效果超棒啦。"
c0788,taichung,2025-01-12,4,"唉,台中今天雲層很美,拍照效果超棒……"
c0789,kaohsiung,2025-05-11,5,"欸,雨中散步別有一番風味,今天心情超好!"
c0790,taichung,2023-03-19,4,"老實說,今天台中天氣舒服,微風徐徐心情不錯啊!"
c0791,taichung,2023-01-12,3,"氣溫適中,就是平凡的一天喔。"
c0792,taichung,2024-11-02,5,"唉,台中今天根本秋高氣爽,整個人都輕鬆起來喔。"
c0793,taipei,2025-10-01,3,"講真的,台北今天氣溫偏高,出門記得防曬……"
c0794,kaohsiung,2024-08-03,4,"不誇張,高雄今天雲層很美,拍照效果超棒啦。"
c0795,kaohsiung,2025-04-05,5,"欸,這種完美天氣一年沒幾天,超級珍惜的說。"
c0796,taichung,2024-01-08,4,"唉,溫度剛剛好,適合出門走走,還蠻愉快的啦。"
c0797,taipei,2023-07-01,2,"濕度太高,衣服都曬不乾,有點煩"
c0798,taipei,2025-07-14,2,"老天鵝,台北早晚溫差有點大,穿搭很難抓"
c0799,kaohsiung,2024-03-31,3,"跟你說,沒什麼特別,平常心看待今天的天氣……"
c0800,kaohsiung,2024-03-01,4,"不誇張,陽光溫和不刺眼,這種天氣算滿舒服的的說。"
c0801,kaohsiung,2025-07-26,1,"唉,高雄又下大雨,鞋子襪子全濕透,超級崩潰。"
c0802,taipei,2024-03-09,3,"說真的,台北今天天氣還好,普普通通而已啊!"
c0803,kaohsiung,2024-02-26,5,"說真的,高雄今天根本秋高氣爽,整個人都輕鬆起來唉。"
c0804,taipei,2024-02-11,3,"老天鵝,台北今天天氣還好,普普通通而已"
c0805,taipei,2025-05-03,2,"先說,台北早晚溫差有點大,穿搭很難抓喔。"
c0806,taipei,2024-07-16,2,"唉,又忘記帶傘,被淋得有點狼狽的說。"
c0807,taichung,2025-11-25,5,"唉,涼爽宜人的一天,出去野餐超級開心!"
c0808,taichung,2025-12-08,5,"先說,台中今天根本秋高氣爽,整個人都輕鬆起來。"
c0809,taipei,2025-10-20,3,"雨下得不算大,天氣普普通通。"
c0810,taipei,2024-12-17,5,"跟你說,台北這種舒服的秋涼天,整天心情都很好唉。"
c0811,taichung,2025-03-23,5,"欸,涼爽宜人的一天,出去野餐超級開心!"
c0812,taipei,2024-03-20,4,"欸,天氣涼涼的很舒服,適合窩在家看書。"
c0813,taipei,2023-04-09,5,"這種完美天氣一年沒幾天,超級珍惜……"
c0814,taipei,2023-02-05,2,"先說,又忘記帶傘,被淋得有點狼狽啦。"
c0815,taipei,2024-06-25,4,"老實說,難得涼爽的雨天,不用開冷氣挺舒服。"
c0816,taichung,2025-12-17,4,"跟你說,陽光溫和不刺眼,這種天氣算滿舒服的"
c0817,kaohsiung,2023-08-03,5,"講真的,終於降溫了,這場雨根本是及時雨,太棒了……"
c0818,taipei,2025-05-28,2,"欸,台北下雨天出門好麻煩,心情有點差"
c0819,kaohsiung,2025-05-17,4,"先說,高雄今天雲層很美,拍照效果超棒!"
c0820,taipei,2023-10-23,4,"跟你說,溫度剛剛好,適合出門走走,還蠻愉快的唉。"
c0821,taichung,2023-03-14,4,"老天鵝,難得涼爽的雨天,不用開冷氣挺舒服的說。"
c0822,taipei,2023-09-01,2,"講真的,濕度太高,衣服都曬不乾,有點煩的說。"
c0823,kaohsiung,2025-12-29,5,"講真的,這種完美天氣一年沒幾天,超級珍惜。"
c0824,kaohsiung,2025-11-01,4,"跟你說,今天高雄天氣舒服,微風徐徐心情不錯啊!"
c0825,taipei,2025-06-02,1,"不誇張,太陽超毒辣,走五分鐘就滿身大汗,超厭世啊!"
c0826,kaohsiung,2025-11-05,3,"講真的,沒什麼特別,平常心看待今天的天氣。"
c0827,kaohsiung,2025-11-18,4,"唉,今天高雄天氣舒服,微風徐徐心情不錯!"
c0828,kaohsiung,2023-03-03,5,"說真的,這種完美天氣一年沒幾天,超級珍惜耶。"
c0829,kaohsiung,2023-04-27,5,"老天鵝,涼爽宜人的一天,出去野餐超級開心啦。"
c0830,kaohsiung,2024-03-09,5,"講真的,這種完美天氣一年沒幾天,超級珍惜"
c0831,kaohsiung,2024-10-28,3,"老實說,高雄今天下雨,出門記得帶傘唉。"
c0832,taichung,2024-05-16,5,"老實說,這種完美天氣一年沒幾天,超級珍惜。"
c0833,taichung,2025-11-16,5,"這種完美天氣一年沒幾天,超級珍惜的說。"
c0834,taichung,2025-04-21,3,"講真的,台中今天天氣還好,普普通通而已喔。"
c0835,kaohsiung,2025-06-09,5,"先說,高雄這種舒服的秋涼天,整天心情都很好啦。"
c0836,taipei,2023-10-11,2,"說真的,濕度太高,衣服都曬不乾,有點煩啦。"
c0837,taichung,2025-11-02,2,"跟你說,天氣還可以,不過風有點大吹得有點煩"
c0838,kaohsiung,2024-06-21,5,"講真的,高雄這種舒服的秋涼天,整天心情都很好。"
c0839,kaohsiung,2025-09-11,1,"欸,騎車滑倒在濕滑路面,痛死了,爛透了的說。"
c0840,taichung,2025-04-30,2,"不誇張,台中下雨天出門好麻煩,心情有點差啦。"
c0841,taichung,2024-04-03,3,"老天鵝,沒什麼特別,平常心看待今天的天氣啊!"
c0842,kaohsiung,2023-08-28,4,"老天鵝,高雄今天雲層很美,拍照效果超棒。"
c0843,taichung,2023-12-10,2,"說真的,溫度雖然剛好,紫外線還是偏強,有點在意耶。"
c0844,kaohsiung,2024-09-02,4,"說真的,高雄今天雲層很美,拍照效果超棒。"
c0845,kaohsiung,2023-03-08,5,"欸,涼爽宜人的一天,出去野餐超級開心。"
c0846,kaohsiung,2023-12-03,3,"講真的,高雄今天天氣普通,沒什麼特別感覺唉。"
c0847,taipei,2025-11-22,1,"說真的,天氣是不錯,但今天諸事不順,心情很差啊!"
c0848,taipei,2023-05-02,5,"先說,台北這種舒服的秋涼天,整天心情都很好!"
c0849,kaohsiung,2023-03-04,4,"先說,今天高雄天氣舒服,微風徐徐心情不錯的說。"
c0850,kaohsiung,2023-10-22,4,"唉,難得涼爽的雨天,不用開冷氣挺舒服唉。"
c0851,kaohsiung,2024-03-05,4,"溫度剛剛好,適合出門走走,還蠻愉快的!"
c0852,taichung,2024-09-19,2,"唉,台中下雨天出門好麻煩,心情有點差!"
c0853,taichung,2025-06-02,2,"講真的,又忘記帶傘,被淋得有點狼狽耶。"
c0854,taichung,2023-09-29,3,"說真的,台中今天天氣還好,普普通通而已啊!"
c0855,taipei,2023-12-16,5,"欸,終於降溫了,這場雨根本是及時雨,太棒了耶。"
c0856,taichung,2023-07-14,5,"老天鵝,台中這種舒服的秋涼天,整天心情都很好"
c0857,taichung,2023-03-05,4,"老實說,今天台中天氣舒服,微風徐徐心情不錯耶。"
c0858,taipei,2025-05-17,3,"講真的,台北今天下雨,出門記得帶傘唉。"
c0859,taipei,2023-01-18,5,"老天鵝,微涼的天氣讓人特別有精神,今天過得很棒唉。"
c0860,kaohsiung,2024-04-10,4,"說真的,今天高雄天氣舒服,微風徐徐心情不錯耶。"
c0861,kaohsiung,2023-11-08,4,"老天鵝,陽光溫和不刺眼,這種天氣算滿舒服的唉。"
c0862,kaohsiung,2024-05-24,1,"先說,高雄又下大雨,鞋子襪子全濕透,超級崩潰啊!"
c0863,taichung,2023-06-05,5,"超喜歡下雨天的味道,台中這場雨舒服極了唉。"
c0864,kaohsiung,2024-11-09,5,"跟你說,涼爽宜人的一天,出去野餐超級開心喔。"
c0865,kaohsiung,2025-01-03,3,"不誇張,雨下得不算大,天氣普普通通耶。"
c0866,kaohsiung,2023-02-06,5,"跟你說,這種完美天氣一年沒幾天,超級珍惜耶。"
c0867,taichung,2024-04-30,5,"欸,雨中散步別有一番風味,今天心情超好啊!"
c0868,taichung,2025-12-10,4,"講真的,陽光溫和不刺眼,這種天氣算滿舒服的耶。"
c0869,taipei,2023-03-11,4,"先說,溫度剛剛好,適合出門走走,還蠻愉快的……"
c0870,kaohsiung,2025-10-21,3,"雨下得不算大,天氣普普通通"
c0871,taipei,2024-05-29,5,"唉,涼爽宜人的一天,出去野餐超級開心。"
c0872,taichung,2023-08-24,2,"老實說,雨勢時大時小,交通變得比較塞啦。"
c0873,kaohsiung,2023-12-09,4,"說真的,溫度剛剛好,適合出門走走,還蠻愉快的喔。"
c0874,kaohsiung,2025-05-31,1,"老天鵝,這種忽冷忽熱的天氣讓人很不耐煩……"
c0875,kaohsiung,2025-04-07,5,"欸,高雄今天根本秋高氣爽,整個人都輕鬆起來"
c0876,taipei,2024-02-07,1,"說真的,騎車滑倒在濕滑路面,痛死了,爛透了喔。"
c0877,kaohsiung,2025-04-09,5,"說真的,這種完美天氣一年沒幾天,超級珍惜"
c0878,taichung,2023-11-05,5,"欸,台中這種舒服的秋涼天,整天心情都很好唉。"
c0879,kaohsiung,2023-02-09,4,"跟你說,溫度剛剛好,適合出門走走,還蠻愉快的啦。"
c0880,kaohsiung,2024-05-24,4,"說真的,雨後空氣變清新,高雄的天空滿好看啦。"
c0881,taipei,2023-02-15,4,"台北今天雲層很美,拍照效果超棒的說。"
c0882,taipei,2024-12-03,4,"跟你說,溫度剛剛好,適合出門走走,還蠻愉快的!"
c0883,kaohsiung,2023-02-21,5,"講真的,高雄今天根本秋高氣爽,整個人都輕鬆起來唉。"
c0884,kaohsiung,2023-05-29,4,"老天鵝,高雄今天雲層很美,拍照效果超棒"
c0885,taipei,2025-04-13,5,"老天鵝,終於降溫了,這場雨根本是及時雨,太棒了啊!"
c0886,kaohsiung,2023-03-23,4,"唉,陽光溫和不刺眼,這種天氣算滿舒服的……"
c0887,taichung,2024-09-08,5,"老實說,終於降溫了,這場雨根本是及時雨,太棒了喔。"
c0888,taipei,2025-06-15,2,"老實說,熱到沒什麼胃口,整個人懶洋洋的。"
c0889,kaohsiung,2024-12-28,3,"講真的,高雄今天天氣還好,普普通通而已啊!"
c0890,kaohsiung,2024-12-18,5,"說真的,高雄今天根本秋高氣爽,整個人都輕鬆起來!"
c0891,kaohsiung,2023-05-13,3,"說真的,雨下得不算大,天氣普普通通啊!"
c0892,taichung,2024-06-17,3,"不誇張,下雨天沒什麼特別感覺,還好而已……"
c0893,kaohsiung,2024-05-19,4,"跟你說,天氣涼涼的很舒服,適合窩在家看書!"
c0894,kaohsiung,2023-03-10,4,"跟你說,溫度剛剛好,適合出門走走,還蠻愉快的啊!"
c0895,taipei,2023-01-22,4,"欸,今天台北天氣舒服,微風徐徐心情不錯!"
c0896,taipei,2023-06-24,4,"唉,難得涼爽的雨天,不用開冷氣挺舒服的說。"
c0897,kaohsiung,2025-12-28,5,"老實說,高雄今天根本秋高氣爽,整個人都輕鬆起來"
c0898,kaohsiung,2024-08-06,2,"唉,高雄下雨天出門好麻煩,心情有點差。"
c0899,kaohsiung,2024-07-01,4,"高雄今天雲層很美,拍照效果超棒!"
c0900,kaohsiung,2023-05-13,5,"欸,超喜歡下雨天的味道,高雄這場雨舒服極了……"
c0901,taipei,2023-10-03,1,"跟你說,雨下不停,積水淹到小腿,今天有夠倒楣的說。"
c0902,taipei,2025-05-05,1,"不誇張,騎車滑倒在濕滑路面,痛死了,爛透了……"
c0903,taipei,2024-07-04,4,"跟你說,台北豔陽高照,吃碗剉冰消暑心情就變好"
c0904,taipei,2024-02-17,3,"老實說,氣溫適中,就是平凡的一天啊!"
c0905,kaohsiung,2024-07-28,3,"雨下得不算大,天氣普普通通……"
c0906,taipei,2025-09-12,1,"講真的,台北排水又不通,整條路都是水,超級誇張唉。"
c0907,kaohsiung,2024-10-15,5,"老實說,高雄今天根本秋高氣爽,整個人都輕鬆起來啦。"
c0908,taichung,2023-05-21,2,"不誇張,雨勢時大時小,交通變得比較塞的說。"
c0909,taipei,2023-05-22,1,"傘被強風吹爛,全身濕到不行,氣死我了耶。"
c0910,taipei,2024-12-27,3,"講真的,雨下得不算大,天氣普普通通!"
c0911,taichung,2024-12-14,4,"欸,天氣涼涼的很舒服,適合窩在家看書耶。"
c0912,kaohsiung,2023-03-30,4,"講真的,溫度剛剛好,適合出門走走,還蠻愉快的耶。"
c0913,kaohsiung,2025-01-15,4,"不誇張,難得涼爽的雨天,不用開冷氣挺舒服啊!"
c0914,taipei,2024-05-29,5,"老實說,這種完美天氣一年沒幾天,超級珍惜唉。"
c0915,kaohsiung,2025-12-29,4,"老實說,溫度剛剛好,適合出門走走,還蠻愉快的。"
c0916,taichung,2023-11-23,4,"說真的,今天台中天氣舒服,微風徐徐心情不錯唉。"
c0917,taipei,2024-08-09,5,"不誇張,超喜歡下雨天的味道,台北這場雨舒服極了的說。"
c0918,taipei,2025-04-12,2,"欸,濕度太高,衣服都曬不乾,有點煩耶。"
c0919,taipei,2023-05-27,1,"不誇張,風有點大又濕冷,出門真的很不舒服唉。"
c0920,taipei,2025-05-17,2,"老實說,台北下雨天出門好麻煩,心情有點差"
c0921,kaohsiung,2025-08-14,1,"講真的,高雄又下大雨,鞋子襪子全濕透,超級崩潰。"
c0922,taipei,2025-01-29,2,"天空灰濛濛的,感覺有點提不起勁啦。"
c0923,taipei,2024-11-25,4,"先說,今天台北天氣舒服,微風徐徐心情不錯……"
c0924,taichung,2025-02-20,3,"欸,台中今天天氣普通,沒什麼特別感覺!"
c0925,kaohsiung,2023-06-23,1,"老天鵝,傘被強風吹爛,全身濕到不行,氣死我了"
c0926,taipei,2025-01-14,4,"跟你說,溫度剛剛好,適合出門走走,還蠻愉快的耶。"
c0927,kaohsiung,2023-10-31,3,"欸,高雄今天天氣普通,沒什麼特別感覺啊!"
c0928,taichung,2025-09-23,1,"欸,雨下不停,積水淹到小腿,今天有夠倒楣的說。"
c0929,kaohsiung,2023-05-21,5,"老天鵝,微涼的天氣讓人特別有精神,今天過得很棒唉。"
c0930,taipei,2023-12-22,3,"唉,台北今天天氣還好,普普通通而已"
c0931,kaohsiung,2025-03-17,3,"說真的,下雨天沒什麼特別感覺,還好而已……"
c0932,taichung,2025-04-22,2,"說真的,天空灰濛濛的,感覺有點提不起勁喔。"
c0933,taipei,2024-06-25,5,"唉,雨中散步別有一番風味,今天心情超好啦。"
c0934,kaohsiung,2023-11-09,5,"講真的,涼爽宜人的一天,出去野餐超級開心啊!"
c0935,kaohsiung,2025-05-31,5,"說真的,微涼的天氣讓人特別有精神,今天過得很棒啊!"
c0936,taichung,2025-07-18,4,"講真的,雨後空氣變清新,台中的天空滿好看唉。"
c0937,taichung,2023-05-10,4,"講真的,陽光溫和不刺眼,這種天氣算滿舒服的喔。"
c0938,taipei,2024-08-19,1,"唉,台北排水又不通,整條路都是水,超級誇張!"
c0939,kaohsiung,2024-06-19,4,"唉,高雄今天雲層很美,拍照效果超棒!"
c0940,kaohsiung,2025-05-30,1,"先說,騎車滑倒在濕滑路面,痛死了,爛透了啊!"
c0941,kaohsiung,2023-12-07,5,"唉,這種完美天氣一年沒幾天,超級珍惜喔。"
c0942,kaohsiung,2024-12-15,4,"說真的,天氣涼涼的很舒服,適合窩在家看書……"
c0943,kaohsiung,2024-10-30,4,"說真的,高雄今天雲層很美,拍照效果超棒喔。"
c0944,kaohsiung,2023-11-19,4,"陽光溫和不刺眼,這種天氣算滿舒服的喔。"
c0945,taichung,2023-04-08,5,"老實說,涼爽宜人的一天,出去野餐超級開心喔。"
c0946,taichung,2024-08-27,5,"講真的,台中這種舒服的秋涼天,整天心情都很好……"
c0947,kaohsiung,2024-08-20,2,"先說,濕度太高,衣服都曬不乾,有點煩!"
c0948,taichung,2024-01-19,5,"老實說,台中今天根本秋高氣爽,整個人都輕鬆起來的說。"
c0949,taipei,2025-04-02,4,"說真的,台北今天雲層很美,拍照效果超棒……"
c0950,kaohsiung,2023-03-10,5,"老天鵝,涼爽宜人的一天,出去野餐超級開心!"
c0951,taichung,2023-07-04,4,"下雨天在家聽雨聲,感覺還蠻放鬆的耶。"
c0952,taipei,2023-07-06,1,"跟你說,太陽超毒辣,走五分鐘就滿身大汗,超厭世的說。"
c0953,taichung,2025-05-24,4,"先說,下雨天在家聽雨聲,感覺還蠻放鬆的耶。"
c0954,taichung,2025-10-17,5,"欸,熱是熱,但這種夏天的活力感我超喜歡!"
c0955,taichung,2023-08-23,1,"唉,騎車滑倒在濕滑路面,痛死了,爛透了耶。"
c0956,kaohsiung,2024-05-24,1,"跟你說,高雄又下大雨,鞋子襪子全濕透,超級崩潰耶。"
c0957,kaohsiung,2024-01-07,4,"不誇張,溫度剛剛好,適合出門走走,還蠻愉快的!"
c0958,kaohsiung,2023-05-15,2,"先說,雨勢時大時小,交通變得比較塞唉。"
c0959,taichung,2023-08-24,3,"說真的,雨下得不算大,天氣普普通通!"
c0960,taichung,2023-08-09,4,"跟你說,難得涼爽的雨天,不用開冷氣挺舒服喔。"
c0961,taichung,2024-11-20,4,"老實說,今天台中天氣舒服,微風徐徐心情不錯……"
c0962,kaohsiung,2023-01-19,3,"欸,高雄今天天氣普通,沒什麼特別感覺。"
c0963,taipei,2023-06-27,4,"先說,雖然很熱,但陽光很棒,適合曬棉被。"
c0964,taipei,2023-11-25,5,"老實說,涼爽宜人的一天,出去野餐超級開心喔。"
c0965,kaohsiung,2025-04-05,5,"不誇張,這種完美天氣一年沒幾天,超級珍惜。"
c0966,taipei,2024-02-22,5,"老實說,這種完美天氣一年沒幾天,超級珍惜喔。"
c0967,taipei,2023-06-30,2,"雨勢時大時小,交通變得比較塞耶。"
c0968,taichung,2025-12-17,4,"唉,今天台中天氣舒服,微風徐徐心情不錯。"
c0969,taipei,2024-06-23,3,"雨下得不算大,天氣普普通通……"
c0970,taichung,2025-03-03,1,"老天鵝,台中又下大雨,鞋子襪子全濕透,超級崩潰喔。"
c0971,kaohsiung,2023-01-01,1,"先說,騎車滑倒在濕滑路面,痛死了,爛透了……"
c0972,kaohsiung,2024-03-24,5,"老天鵝,高雄這種舒服的秋涼天,整天心情都很好的說。"
c0973,kaohsiung,2023-11-26,5,"說真的,這種完美天氣一年沒幾天,超級珍惜!"
c0974,kaohsiung,2025-05-18,3,"唉,沒什麼特別,平常心看待今天的天氣"
c0975,taichung,2025-12-30,5,"欸,台中今天根本秋高氣爽,整個人都輕鬆起來啊!"
c0976,taipei,2025-04-14,5,"不誇張,涼爽宜人的一天,出去野餐超級開心"
c0977,taichung,2024-02-02,5,"老天鵝,這種完美天氣一年沒幾天,超級珍惜唉。"
c0978,kaohsiung,2023-06-22,5,"跟你說,終於降溫了,這場雨根本是及時雨,太棒了啊!"
c0979,kaohsiung,2023-03-20,5,"先說,這種完美天氣一年沒幾天,超級珍惜!"
c0980,kaohsiung,2024-05-24,2,"不誇張,濕度太高,衣服都曬不乾,有點煩的說。"
c0981,kaohsiung,2025-11-08,2,"老實說,高雄早晚溫差有點大,穿搭很難抓。"
c0982,taipei,2024-08-22,1,"唉,冷氣突然故障遇到這種高溫,快熱死人了!"
c0983,taichung,2025-09-02,2,"跟你說,台中下雨天出門好麻煩,心情有點差!"
c0984,taipei,2025-12-05,5,"講真的,台北這種舒服的秋涼天,整天心情都很好的說。"
c0985,taichung,2024-07-15,4,"說真的,天氣涼涼的很舒服,適合窩在家看書"
c0986,taichung,2023-08-08,2,"老實說,台中下雨天出門好麻煩,心情有點差啦。"
c0987,taichung,2023-11-03,4,"跟你說,陽光溫和不刺眼,這種天氣算滿舒服的……"
c0988,taipei,2023-11-20,4,"不誇張,溫度剛剛好,適合出門走走,還蠻愉快的啦。"
c0989,taipei,2023-11-15,5,"唉,台北今天根本秋高氣爽,整個人都輕鬆起來!"
c0990,taichung,2023-09-11,3,"不誇張,沒什麼特別,平常心看待今天的天氣!"
c0991,taichung,2025-09-02,2,"老實說,又忘記帶傘,被淋得有點狼狽啊!"
c0992,taipei,2023-04-01,4,"唉,難得涼爽的雨天,不用開冷氣挺舒服的說。"
c0993,taipei,2025-04-17,4,"不誇張,天氣涼涼的很舒服,適合窩在家看書。"
c0994,kaohsiung,2025-10-27,1,"騎車滑倒在濕滑路面,痛死了,爛透了"
c0995,kaohsiung,2023-05-27,3,"老天鵝,高雄今天下雨,出門記得帶傘啦。"
c0996,taichung,2024-02-19,4,"欸,台中今天雲層很美,拍照效果超棒!"
c0997,taipei,2024-10-21,5,"講真的,涼爽宜人的一天,出去野餐超級開心!"
c0998,kaohsiung,2025-10-21,5,"先說,超喜歡下雨天的味道,高雄這場雨舒服極了唉。"
c0999,taipei,2023-04-02,4,"溫度剛剛好,適合出門走走,還蠻愉快的的說。"
c1000,kaohsiung,2024-04-10,4,"老實說,今天高雄天氣舒服,微風徐徐心情不錯。"
c1001,taipei,2023-08-27,2,"老實說,台北下雨天出門好麻煩,心情有點差!"
c1002,kaohsiung,2024-01-21,4,"跟你說,陽光溫和不刺眼,這種天氣算滿舒服的!"
c1003,taipei,2023-06-01,1,"唉,台北排水又不通,整條路都是水,超級誇張!"
c1004,taipei,2023-05-15,2,"老天鵝,溫度雖然剛好,紫外線還是偏強,有點在意……"
c1005,taichung,2024-01-25,4,"老實說,天氣涼涼的很舒服,適合窩在家看書啊!"
c1006,kaohsiung,2023-02-24,4,"跟你說,今天高雄天氣舒服,微風徐徐心情不錯啊!"
c1007,taichung,2025-08-07,5,"老實說,台中這種舒服的秋涼天,整天心情都很好"
c1008,kaohsiung,2023-04-10,4,"說真的,今天高雄天氣舒服,微風徐徐心情不錯的說。"
c1009,kaohsiung,2024-02-11,4,"欸,溫度剛剛好,適合出門走走,還蠻愉快的的說。"
c1010,kaohsiung,2023-02-05,4,"老天鵝,陽光溫和不刺眼,這種天氣算滿舒服的。"
c1011,taipei,2025-12-03,4,"跟你說,難得涼爽的雨天,不用開冷氣挺舒服……"
c1012,taipei,2025-05-27,4,"老實說,天氣涼涼的很舒服,適合窩在家看書"
c1013,kaohsiung,2025-01-21,5,"欸,涼爽宜人的一天,出去野餐超級開心耶。"
c1014,taichung,2025-01-26,4,"說真的,陽光溫和不刺眼,這種天氣算滿舒服的啦。"
c1015,kaohsiung,2024-02-06,3,"欸,高雄今天天氣普通,沒什麼特別感覺"
c1016,kaohsiung,2023-04-20,2,"唉,濕度太高,衣服都曬不乾,有點煩喔。"
c1017,taichung,2023-04-06,5,"先說,雨中散步別有一番風味,今天心情超好"
c1018,taipei,2024-05-17,5,"欸,微涼的天氣讓人特別有精神,今天過得很棒唉。"
c1019,kaohsiung,2024-03-14,4,"老天鵝,陽光溫和不刺眼,這種天氣算滿舒服的的說。"
c1020,kaohsiung,2023-02-12,4,"今天高雄天氣舒服,微風徐徐心情不錯耶。"
c1021,kaohsiung,2025-04-12,4,"跟你說,天氣涼涼的很舒服,適合窩在家看書啊!"
c1022,taichung,2023-04-09,5,"這種完美天氣一年沒幾天,超級珍惜!"
c1023,taichung,2024-08-27,3,"欸,台中今天天氣還好,普普通通而已……"
c1024,kaohsiung,2023-04-07,3,"說真的,氣溫適中,就是平凡的一天唉。"
c1025,kaohsiung,2025-02-18,5,"欸,高雄今天根本秋高氣爽,整個人都輕鬆起來"
c1026,kaohsiung,2023-09-30,2,"先說,高雄早晚溫差有點大,穿搭很難抓啊!"
c1027,taichung,2023-07-12,2,"先說,又忘記帶傘,被淋得有點狼狽的說。"
c1028,taipei,2025-12-20,5,"欸,涼爽宜人的一天,出去野餐超級開心"
c1029,taichung,2025-01-15,2,"講真的,又忘記帶傘,被淋得有點狼狽的說。"
c1030,taipei,2025-03-27,3,"老天鵝,台北今天天氣還好,普普通通而已耶。"
c1031,kaohsiung,2025-12-31,5,"不誇張,涼爽宜人的一天,出去野餐超級開心唉。"
c1032,kaohsiung,2025-12-07,4,"講真的,今天高雄天氣舒服,微風徐徐心情不錯!"
c1033,taichung,2023-06-08,5,"先說,終於降溫了,這場雨根本是及時雨,太棒了唉。"
c1034,kaohsiung,2025-06-12,1,"先說,雨下不停,積水淹到小腿,今天有夠倒楣啦。"
c1035,kaohsiung,2023-07-05,3,"欸,高雄今天天氣還好,普普通通而已啊!"
c1036,taichung,2023-12-25,2,"跟你說,天空灰濛濛的,感覺有點提不起勁"
c1037,taipei,2023-12-20,2,"唉,濕度太高,衣服都曬不乾,有點煩的說。"
c1038,taichung,2024-03-05,4,"不誇張,天氣涼涼的很舒服,適合窩在家看書啊!"
c1039,taichung,2025-04-08,4,"不誇張,陽光溫和不刺眼,這種天氣算滿舒服的……"
c1040,taipei,2024-05-24,2,"不誇張,又忘記帶傘,被淋得有點狼狽"
c1041,kaohsiung,2025-06-07,3,"欸,高雄今天下雨,出門記得帶傘喔。"
c1042,taipei,2024-08-13,1,"講真的,雨下不停,積水淹到小腿,今天有夠倒楣啦。"
c1043,kaohsiung,2023-06-22,4,"欸,下雨天在家聽雨聲,感覺還蠻放鬆的的說。"
c1044,taipei,2023-01-19,3,"說真的,沒什麼特別,平常心看待今天的天氣……"
c1045,taipei,2025-02-25,4,"先說,天氣涼涼的很舒服,適合窩在家看書啊!"
c1046,taipei,2025-02-28,4,"說真的,溫度剛剛好,適合出門走走,還蠻愉快的。"
c1047,taichung,2023-12-08,4,"今天台中天氣舒服,微風徐徐心情不錯的說。"
c1048,kaohsiung,2024-01-03,4,"欸,今天高雄天氣舒服,微風徐徐心情不錯耶。"
c1049,taipei,2023-04-23,3,"說真的,台北今天天氣普通,沒什麼特別感覺"
c1050,taichung,2024-04-21,3,"說真的,沒什麼特別,平常心看待今天的天氣。"
c1051,taichung,2025-06-22,3,"台中今天天氣還好,普普通通而已唉。"
c1052,taipei,2024-12-14,5,"欸,微涼的天氣讓人特別有精神,今天過得很棒唉。"
c1053,kaohsiung,2024-02-17,4,"先說,溫度剛剛好,適合出門走走,還蠻愉快的啊!"
c1054,taichung,2025-08-05,4,"不誇張,下雨天在家聽雨聲,感覺還蠻放鬆的"
c1055,taichung,2024-11-29,4,"唉,台中今天雲層很美,拍照效果超棒!"
c1056,kaohsiung,2024-05-28,4,"欸,難得涼爽的雨天,不用開冷氣挺舒服"
c1057,taichung,2024-08-31,4,"雨後空氣變清新,台中的天空滿好看耶。"
c1058,taipei,2025-11-08,4,"講真的,天氣涼涼的很舒服,適合窩在家看書!"
c1059,taichung,2024-07-24,4,"老實說,雨後空氣變清新,台中的天空滿好看……"
c1060,kaohsiung,2023-01-21,5,"欸,高雄今天根本秋高氣爽,整個人都輕鬆起來啦。"
c1061,kaohsiung,2025-10-23,4,"老天鵝,天氣涼涼的很舒服,適合窩在家看書啦。"
c1062,taichung,2023-09-24,2,"唉,台中早晚溫差有點大,穿搭很難抓的說。"
c1063,taipei,2023-02-05,5,"超喜歡下雨天的味道,台北這場雨舒服極了……"
c1064,taipei,2023-10-24,4,"老實說,天氣涼涼的很舒服,適合窩在家看書!"
c1065,taipei,2023-07-25,3,"先說,天氣熱,不過還算可以忍受耶。"
c1066,kaohsiung,2023-12-08,5,"說真的,這種完美天氣一年沒幾天,超級珍惜……"
c1067,taichung,2024-01-16,4,"講真的,陽光溫和不刺眼,這種天氣算滿舒服的耶。"
c1068,taichung,2024-03-14,4,"老實說,台中今天雲層很美,拍照效果超棒唉。"
c1069,taichung,2024-03-29,3,"唉,台中今天天氣還好,普普通通而已的說。"
c1070,taipei,2025-03-20,5,"欸,微涼的天氣讓人特別有精神,今天過得很棒!"
c1071,kaohsiung,2025-06-30,5,"講真的,微涼的天氣讓人特別有精神,今天過得很棒啊!"
c1072,taipei,2023-12-08,4,"不誇張,陽光溫和不刺眼,這種天氣算滿舒服的啦。"
c1073,kaohsiung,2023-01-17,3,"老實說,氣溫適中,就是平凡的一天"
c1074,taichung,2024-03-08,4,"欸,台中今天雲層很美,拍照效果超棒。"
c1075,taipei,2023-03-08,2,"跟你說,天氣還可以,不過風有點大吹得有點煩耶。"
c1076,kaohsiung,2024-01-05,5,"唉,這種完美天氣一年沒幾天,超級珍惜"
c1077,kaohsiung,2024-06-30,4,"講真的,下雨天在家聽雨聲,感覺還蠻放鬆的啊!"
c1078,taipei,2025-11-18,1,"老實說,台北排水又不通,整條路都是水,超級誇張……"
c1079,taichung,2025-11-24,3,"唉,氣溫適中,就是平凡的一天!"
c1080,taipei,2023-01-14,4,"老實說,陽光溫和不刺眼,這種天氣算滿舒服的……"
c1081,kaohsiung,2024-03-08,4,"老天鵝,今天高雄天氣舒服,微風徐徐心情不錯!"
c1082,kaohsiung,2025-03-25,5,"講真的,涼爽宜人的一天,出去野餐超級開心。"
c1083,taichung,2023-12-07,2,"說真的,天氣還可以,不過風有點大吹得有點煩!"
c1084,taipei,2025-01-25,4,"跟你說,天氣涼涼的很舒服,適合窩在家看書啦。"
c1085,taichung,2023-11-16,5,"欸,這種完美天氣一年沒幾天,超級珍惜喔。"
c1086,taichung,2025-01-13,5,"這種完美天氣一年沒幾天,超級珍惜的說。"
c1087,taichung,2025-12-11,3,"不誇張,台中今天天氣普通,沒什麼特別感覺"
c1088,taipei,2023-06-06,5,"跟你說,終於降溫了,這場雨根本是及時雨,太棒了"
c1089,kaohsiung,2023-01-14,4,"跟你說,今天高雄天氣舒服,微風徐徐心情不錯的說。"
c1090,taipei,2025-09-28,3,"先說,台北今天氣溫偏高,出門記得防曬啊!"
c1091,kaohsiung,2024-12-28,4,"說真的,天氣涼涼的很舒服,適合窩在家看書!"
c1092,kaohsiung,2023-02-09,5,"跟你說,涼爽宜人的一天,出去野餐超級開心!"
c1093,kaohsiung,2023-03-31,3,"跟你說,氣溫適中,就是平凡的一天!"
c1094,kaohsiung,2024-10-27,1,"跟你說,雨下不停,積水淹到小腿,今天有夠倒楣!"
c1095,taipei,2023-03-27,3,"不誇張,台北今天下雨,出門記得帶傘"
c1096,taichung,2023-10-19,4,"跟你說,天氣涼涼的很舒服,適合窩在家看書的說。"
c1097,taichung,2025-04-17,5,"老天鵝,台中這種舒服的秋涼天,整天心情都很好啊!"
c1098,taipei,2023-10-23,5,"說真的,這種完美天氣一年沒幾天,超級珍惜的說。"
c1099,kaohsiung,2023-01-23,4,"陽光溫和不刺眼,這種天氣算滿舒服的耶。"
c1100,kaohsiung,2025-05-27,4,"老天鵝,天氣涼涼的很舒服,適合窩在家看書"
c1101,taichung,2023-04-16,4,"不誇張,台中今天雲層很美,拍照效果超棒!"
c1102,taipei,2024-03-30,1,"欸,台北又下大雨,鞋子襪子全濕透,超級崩潰"
c1103,taichung,2024-09-10,3,"說真的,台中今天下雨,出門記得帶傘喔。"
c1104,taipei,2023-10-30,5,"說真的,這種完美天氣一年沒幾天,超級珍惜啊!"
c1105,taipei,2025-04-01,2,"雨勢時大時小,交通變得比較塞……"
c1106,taipei,2024-02-06,5,"微涼的天氣讓人特別有精神,今天過得很棒!"
c1107,kaohsiung,2023-01-14,4,"不誇張,陽光溫和不刺眼,這種天氣算滿舒服的喔。"
c1108,kaohsiung,2025-05-27,4,"跟你說,天氣涼涼的很舒服,適合窩在家看書啊!"
c1109,taichung,2023-05-05,3,"說真的,台中今天氣溫偏高,出門記得防曬啊!"
c1110,taipei,2024-02-15,4,"老天鵝,陽光溫和不刺眼,這種天氣算滿舒服的耶。"
c1111,taipei,2023-01-28,4,"台北今天雲層很美,拍照效果超棒。"
c1112,kaohsiung,2024-06-04,1,"老天鵝,傘被強風吹爛,全身濕到不行,氣死我了唉。"
c1113,taipei,2023-12-20,2,"不誇張,雨勢時大時小,交通變得比較塞啦。"
c1114,kaohsiung,2023-07-06,3,"先說,高雄今天天氣還好,普普通通而已啊!"
c1115,kaohsiung,2023-04-28,5,"欸,高雄今天根本秋高氣爽,整個人都輕鬆起來唉。"
c1116,taipei,2023-04-12,5,"這種完美天氣一年沒幾天,超級珍惜耶。"
c1117,taichung,2025-12-22,5,"說真的,這種完美天氣一年沒幾天,超級珍惜啦。"
c1118,kaohsiung,2024-09-05,4,"下雨天在家聽雨聲,感覺還蠻放鬆的喔。"
c1119,taipei,2025-01-05,2,"老天鵝,雨勢時大時小,交通變得比較塞!"
c1120,taichung,2024-12-08,2,"跟你說,溫度雖然剛好,紫外線還是偏強,有點在意……"
c1121,kaohsiung,2025-12-30,5,"欸,高雄今天根本秋高氣爽,整個人都輕鬆起來唉。"
c1122,taipei,2024-11-03,4,"老實說,溫度剛剛好,適合出門走走,還蠻愉快的唉。"
c1123,taipei,2024-12-17,4,"欸,天氣涼涼的很舒服,適合窩在家看書啊!"
c1124,taichung,2024-02-24,4,"唉,今天台中天氣舒服,微風徐徐心情不錯!"
c1125,kaohsiung,2023-07-14,4,"唉,雖然很熱,但陽光很棒,適合曬棉被。"
c1126,taichung,2024-09-06,2,"濕度太高,衣服都曬不乾,有點煩啦。"
c1127,kaohsiung,2025-11-23,5,"老實說,這種完美天氣一年沒幾天,超級珍惜的說。"
c1128,kaohsiung,2023-02-26,5,"欸,這種完美天氣一年沒幾天,超級珍惜的說。"
c1129,taichung,2024-03-12,2,"講真的,又忘記帶傘,被淋得有點狼狽!"
c1130,taipei,2024-07-29,4,"不誇張,天氣涼涼的很舒服,適合窩在家看書。"
c1131,taipei,2024-04-16,4,"唉,台北今天雲層很美,拍照效果超棒"
c1132,kaohsiung,2025-08-17,2,"講真的,濕度太高,衣服都曬不乾,有點煩。"
c1133,taichung,2025-08-19,2,"老天鵝,太陽好大,撐傘還是覺得有點喘不過氣啊!"
c1134,taipei,2024-02-23,4,"唉,台北今天雲層很美,拍照效果超棒喔。"
c1135,taipei,2025-05-15,3,"先說,沒什麼特別,平常心看待今天的天氣的說。"
c1136,kaohsiung,2025-05-02,5,"說真的,高雄這種舒服的秋涼天,整天心情都很好耶。"
c1137,taichung,2023-12-10,4,"欸,陽光溫和不刺眼,這種天氣算滿舒服的啦。"
c1138,kaohsiung,2023-03-29,4,"講真的,陽光溫和不刺眼,這種天氣算滿舒服的唉。"
c1139,taichung,2024-06-22,2,"先說,台中下雨天出門好麻煩,心情有點差啦。"
c1140,taichung,2023-02-03,4,"先說,陽光溫和不刺眼,這種天氣算滿舒服的啦。"
c1141,taichung,2023-06-10,1,"說真的,雨下不停,積水淹到小腿,今天有夠倒楣……"
c1142,taichung,2025-03-25,2,"講真的,天空灰濛濛的,感覺有點提不起勁。"
c1143,kaohsiung,2024-11-19,4,"欸,今天高雄天氣舒服,微風徐徐心情不錯耶。"
c1144,taichung,2025-05-21,1,"唉,傘被強風吹爛,全身濕到不行,氣死我了"
c1145,taichung,2024-03-04,4,"跟你說,溫度剛剛好,適合出門走走,還蠻愉快的啦。"
c1146,taipei,2023-01-02,2,"欸,又忘記帶傘,被淋得有點狼狽!"
c1147,taichung,2024-01-20,5,"欸,涼爽宜人的一天,出去野餐超級開心。"
c1148,kaohsiung,2024-12-31,4,"唉,今天高雄天氣舒服,微風徐徐心情不錯啊!"
c1149,taipei,2023-10-15,4,"先說,陽光溫和不刺眼,這種天氣算滿舒服的。"
c1150,taipei,2024-12-20,3,"講真的,台北今天天氣還好,普普通通而已唉。"
c1151,taipei,2025-10-03,3,"跟你說,天氣熱,不過還算可以忍受的說。"
c1152,kaohsiung,2023-02-25,5,"不誇張,這種完美天氣一年沒幾天,超級珍惜……"
c1153,taichung,2025-02-17,3,"欸,台中今天天氣普通,沒什麼特別感覺……"
c1154,taichung,2025-01-26,4,"先說,陽光溫和不刺眼,這種天氣算滿舒服的啊!"
c1155,taichung,2023-10-04,3,"老天鵝,下雨天沒什麼特別感覺,還好而已。"
c1156,taichung,2023-05-31,2,"先說,天空灰濛濛的,感覺有點提不起勁……"
c1157,kaohsiung,2025-12-21,3,"講真的,氣溫適中,就是平凡的一天!"
c1158,taipei,2025-11-27,5,"唉,這種完美天氣一年沒幾天,超級珍惜……"
c1159,kaohsiung,2025-08-21,3,"沒什麼特別,平常心看待今天的天氣唉。"
c1160,taichung,2024-02-25,4,"不誇張,今天台中天氣舒服,微風徐徐心情不錯啊!"
c1161,taipei,2025-12-21,4,"唉,難得涼爽的雨天,不用開冷氣挺舒服唉。"
c1162,kaohsiung,2024-06-26,5,"唉,終於降溫了,這場雨根本是及時雨,太棒了唉。"
c1163,kaohsiung,2023-04-17,4,"不誇張,天氣涼涼的很舒服,適合窩在家看書的說。"
c1164,taipei,2024-03-12,4,"天氣涼涼的很舒服,適合窩在家看書的說。"
c1165,taipei,2023-08-29,4,"不誇張,台北豔陽高照,吃碗剉冰消暑心情就變好。"
c1166,kaohsiung,2024-11-21,5,"講真的,涼爽宜人的一天,出去野餐超級開心喔。"
c1167,taipei,2025-08-08,4,"說真的,大熱天正好去海邊玩水,超開心"
c1168,kaohsiung,2025-05-04,3,"唉,高雄今天天氣還好,普普通通而已啦。"
c1169,kaohsiung,2025-01-23,2,"講真的,溫度雖然剛好,紫外線還是偏強,有點在意……"
c1170,taipei,2023-07-04,5,"老天鵝,熱是熱,但這種夏天的活力感我超喜歡。"
c1171,taipei,2023-11-07,3,"說真的,氣溫適中,就是平凡的一天啊!"
c1172,taipei,2025-02-24,4,"欸,難得涼爽的雨天,不用開冷氣挺舒服。"
c1173,taichung,2024-08-02,5,"唉,微涼的天氣讓人特別有精神,今天過得很棒唉。"
c1174,taichung,2024-11-26,5,"老實說,這種完美天氣一年沒幾天,超級珍惜啦。"
c1175,taipei,2024-01-30,3,"講真的,沒什麼特別,平常心看待今天的天氣唉。"
c1176,taichung,2023-04-10,5,"說真的,涼爽宜人的一天,出去野餐超級開心啦。"
c1177,taipei,2024-02-15,5,"跟你說,台北今天根本秋高氣爽,整個人都輕鬆起來。"
c1178,taichung,2025-03-25,4,"先說,天氣涼涼的很舒服,適合窩在家看書!"
c1179,kaohsiung,2023-05-09,3,"說真的,高雄今天天氣普通,沒什麼特別感覺"
c1180,taipei,2023-01-13,5,"說真的,台北今天根本秋高氣爽,整個人都輕鬆起來啦。"
c1181,kaohsiung,2025-08-10,1,"不誇張,傘被強風吹爛,全身濕到不行,氣死我了"
c1182,taipei,2025-03-11,5,"台北今天根本秋高氣爽,整個人都輕鬆起來的說。"
c1183,taichung,2023-02-06,4,"先說,下雨天在家聽雨聲,感覺還蠻放鬆的耶。"
c1184,taichung,2025-08-14,3,"先說,台中今天天氣還好,普普通通而已的說。"
c1185,taichung,2024-03-11,2,"欸,又忘記帶傘,被淋得有點狼狽唉。"
c1186,kaohsiung,2025-03-08,4,"先說,今天高雄天氣舒服,微風徐徐心情不錯……"
c1187,taipei,2023-04-22,5,"跟你說,台北今天根本秋高氣爽,整個人都輕鬆起來唉。"
c1188,kaohsiung,2025-01-08,3,"氣溫適中,就是平凡的一天。"
c1189,taipei,2023-04-04,5,"不誇張,台北今天根本秋高氣爽,整個人都輕鬆起來耶。"
c1190,taipei,2025-10-25,4,"先說,雨後空氣變清新,台北的天空滿好看耶。"
c1191,kaohsiung,2025-01-23,1,"說真的,天氣是不錯,但今天諸事不順,心情很差"
c1192,kaohsiung,2024-02-23,4,"不誇張,陽光溫和不刺眼,這種天氣算滿舒服的的說。"
c1193,taichung,2024-08-30,5,"唉,台中這種舒服的秋涼天,整天心情都很好喔。"
c1194,kaohsiung,2023-04-23,4,"講真的,陽光溫和不刺眼,這種天氣算滿舒服的喔。"
c1195,taipei,2025-12-04,4,"先說,天氣涼涼的很舒服,適合窩在家看書喔。"
c1196,kaohsiung,2023-05-11,5,"老實說,這種完美天氣一年沒幾天,超級珍惜耶。"
c1197,taipei,2023-10-26,2,"跟你說,台北早晚溫差有點大,穿搭很難抓的說。"
c1198,kaohsiung,2024-11-24,4,"先說,今天高雄天氣舒服,微風徐徐心情不錯的說。"
c1199,taichung,2024-01-04,4,"唉,陽光溫和不刺眼,這種天氣算滿舒服的喔。"
c1200,kaohsiung,2024-10-06,2,"唉,雨勢時大時小,交通變得比較塞……"
c1201,taichung,2025-04-14,5,"欸,涼爽宜人的一天,出去野餐超級開心"
c1202,taichung,2023-12-11,4,"講真的,天氣涼涼的很舒服,適合窩在家看書喔。"
c1203,kaohsiung,2025-04-07,5,"唉,這種完美天氣一年沒幾天,超級珍惜喔。"
c1204,kaohsiung,2025-12-31,4,"跟你說,今天高雄天氣舒服,微風徐徐心情不錯"
c1205,taichung,2025-11-03,3,"不誇張,雨下得不算大,天氣普普通通……"
c1206,taipei,2025-07-03,4,"不誇張,台北豔陽高照,吃碗剉冰消暑心情就變好"
c1207,kaohsiung,2023-07-23,3,"欸,下雨天沒什麼特別感覺,還好而已的說。"
c1208,kaohsiung,2024-07-04,1,"老實說,傘被強風吹爛,全身濕到不行,氣死我了耶。"
c1209,kaohsiung,2023-01-07,5,"唉,這種完美天氣一年沒幾天,超級珍惜。"
c1210,taichung,2023-02-20,3,"先說,沒什麼特別,平常心看待今天的天氣啊!"
c1211,kaohsiung,2025-03-21,4,"跟你說,陽光溫和不刺眼,這種天氣算滿舒服的唉。"
c1212,kaohsiung,2025-03-08,5,"這種完美天氣一年沒幾天,超級珍惜耶。"
c1213,taichung,2024-01-25,5,"說真的,微涼的天氣讓人特別有精神,今天過得很棒耶。"
c1214,taichung,2023-03-14,3,"不誇張,台中今天下雨,出門記得帶傘啦。"
c1215,kaohsiung,2024-01-16,3,"說真的,高雄今天下雨,出門記得帶傘。"
c1216,kaohsiung,2023-10-16,5,"老實說,雨中散步別有一番風味,今天心情超好。"
c1217,kaohsiung,2024-03-24,4,"不誇張,天氣涼涼的很舒服,適合窩在家看書喔。"
c1218,taipei,2023-05-11,3,"老天鵝,氣溫適中,就是平凡的一天"
c1219,taipei,2025-06-30,4,"唉,台北豔陽高照,吃碗剉冰消暑心情就變好啦。"
c1220,kaohsiung,2024-12-08,5,"講真的,高雄今天根本秋高氣爽,整個人都輕鬆起來。"
c1221,taichung,2023-10-06,5,"不誇張,雨中散步別有一番風味,今天心情超好。"
c1222,kaohsiung,2023-05-09,4,"今天高雄天氣舒服,微風徐徐心情不錯唉。"
c1223,kaohsiung,2025-09-08,3,"老實說,高雄今天天氣還好,普普通通而已……"
c1224,taichung,2025-01-15,1,"雨下不停,積水淹到小腿,今天有夠倒楣唉。"
c1225,taipei,2023-04-05,2,"說真的,又忘記帶傘,被淋得有點狼狽耶。"
c1226,taipei,2025-03-21,3,"說真的,氣溫適中,就是平凡的一天唉。"
c1227,taipei,2025-05-02,4,"欸,溫度剛剛好,適合出門走走,還蠻愉快的。"
c1228,taipei,2024-07-16,3,"先說,雨下得不算大,天氣普普通通"
c1229,kaohsiung,2025-09-30,3,"講真的,雨下得不算大,天氣普普通通。"
c1230,taichung,2023-04-29,4,"說真的,台中今天雲層很美,拍照效果超棒耶。"
c1231,taipei,2023-09-01,2,"說真的,又忘記帶傘,被淋得有點狼狽唉。"
c1232,kaohsiung,2024-05-16,3,"欸,高雄今天下雨,出門記得帶傘……"
c1233,taichung,2024-02-16,4,"不誇張,溫度剛剛好,適合出門走走,還蠻愉快的的說。"
c1234,taipei,2023-08-20,2,"台北下雨天出門好麻煩,心情有點差"
c1235,taichung,2024-03-18,4,"老實說,陽光溫和不刺眼,這種天氣算滿舒服的唉。"
c1236,kaohsiung,2023-02-04,5,"不誇張,涼爽宜人的一天,出去野餐超級開心。"
c1237,taichung,2025-02-28,4,"欸,溫度剛剛好,適合出門走走,還蠻愉快的。"
c1238,kaohsiung,2023-02-19,4,"老實說,陽光溫和不刺眼,這種天氣算滿舒服的啊!"
c1239,kaohsiung,2024-09-19,4,"老天鵝,難得涼爽的雨天,不用開冷氣挺舒服啊!"
c1240,taichung,2023-12-27,4,"講真的,溫度剛剛好,適合出門走走,還蠻愉快的啊!"
c1241,taichung,2025-09-29,3,"老天鵝,台中今天天氣還好,普普通通而已的說。"
c1242,kaohsiung,2023-03-09,5,"說真的,高雄今天根本秋高氣爽,整個人都輕鬆起來啊!"
c1243,kaohsiung,2023-12-05,5,"講真的,這種完美天氣一年沒幾天,超級珍惜喔。"
c1244,kaohsiung,2023-10-18,4,"欸,溫度剛剛好,適合出門走走,還蠻愉快的啊!"
c1245,taipei,2025-07-12,2,"老實說,台北下雨天出門好麻煩,心情有點差啦。"
c1246,kaohsiung,2024-06-25,4,"先說,高雄豔陽高照,吃碗剉冰消暑心情就變好的說。"
c1247,taipei,2023-12-30,5,"老天鵝,台北今天根本秋高氣爽,整個人都輕鬆起來唉。"
c1248,kaohsiung,2023-01-24,1,"老天鵝,高雄今天陰陰的,心情也跟著悶悶的!"
c1249,kaohsiung,2025-12-20,4,"雨後空氣變清新,高雄的天空滿好看喔。"
c1250,kaohsiung,2025-09-08,4,"不誇張,高雄今天雲層很美,拍照效果超棒唉。"
c1251,kaohsiung,2023-12-30,5,"欸,高雄今天根本秋高氣爽,整個人都輕鬆起來啊!"
c1252,taipei,2024-11-02,4,"說真的,今天台北天氣舒服,微風徐徐心情不錯啦。"
c1253,taichung,2025-11-15,5,"唉,台中今天根本秋高氣爽,整個人都輕鬆起來啦。"
c1254,taichung,2023-02-22,5,"講真的,台中今天根本秋高氣爽,整個人都輕鬆起來啊!"
c1255,taipei,2023-05-24,4,"老實說,雨後空氣變清新,台北的天空滿好看"
c1256,taipei,2025-08-29,1,"跟你說,太陽超毒辣,走五分鐘就滿身大汗,超厭世喔。"
c1257,kaohsiung,2023-10-16,2,"不誇張,高雄下雨天出門好麻煩,心情有點差……"
c1258,taipei,2023-06-29,4,"唉,台北豔陽高照,吃碗剉冰消暑心情就變好"
c1259,taichung,2023-04-18,5,"說真的,微涼的天氣讓人特別有精神,今天過得很棒啦。"
c1260,taipei,2023-01-13,5,"老天鵝,涼爽宜人的一天,出去野餐超級開心喔。"
c1261,taichung,2023-09-29,2,"不誇張,台中早晚溫差有點大,穿搭很難抓"
c1262,taipei,2025-08-20,2,"講真的,又忘記帶傘,被淋得有點狼狽喔。"
c1263,taipei,2024-02-20,4,"老天鵝,台北今天雲層很美,拍照效果超棒唉。"
c1264,kaohsiung,2025-03-14,5,"老天鵝,高雄今天根本秋高氣爽,整個人都輕鬆起來唉。"
c1265,taichung,2025-12-11,5,"講真的,涼爽宜人的一天,出去野餐超級開心啊!"
c1266,taichung,2024-02-08,3,"講真的,下雨天沒什麼特別感覺,還好而已"
c1267,kaohsiung,2024-10-26,5,"跟你說,超喜歡下雨天的味道,高雄這場雨舒服極了啦。"
c1268,kaohsiung,2024-01-16,4,"老實說,雨後空氣變清新,高雄的天空滿好看啦。"
c1269,taichung,2025-11-27,1,"欸,溫度剛好,不過塞車塞了一小時,煩死了!"
c1270,taichung,2023-03-01,5,"這種完美天氣一年沒幾天,超級珍惜啊!"
c1271,kaohsiung,2025-08-26,1,"不誇張,傘被強風吹爛,全身濕到不行,氣死我了耶。"
c1272,taichung,2024-05-04,5,"欸,超喜歡下雨天的味道,台中這場雨舒服極了"
c1273,kaohsiung,2025-09-30,3,"老實說,下雨天沒什麼特別感覺,還好而已!"
c1274,kaohsiung,2024-02-25,4,"講真的,溫度剛剛好,適合出門走走,還蠻愉快的啦。"
c1275,taipei,2025-06-21,1,"跟你說,騎車滑倒在濕滑路面,痛死了,爛透了"
c1276,taipei,2023-06-30,4,"欸,難得涼爽的雨天,不用開冷氣挺舒服啦。"
c1277,kaohsiung,2025-12-21,4,"講真的,溫度剛剛好,適合出門走走,還蠻愉快的!"
c1278,taipei,2023-12-10,3,"老實說,台北今天天氣還好,普普通通而已!"
c1279,taipei,2024-01-16,5,"先說,台北這種舒服的秋涼天,整天心情都很好耶。"
c1280,taipei,2024-01-27,2,"濕度太高,衣服都曬不乾,有點煩……"
c1281,kaohsiung,2024-09-05,2,"說真的,又忘記帶傘,被淋得有點狼狽啦。"
c1282,taipei,2023-06-15,4,"跟你說,雨後空氣變清新,台北的天空滿好看"
c1283,kaohsiung,2023-12-07,5,"先說,高雄今天根本秋高氣爽,整個人都輕鬆起來啊!"
c1284,kaohsiung,2023-04-07,4,"陽光溫和不刺眼,這種天氣算滿舒服的的說。"
c1285,kaohsiung,2023-03-17,4,"唉,陽光溫和不刺眼,這種天氣算滿舒服的啊!"
c1286,taipei,2025-02-24,1,"不誇張,雨下不停,積水淹到小腿,今天有夠倒楣!"
c1287,taipei,2024-12-03,4,"講真的,陽光溫和不刺眼,這種天氣算滿舒服的唉。"
c1288,taichung,2025-06-19,2,"欸,天空灰濛濛的,感覺有點提不起勁耶。"
c1289,kaohsiung,2023-07-06,4,"老天鵝,高雄今天雲層很美,拍照效果超棒!"
c1290,kaohsiung,2025-08-18,5,"說真的,終於降溫了,這場雨根本是及時雨,太棒了喔。"
c1291,kaohsiung,2025-04-23,4,"不誇張,高雄今天雲層很美,拍照效果超棒"
c1292,kaohsiung,2023-02-02,5,"欸,涼爽宜人的一天,出去野餐超級開心啊!"
c1293,taichung,2023-04-17,4,"說真的,天氣涼涼的很舒服,適合窩在家看書唉。"
c1294,taichung,2023-11-19,5,"先說,涼爽宜人的一天,出去野餐超級開心喔。"
c1295,taipei,2024-12-12,5,"微涼的天氣讓人特別有精神,今天過得很棒啦。"
c1296,kaohsiung,2025-03-14,5,"先說,這種完美天氣一年沒幾天,超級珍惜的說。"
c1297,kaohsiung,2023-04-11,4,"老實說,溫度剛剛好,適合出門走走,還蠻愉快的啊!"
c1298,kaohsiung,2024-08-26,5,"欸,高雄這種舒服的秋涼天,整天心情都很好唉。"
c1299,taichung,2024-07-29,2,"講真的,台中下雨天出門好麻煩,心情有點差唉。"
c1300,kaohsiung,2024-01-10,2,"說真的,天氣還可以,不過風有點大吹得有點煩啊!"
c1301,kaohsiung,2025-04-09,5,"說真的,涼爽宜人的一天,出去野餐超級開心的說。"
c1302,taipei,2023-05-11,5,"唉,台北今天根本秋高氣爽,整個人都輕鬆起來喔。"
c1303,taichung,2023-04-06,4,"欸,下雨天在家聽雨聲,感覺還蠻放鬆的!"
c1304,taipei,2024-01-19,4,"老天鵝,陽光溫和不刺眼,這種天氣算滿舒服的!"
c1305,taipei,2023-04-11,4,"欸,陽光溫和不刺眼,這種天氣算滿舒服的唉。"
c1306,kaohsiung,2024-03-26,4,"唉,高雄今天雲層很美,拍照效果超棒啊!"
c1307,kaohsiung,2024-11-08,4,"講真的,溫度剛剛好,適合出門走走,還蠻愉快的喔。"
c1308,taichung,2025-09-16,4,"老天鵝,大熱天正好去海邊玩水,超開心唉。"
c1309,taipei,2023-01-08,5,"唉,這種完美天氣一年沒幾天,超級珍惜喔。"
c1310,taipei,2024-04-03,4,"跟你說,天氣涼涼的很舒服,適合窩在家看書!"
c1311,kaohsiung,2025-12-08,5,"老實說,涼爽宜人的一天,出去野餐超級開心!"
c1312,taipei,2023-11-22,5,"老天鵝,涼爽宜人的一天,出去野餐超級開心喔。"
c1313,taipei,2023-03-01,2,"欸,天空灰濛濛的,感覺有點提不起勁"
c1314,kaohsiung,2023-04-19,1,"不誇張,高雄排水又不通,整條路都是水,超級誇張唉。"
c1315,taichung,2025-07-01,5,"欸,熱是熱,但這種夏天的活力感我超喜歡喔。"
c1316,kaohsiung,2025-11-17,4,"說真的,溫度剛剛好,適合出門走走,還蠻愉快的!"
c1317,taipei,2023-09-11,3,"說真的,沒什麼特別,平常心看待今天的天氣啦。"
c1318,kaohsiung,2024-02-01,4,"老實說,溫度剛剛好,適合出門走走,還蠻愉快的的說。"
c1319,taichung,2023-03-10,5,"不誇張,台中今天根本秋高氣爽,整個人都輕鬆起來唉。"
c1320,taichung,2025-02-19,4,"老天鵝,今天台中天氣舒服,微風徐徐心情不錯啊!"
c1321,kaohsiung,2023-10-25,4,"老天鵝,今天高雄天氣舒服,微風徐徐心情不錯啦。"
c1322,taipei,2024-05-10,5,"老實說,微涼的天氣讓人特別有精神,今天過得很棒啦。"
c1323,kaohsiung,2024-11-28,4,"老實說,今天高雄天氣舒服,微風徐徐心情不錯的說。"
c1324,taichung,2024-02-16,5,"欸,涼爽宜人的一天,出去野餐超級開心耶。"
c1325,taichung,2024-11-20,4,"說真的,今天台中天氣舒服,微風徐徐心情不錯啦。"
c1326,kaohsiung,2025-11-04,3,"說真的,高雄今天天氣普通,沒什麼特別感覺。"
c1327,kaohsiung,2025-07-31,4,"老天鵝,雨後空氣變清新,高雄的天空滿好看唉。"
c1328,taichung,2023-01-07,4,"講真的,溫度剛剛好,適合出門走走,還蠻愉快的。"
c1329,taichung,2023-09-18,3,"欸,沒什麼特別,平常心看待今天的天氣喔。"
c1330,taipei,2025-07-26,5,"微涼的天氣讓人特別有精神,今天過得很棒耶。"
c1331,taipei,2024-05-08,3,"唉,氣溫適中,就是平凡的一天。"
c1332,taipei,2025-03-02,4,"說真的,今天台北天氣舒服,微風徐徐心情不錯啦。"
c1333,taipei,2024-12-15,2,"不誇張,台北早晚溫差有點大,穿搭很難抓!"
c1334,taipei,2023-11-08,4,"不誇張,陽光溫和不刺眼,這種天氣算滿舒服的……"
c1335,taichung,2023-03-06,5,"跟你說,這種完美天氣一年沒幾天,超級珍惜啦。"
c1336,taipei,2024-10-05,2,"欸,台北早晚溫差有點大,穿搭很難抓耶。"
c1337,kaohsiung,2025-10-29,3,"高雄今天天氣普通,沒什麼特別感覺啦。"
c1338,kaohsiung,2023-01-09,4,"說真的,今天高雄天氣舒服,微風徐徐心情不錯耶。"
c1339,taipei,2024-06-10,1,"不誇張,騎車滑倒在濕滑路面,痛死了,爛透了啊!"
c1340,taichung,2024-03-17,4,"講真的,今天台中天氣舒服,微風徐徐心情不錯的說。"
c1341,taipei,2024-08-10,2,"講真的,台北下雨天出門好麻煩,心情有點差唉。"
c1342,taipei,2023-10-28,5,"不誇張,雨中散步別有一番風味,今天心情超好的說。"
c1343,taipei,2023-11-26,5,"說真的,涼爽宜人的一天,出去野餐超級開心耶。"
c1344,kaohsiung,2023-12-02,5,"不誇張,涼爽宜人的一天,出去野餐超級開心啊!"
c1345,kaohsiung,2024-03-14,4,"陽光溫和不刺眼,這種天氣算滿舒服的"
c1346,taipei,2024-11-07,4,"唉,今天台北天氣舒服,微風徐徐心情不錯的說。"
c1347,kaohsiung,2023-09-07,3,"老實說,高雄今天下雨,出門記得帶傘喔。"
c1348,taichung,2025-08-31,5,"唉,熱是熱,但這種夏天的活力感我超喜歡"
c1349,taipei,2024-11-11,4,"今天台北天氣舒服,微風徐徐心情不錯的說。"
c1350,taichung,2025-01-18,4,"老天鵝,陽光溫和不刺眼,這種天氣算滿舒服的啦。"
c1351,taichung,2024-11-07,4,"陽光溫和不刺眼,這種天氣算滿舒服的的說。"
c1352,taipei,2024-03-03,5,"老實說,微涼的天氣讓人特別有精神,今天過得很棒啊!"
c1353,taichung,2024-01-05,2,"不誇張,天氣還可以,不過風有點大吹得有點煩!"
c1354,taipei,2025-04-15,5,"老實說,台北今天根本秋高氣爽,整個人都輕鬆起來耶。"
c1355,taichung,2023-10-07,3,"欸,台中今天下雨,出門記得帶傘啦。"
c1356,taipei,2024-09-08,2,"先說,濕度太高,衣服都曬不乾,有點煩"
c1357,taipei,2024-06-04,5,"說真的,台北今天根本秋高氣爽,整個人都輕鬆起來唉。"
c1358,taichung,2025-01-10,3,"說真的,台中今天天氣還好,普普通通而已的說。"
c1359,taichung,2024-02-26,5,"老天鵝,微涼的天氣讓人特別有精神,今天過得很棒唉。"
c1360,taichung,2023-02-18,4,"溫度剛剛好,適合出門走走,還蠻愉快的啊!"
c1361,taichung,2024-09-04,4,"不誇張,天氣涼涼的很舒服,適合窩在家看書耶。"
c1362,kaohsiung,2025-03-02,3,"高雄今天天氣還好,普普通通而已"
c1363,taichung,2025-03-05,3,"唉,下雨天沒什麼特別感覺,還好而已耶。"
c1364,kaohsiung,2023-03-25,4,"欸,陽光溫和不刺眼,這種天氣算滿舒服的!"
c1365,taichung,2024-05-28,3,"欸,雨下得不算大,天氣普普通通的說。"
c1366,taichung,2023-11-03,5,"欸,涼爽宜人的一天,出去野餐超級開心啦。"
c1367,kaohsiung,2025-02-28,4,"不誇張,陽光溫和不刺眼,這種天氣算滿舒服的耶。"
c1368,taichung,2025-03-23,4,"先說,溫度剛剛好,適合出門走走,還蠻愉快的啦。"
c1369,kaohsiung,2025-10-14,1,"跟你說,騎車滑倒在濕滑路面,痛死了,爛透了……"
c1370,taipei,2023-05-06,2,"說真的,雨勢時大時小,交通變得比較塞。"
c1371,taipei,2023-12-22,4,"台北今天雲層很美,拍照效果超棒耶。"
c1372,taichung,2023-01-06,3,"老天鵝,沒什麼特別,平常心看待今天的天氣"
c1373,taichung,2024-11-06,4,"老天鵝,陽光溫和不刺眼,這種天氣算滿舒服的唉。"
c1374,taichung,2024-01-18,5,"不誇張,這種完美天氣一年沒幾天,超級珍惜的說。"
c1375,taipei,2025-03-28,5,"跟你說,超喜歡下雨天的味道,台北這場雨舒服極了啦。"
c1376,taichung,2023-09-28,4,"台中今天雲層很美,拍照效果超棒。"
c1377,taichung,2025-01-07,4,"不誇張,陽光溫和不刺眼,這種天氣算滿舒服的……"
c1378,taipei,2024-05-20,5,"微涼的天氣讓人特別有精神,今天過得很棒耶。"
c1379,kaohsiung,2024-01-21,5,"這種完美天氣一年沒幾天,超級珍惜唉。"
c1380,kaohsiung,2025-09-20,1,"高雄排水又不通,整條路都是水,超級誇張……"
c1381,kaohsiung,2023-01-09,1,"欸,天氣是不錯,但今天諸事不順,心情很差……"
c1382,kaohsiung,2024-06-26,5,"不誇張,超喜歡下雨天的味道,高雄這場雨舒服極了"
c1383,taichung,2025-11-24,5,"不誇張,涼爽宜人的一天,出去野餐超級開心!"
c1384,taipei,2024-05-21,2,"跟你說,雨勢時大時小,交通變得比較塞啊!"
c1385,taichung,2023-08-23,3,"雨下得不算大,天氣普普通通!"
c1386,kaohsiung,2024-05-01,3,"不誇張,沒什麼特別,平常心看待今天的天氣的說。"
c1387,taichung,2023-02-18,4,"唉,溫度剛剛好,適合出門走走,還蠻愉快的。"
c1388,taipei,2025-08-13,5,"老天鵝,終於降溫了,這場雨根本是及時雨,太棒了"
c1389,kaohsiung,2025-08-01,4,"欸,難得涼爽的雨天,不用開冷氣挺舒服喔。"
c1390,taipei,2024-01-10,3,"老天鵝,雨下得不算大,天氣普普通通的說。"
c1391,taichung,2023-09-19,2,"跟你說,台中早晚溫差有點大,穿搭很難抓唉。"
c1392,taichung,2025-03-20,4,"陽光溫和不刺眼,這種天氣算滿舒服的!"
c1393,kaohsiung,2023-12-07,5,"老天鵝,這種完美天氣一年沒幾天,超級珍惜喔。"
c1394,taipei,2023-03-01,3,"跟你說,沒什麼特別,平常心看待今天的天氣的說。"
c1395,kaohsiung,2025-03-26,4,"欸,溫度剛剛好,適合出門走走,還蠻愉快的喔。"
c1396,kaohsiung,2023-01-13,5,"說真的,涼爽宜人的一天,出去野餐超級開心啦。"
c1397,taipei,2024-06-25,5,"說真的,超喜歡下雨天的味道,台北這場雨舒服極了喔。"
c1398,kaohsiung,2025-03-12,3,"高雄今天天氣普通,沒什麼特別感覺喔。"
c1399,taichung,2024-09-24,5,"老實說,超喜歡下雨天的味道,台中這場雨舒服極了耶。"
c1400,kaohsiung,2024-01-21,4,"老實說,溫度剛剛好,適合出門走走,還蠻愉快的耶。"
c1401,taichung,2024-08-26,3,"唉,台中今天下雨,出門記得帶傘……"
c1402,kaohsiung,2025-07-13,4,"老天鵝,天氣涼涼的很舒服,適合窩在家看書的說。"
c1403,kaohsiung,2024-03-21,1,"先說,天氣是不錯,但今天諸事不順,心情很差耶。"
c1404,taipei,2024-10-19,2,"唉,又忘記帶傘,被淋得有點狼狽"
c1405,kaohsiung,2023-07-25,4,"先說,雨後空氣變清新,高雄的天空滿好看啦。"
c1406,taichung,2025-03-20,4,"先說,今天台中天氣舒服,微風徐徐心情不錯啊!"
c1407,taichung,2025-11-23,5,"說真的,涼爽宜人的一天,出去野餐超級開心!"
c1408,taichung,2024-10-11,4,"先說,今天台中天氣舒服,微風徐徐心情不錯的說。"
c1409,taipei,2023-08-19,1,"老天鵝,台北排水又不通,整條路都是水,超級誇張耶。"
c1410,taipei,2023-12-18,5,"講真的,這種完美天氣一年沒幾天,超級珍惜啊!"
c1411,kaohsiung,2025-09-15,4,"唉,難得涼爽的雨天,不用開冷氣挺舒服。"
c1412,kaohsiung,2025-02-23,5,"講真的,高雄今天根本秋高氣爽,整個人都輕鬆起來"
c1413,taipei,2024-08-21,2,"講真的,雨勢時大時小,交通變得比較塞"
c1414,kaohsiung,2025-01-03,4,"不誇張,雨後空氣變清新,高雄的天空滿好看"
c1415,kaohsiung,2023-02-14,2,"天氣還可以,不過風有點大吹得有點煩喔。"
c1416,taichung,2023-06-29,5,"唉,超喜歡下雨天的味道,台中這場雨舒服極了耶。"
c1417,kaohsiung,2023-02-19,4,"欸,陽光溫和不刺眼,這種天氣算滿舒服的……"
c1418,taipei,2023-07-28,1,"說真的,騎車滑倒在濕滑路面,痛死了,爛透了!"
c1419,taipei,2025-05-16,2,"講真的,天空灰濛濛的,感覺有點提不起勁唉。"
c1420,kaohsiung,2024-10-26,1,"騎車滑倒在濕滑路面,痛死了,爛透了。"
c1421,kaohsiung,2023-01-03,5,"不誇張,涼爽宜人的一天,出去野餐超級開心啦。"
c1422,taipei,2024-06-26,4,"跟你說,難得涼爽的雨天,不用開冷氣挺舒服唉。"
c1423,taichung,2023-12-09,4,"先說,溫度剛剛好,適合出門走走,還蠻愉快的!"
c1424,kaohsiung,2023-03-21,4,"陽光溫和不刺眼,這種天氣算滿舒服的啦。"
c1425,taichung,2025-04-26,5,"終於降溫了,這場雨根本是及時雨,太棒了喔。"
c1426,taipei,2023-06-28,5,"不誇張,台北這種舒服的秋涼天,整天心情都很好唉。"
c1427,kaohsiung,2025-07-02,3,"老天鵝,高雄今天下雨,出門記得帶傘。"
c1428,kaohsiung,2025-01-08,4,"老天鵝,陽光溫和不刺眼,這種天氣算滿舒服的。"
c1429,taipei,2023-01-25,4,"講真的,台北今天雲層很美,拍照效果超棒的說。"
c1430,taipei,2023-09-04,3,"唉,下雨天沒什麼特別感覺,還好而已啦。"
c1431,taichung,2025-04-09,5,"唉,雨中散步別有一番風味,今天心情超好唉。"
c1432,taichung,2025-02-20,4,"不誇張,溫度剛剛好,適合出門走走,還蠻愉快的……"
c1433,taichung,2023-08-15,3,"老天鵝,台中今天下雨,出門記得帶傘的說。"
c1434,taipei,2024-09-24,2,"老實說,又忘記帶傘,被淋得有點狼狽"
c1435,taipei,2023-02-17,5,"欸,這種完美天氣一年沒幾天,超級珍惜啦。"
c1436,kaohsiung,2025-09-15,3,"先說,高雄今天下雨,出門記得帶傘唉。"
c1437,taipei,2025-09-04,2,"先說,雨勢時大時小,交通變得比較塞的說。"
c1438,taichung,2023-04-30,5,"不誇張,涼爽宜人的一天,出去野餐超級開心耶。"
c1439,taipei,2025-11-21,5,"說真的,涼爽宜人的一天,出去野餐超級開心的說。"
c1440,taichung,2024-11-09,4,"先說,台中今天雲層很美,拍照效果超棒……"
c1441,taipei,2023-03-20,4,"跟你說,陽光溫和不刺眼,這種天氣算滿舒服的。"
c1442,kaohsiung,2024-01-04,5,"這種完美天氣一年沒幾天,超級珍惜唉。"
c1443,taipei,2024-06-04,4,"老實說,陽光溫和不刺眼,這種天氣算滿舒服的喔。"
c1444,taichung,2024-04-01,4,"不誇張,下雨天在家聽雨聲,感覺還蠻放鬆的啦。"
c1445,kaohsiung,2023-12-19,2,"欸,又忘記帶傘,被淋得有點狼狽啊!"
c1446,taipei,2024-05-25,5,"老天鵝,雨中散步別有一番風味,今天心情超好喔。"
c1447,taipei,2023-10-12,5,"不誇張,台北今天根本秋高氣爽,整個人都輕鬆起來唉。"
c1448,taichung,2024-01-29,3,"先說,台中今天天氣普通,沒什麼特別感覺啊!"
c1449,taichung,2025-10-31,4,"先說,溫度剛剛好,適合出門走走,還蠻愉快的啦。"
c1450,taichung,2023-08-31,5,"不誇張,微涼的天氣讓人特別有精神,今天過得很棒喔。"
c1451,taipei,2023-07-03,4,"老天鵝,雨後空氣變清新,台北的天空滿好看啊!"
c1452,kaohsiung,2024-04-09,5,"講真的,高雄這種舒服的秋涼天,整天心情都很好啦。"
c1453,taichung,2023-01-10,5,"講真的,雨中散步別有一番風味,今天心情超好!"
c1454,taichung,2025-04-27,3,"欸,台中今天下雨,出門記得帶傘唉。"
c1455,taichung,2025-01-08,4,"老天鵝,陽光溫和不刺眼,這種天氣算滿舒服的唉。"
c1456,kaohsiung,2023-03-21,4,"講真的,今天高雄天氣舒服,微風徐徐心情不錯。"
c1457,taichung,2025-12-25,5,"不誇張,雨中散步別有一番風味,今天心情超好唉。"
c1458,taipei,2024-09-22,2,"講真的,雨勢時大時小,交通變得比較塞啦。"
c1459,taichung,2025-09-18,2,"不誇張,雨勢時大時小,交通變得比較塞喔。"
c1460,taichung,2023-04-28,5,"跟你說,台中今天根本秋高氣爽,整個人都輕鬆起來耶。"
c1461,taichung,2024-03-05,4,"欸,台中今天雲層很美,拍照效果超棒喔。"
c1462,kaohsiung,2025-01-10,1,"雨下不停,積水淹到小腿,今天有夠倒楣"
c1463,taichung,2023-10-08,4,"講真的,台中今天雲層很美,拍照效果超棒耶。"
c1464,taichung,2024-12-26,2,"講真的,溫度雖然剛好,紫外線還是偏強,有點在意啦。"
c1465,taichung,2024-05-30,2,"欸,雨勢時大時小,交通變得比較塞……"
c1466,taipei,2023-05-16,4,"不誇張,台北今天雲層很美,拍照效果超棒……"
c1467,taichung,2024-06-11,1,"講真的,台中排水又不通,整條路都是水,超級誇張啊!"
c1468,kaohsiung,2024-10-07,4,"講真的,難得涼爽的雨天,不用開冷氣挺舒服……"
c1469,taichung,2025-08-08,4,"老實說,天氣涼涼的很舒服,適合窩在家看書唉。"
c1470,taichung,2024-08-29,3,"老天鵝,下雨天沒什麼特別感覺,還好而已!"
c1471,taichung,2023-12-31,4,"不誇張,下雨天在家聽雨聲,感覺還蠻放鬆的啊!"
c1472,kaohsiung,2024-05-07,4,"講真的,高雄今天雲層很美,拍照效果超棒的說。"
c1473,taichung,2025-02-10,5,"不誇張,這種完美天氣一年沒幾天,超級珍惜啊!"
c1474,kaohsiung,2025-06-25,5,"老實說,超喜歡下雨天的味道,高雄這場雨舒服極了啊!"
c1475,taichung,2024-12-02,4,"今天台中天氣舒服,微風徐徐心情不錯。"
c1476,kaohsiung,2025-02-05,4,"老天鵝,天氣涼涼的很舒服,適合窩在家看書啦。"
c1477,taipei,2024-03-29,5,"這種完美天氣一年沒幾天,超級珍惜……"
c1478,kaohsiung,2024-01-13,3,"唉,高雄今天天氣普通,沒什麼特別感覺啊!"
c1479,kaohsiung,2024-04-01,5,"講真的,高雄這種舒服的秋涼天,整天心情都很好喔。"
c1480,taichung,2024-11-30,4,"溫度剛剛好,適合出門走走,還蠻愉快的耶。"
c1481,kaohsiung,2024-12-30,2,"跟你說,溫度雖然剛好,紫外線還是偏強,有點在意啊!"
c1482,taipei,2023-03-28,4,"老天鵝,台北今天雲層很美,拍照效果超棒啊!"
c1483,kaohsiung,2023-03-27,4,"不誇張,陽光溫和不刺眼,這種天氣算滿舒服的。"
c1484,taipei,2023-04-02,4,"老天鵝,陽光溫和不刺眼,這種天氣算滿舒服的!"
c1485,taichung,2025-02-17,3,"唉,氣溫適中,就是平凡的一天啦。"
c1486,kaohsiung,2024-07-20,2,"老實說,濕度太高,衣服都曬不乾,有點煩耶。"
c1487,kaohsiung,2023-09-29,4,"天氣涼涼的很舒服,適合窩在家看書的說。"
c1488,taipei,2025-12-18,5,"跟你說,這種完美天氣一年沒幾天,超級珍惜"
c1489,taichung,2024-12-18,5,"不誇張,微涼的天氣讓人特別有精神,今天過得很棒。"
c1490,taichung,2024-02-25,4,"老天鵝,溫度剛剛好,適合出門走走,還蠻愉快的啦。"
c1491,taichung,2025-12-08,4,"跟你說,今天台中天氣舒服,微風徐徐心情不錯"
c1492,taichung,2024-04-26,3,"老實說,下雨天沒什麼特別感覺,還好而已唉。"
c1493,kaohsiung,2023-01-13,5,"說真的,這種完美天氣一年沒幾天,超級珍惜的說。"
c1494,kaohsiung,2025-03-30,4,"講真的,溫度剛剛好,適合出門走走,還蠻愉快的唉。"
c1495,taichung,2024-12-25,5,"不誇張,涼爽宜人的一天,出去野餐超級開心耶。"
c1496,kaohsiung,2023-12-05,3,"不誇張,氣溫適中,就是平凡的一天的說。"
c1497,taichung,2025-08-17,2,"唉,又忘記帶傘,被淋得有點狼狽。"
c1498,kaohsiung,2025-10-29,1,"講真的,溫度剛好,不過塞車塞了一小時,煩死了唉。"
c1499,taichung,2024-11-22,5,"老實說,這種完美天氣一年沒幾天,超級珍惜唉。"
c1500,taipei,2023-01-15,4,"老天鵝,下雨天在家聽雨聲,感覺還蠻放鬆的啦。"
c1501,taipei,2023-07-17,3,"說真的,下雨天沒什麼特別感覺,還好而已"
c1502,taichung,2023-09-21,4,"台中今天雲層很美,拍照效果超棒啊!"
c1503,taichung,2023-09-22,5,"微涼的天氣讓人特別有精神,今天過得很棒……"
c1504,kaohsiung,2023-10-08,2,"先說,濕度太高,衣服都曬不乾,有點煩唉。"
c1505,taipei,2025-04-20,4,"老實說,難得涼爽的雨天,不用開冷氣挺舒服……"
c1506,kaohsiung,2024-06-12,2,"先說,濕度太高,衣服都曬不乾,有點煩唉。"
c1507,taichung,2023-07-05,5,"老實說,超喜歡下雨天的味道,台中這場雨舒服極了耶。"
c1508,taichung,2024-12-05,4,"欸,溫度剛剛好,適合出門走走,還蠻愉快的。"
c1509,taichung,2025-01-05,4,"老天鵝,陽光溫和不刺眼,這種天氣算滿舒服的的說。"
c1510,taichung,2025-01-18,5,"欸,台中今天根本秋高氣爽,整個人都輕鬆起來"
c1511,taichung,2023-05-04,5,"說真的,微涼的天氣讓人特別有精神,今天過得很棒"
c1512,taichung,2023-08-07,2,"老實說,雨勢時大時小,交通變得比較塞的說。"
c1513,kaohsiung,2024-02-15,4,"老天鵝,今天高雄天氣舒服,微風徐徐心情不錯。"
c1514,kaohsiung,2023-04-07,4,"講真的,溫度剛剛好,適合出門走走,還蠻愉快的……"
c1515,taichung,2025-04-02,2,"老實說,台中早晚溫差有點大,穿搭很難抓耶。"
c1516,kaohsiung,2025-03-12,4,"老天鵝,溫度剛剛好,適合出門走走,還蠻愉快的喔。"
c1517,taipei,2023-05-10,5,"老天鵝,台北今天根本秋高氣爽,整個人都輕鬆起來"
c1518,kaohsiung,2023-01-14,4,"老天鵝,溫度剛剛好,適合出門走走,還蠻愉快的的說。"
c1519,taichung,2024-02-12,2,"跟你說,溫度雖然剛好,紫外線還是偏強,有點在意耶。"
c1520,taichung,2025-11-14,5,"不誇張,這種完美天氣一年沒幾天,超級珍惜"
c1521,kaohsiung,2023-05-23,5,"終於降溫了,這場雨根本是及時雨,太棒了唉。"
c1522,taichung,2024-04-17,1,"欸,台中排水又不通,整條路都是水,超級誇張唉。"
c1523,taipei,2024-05-02,2,"唉,台北下雨天出門好麻煩,心情有點差!"
c1524,kaohsiung,2025-01-08,4,"說真的,陽光溫和不刺眼,這種天氣算滿舒服的的說。"
c1525,taichung,2025-12-18,4,"講真的,陽光溫和不刺眼,這種天氣算滿舒服的。"
c1526,taichung,2024-10-09,5,"欸,台中今天根本秋高氣爽,整個人都輕鬆起來唉。"
c1527,kaohsiung,2025-02-12,3,"老實說,下雨天沒什麼特別感覺,還好而已啦。"
c1528,taichung,2025-01-26,4,"先說,陽光溫和不刺眼,這種天氣算滿舒服的喔。"
c1529,kaohsiung,2023-12-15,4,"老實說,今天高雄天氣舒服,微風徐徐心情不錯"
c1530,taichung,2025-11-22,4,"講真的,今天台中天氣舒服,微風徐徐心情不錯啊!"
c1531,kaohsiung,2025-10-31,3,"老天鵝,高雄今天天氣還好,普普通通而已啊!"
c1532,taichung,2023-12-12,5,"跟你說,雨中散步別有一番風味,今天心情超好。"
c1533,kaohsiung,2025-06-13,1,"講真的,雨下不停,積水淹到小腿,今天有夠倒楣啦。"
c1534,kaohsiung,2024-03-18,4,"欸,今天高雄天氣舒服,微風徐徐心情不錯唉。"
c1535,kaohsiung,2023-02-24,4,"唉,溫度剛剛好,適合出門走走,還蠻愉快的唉。"
c1536,kaohsiung,2023-12-10,4,"老實說,天氣涼涼的很舒服,適合窩在家看書的說。"
c1537,taipei,2023-03-10,4,"說真的,陽光溫和不刺眼,這種天氣算滿舒服的。"
c1538,taipei,2025-05-29,1,"講真的,傘被強風吹爛,全身濕到不行,氣死我了啦。"
c1539,taipei,2023-04-23,4,"說真的,陽光溫和不刺眼,這種天氣算滿舒服的。"
c1540,kaohsiung,2023-02-11,4,"老天鵝,陽光溫和不刺眼,這種天氣算滿舒服的"
c1541,taichung,2023-03-08,5,"講真的,台中今天根本秋高氣爽,整個人都輕鬆起來唉。"
c1542,taichung,2025-07-08,1,"唉,傘被強風吹爛,全身濕到不行,氣死我了唉。"
c1543,kaohsiung,2023-12-07,5,"跟你說,涼爽宜人的一天,出去野餐超級開心耶。"
c1544,taichung,2023-07-09,3,"不誇張,台中今天下雨,出門記得帶傘喔。"
c1545,taipei,2023-10-07,4,"不誇張,雨後空氣變清新,台北的天空滿好看啊!"
c1546,kaohsiung,2024-01-13,4,"老天鵝,溫度剛剛好,適合出門走走,還蠻愉快的唉。"
c1547,taichung,2024-07-10,5,"不誇張,超喜歡下雨天的味道,台中這場雨舒服極了唉。"
c1548,kaohsiung,2023-09-13,5,"唉,微涼的天氣讓人特別有精神,今天過得很棒啦。"
c1549,taipei,2023-08-26,1,"唉,這種忽冷忽熱的天氣讓人很不耐煩耶。"
c1550,taipei,2024-03-21,5,"欸,台北今天根本秋高氣爽,整個人都輕鬆起來啊!"
c1551,taichung,2024-04-05,5,"先說,涼爽宜人的一天,出去野餐超級開心!"
c1552,taichung,2023-03-03,5,"老實說,這種完美天氣一年沒幾天,超級珍惜"
c1553,taichung,2023-02-24,5,"涼爽宜人的一天,出去野餐超級開心唉。"
c1554,taipei,2024-10-09,2,"唉,溫度雖然剛好,紫外線還是偏強,有點在意喔。"
c1555,taichung,2024-07-27,4,"唉,難得涼爽的雨天,不用開冷氣挺舒服……"
c1556,taichung,2023-01-08,2,"老實說,天氣還可以,不過風有點大吹得有點煩耶。"
c1557,taichung,2024-02-25,3,"講真的,氣溫適中,就是平凡的一天!"
c1558,taipei,2024-08-25,3,"老實說,雨下得不算大,天氣普普通通"
c1559,taichung,2023-04-10,5,"老實說,台中今天根本秋高氣爽,整個人都輕鬆起來喔。"
c1560,taichung,2023-01-10,2,"老天鵝,台中下雨天出門好麻煩,心情有點差唉。"
c1561,taichung,2024-11-10,5,"不誇張,這種完美天氣一年沒幾天,超級珍惜耶。"
c1562,taichung,2024-04-20,3,"講真的,沒什麼特別,平常心看待今天的天氣喔。"
c1563,kaohsiung,2025-10-08,4,"先說,高雄今天雲層很美,拍照效果超棒唉。"
c1564,kaohsiung,2023-09-15,5,"講真的,終於降溫了,這場雨根本是及時雨,太棒了啦。"
c1565,taichung,2025-01-16,4,"天氣涼涼的很舒服,適合窩在家看書。"
c1566,taipei,2024-11-10,4,"唉,溫度剛剛好,適合出門走走,還蠻愉快的唉。"
c1567,kaohsiung,2023-08-02,4,"先說,下雨天在家聽雨聲,感覺還蠻放鬆的!"
c1568,kaohsiung,2024-02-20,4,"老實說,陽光溫和不刺眼,這種天氣算滿舒服的。"
c1569,taipei,2025-05-10,1,"先說,台北又下大雨,鞋子襪子全濕透,超級崩潰啊!"
c1570,kaohsiung,2025-04-05,5,"跟你說,高雄今天根本秋高氣爽,整個人都輕鬆起來耶。"
c1571,taichung,2024-11-17,5,"唉,涼爽宜人的一天,出去野餐超級開心。"
c1572,kaohsiung,2024-01-12,4,"先說,今天高雄天氣舒服,微風徐徐心情不錯。"
c1573,kaohsiung,2024-05-14,2,"老實說,雨勢時大時小,交通變得比較塞啊!"
c1574,taichung,2024-07-13,1,"唉,騎車滑倒在濕滑路面,痛死了,爛透了喔。"
c1575,taichung,2025-09-03,3,"講真的,台中今天天氣還好,普普通通而已啊!"
c1576,kaohsiung,2024-02-29,4,"老天鵝,今天高雄天氣舒服,微風徐徐心情不錯啦。"
c1577,kaohsiung,2024-11-07,4,"跟你說,溫度剛剛好,適合出門走走,還蠻愉快的!"
c1578,taipei,2024-11-14,3,"欸,台北今天天氣還好,普普通通而已耶。"
c1579,taipei,2023-02-13,4,"說真的,雨後空氣變清新,台北的天空滿好看唉。"
c1580,kaohsiung,2024-03-16,4,"老天鵝,今天高雄天氣舒服,微風徐徐心情不錯耶。"
c1581,taipei,2024-06-08,4,"跟你說,天氣涼涼的很舒服,適合窩在家看書唉。"
c1582,kaohsiung,2023-10-12,1,"不誇張,溫度剛好,不過塞車塞了一小時,煩死了喔。"
c1583,kaohsiung,2025-04-07,5,"唉,高雄今天根本秋高氣爽,整個人都輕鬆起來"
c1584,taipei,2025-04-26,4,"老實說,雨後空氣變清新,台北的天空滿好看的說。"
c1585,kaohsiung,2025-02-22,4,"唉,溫度剛剛好,適合出門走走,還蠻愉快的耶。"
c1586,taipei,2025-04-04,4,"說真的,溫度剛剛好,適合出門走走,還蠻愉快的啦。"
c1587,kaohsiung,2025-12-14,5,"先說,高雄今天根本秋高氣爽,整個人都輕鬆起來啊!"
c1588,kaohsiung,2024-05-08,5,"講真的,高雄這種舒服的秋涼天,整天心情都很好啦。"
c1589,taichung,2024-11-11,4,"說真的,今天台中天氣舒服,微風徐徐心情不錯……"
c1590,taipei,2023-10-17,4,"講真的,溫度剛剛好,適合出門走走,還蠻愉快的……"
c1591,taichung,2025-09-21,3,"先說,沒什麼特別,平常心看待今天的天氣唉。"
c1592,kaohsiung,2023-11-17,5,"老天鵝,這種完美天氣一年沒幾天,超級珍惜"
c1593,kaohsiung,2025-07-27,5,"跟你說,超喜歡下雨天的味道,高雄這場雨舒服極了喔。"
c1594,kaohsiung,2025-05-07,4,"唉,天氣涼涼的很舒服,適合窩在家看書耶。"
c1595,taichung,2023-02-17,5,"欸,涼爽宜人的一天,出去野餐超級開心喔。"
c1596,taipei,2025-04-04,4,"不誇張,陽光溫和不刺眼,這種天氣算滿舒服的!"
c1597,kaohsiung,2025-07-17,1,"不誇張,傘被強風吹爛,全身濕到不行,氣死我了。"
c1598,kaohsiung,2024-09-13,4,"老實說,難得涼爽的雨天,不用開冷氣挺舒服"
c1599,taichung,2025-10-04,1,"老天鵝,冷氣突然故障遇到這種高溫,快熱死人了啦。"
c1600,taichung,2023-07-16,1,"說真的,台中排水又不通,整條路都是水,超級誇張唉。"
c1601,taichung,2023-12-28,3,"下雨天沒什麼特別感覺,還好而已啦。"
c1602,taipei,2024-01-14,5,"唉,涼爽宜人的一天,出去野餐超級開心。"
c1603,taipei,2025-12-18,5,"台北今天根本秋高氣爽,整個人都輕鬆起來唉。"
c1604,taipei,2023-08-30,2,"先說,雨勢時大時小,交通變得比較塞啊!"
c1605,taipei,2023-10-21,1,"不誇張,台北又下大雨,鞋子襪子全濕透,超級崩潰"
c1606,taichung,2024-01-30,4,"先說,陽光溫和不刺眼,這種天氣算滿舒服的的說。"
c1607,taipei,2023-08-28,1,"不誇張,騎車滑倒在濕滑路面,痛死了,爛透了!"
c1608,taipei,2025-04-18,5,"老天鵝,雨中散步別有一番風味,今天心情超好耶。"
c1609,taipei,2023-06-10,1,"老天鵝,傘被強風吹爛,全身濕到不行,氣死我了唉。"
c1610,kaohsiung,2023-04-06,5,"高雄今天根本秋高氣爽,整個人都輕鬆起來的說。"
c1611,kaohsiung,2025-12-11,5,"不誇張,涼爽宜人的一天,出去野餐超級開心……"
c1612,kaohsiung,2025-11-16,4,"老實說,陽光溫和不刺眼,這種天氣算滿舒服的唉。"
c1613,kaohsiung,2025-01-03,5,"欸,雨中散步別有一番風味,今天心情超好的說。"
c1614,taipei,2023-07-03,2,"老天鵝,台北下雨天出門好麻煩,心情有點差的說。"
c1615,taichung,2024-01-18,3,"先說,台中今天天氣普通,沒什麼特別感覺……"
c1616,kaohsiung,2023-06-21,1,"老天鵝,傘被強風吹爛,全身濕到不行,氣死我了。"
c1617,kaohsiung,2023-02-27,5,"老實說,這種完美天氣一年沒幾天,超級珍惜……"
c1618,taipei,2023-10-10,1,"跟你說,台北又下大雨,鞋子襪子全濕透,超級崩潰。"
c1619,taichung,2025-11-24,5,"先說,這種完美天氣一年沒幾天,超級珍惜……"
c1620,kaohsiung,2025-01-23,5,"跟你說,高雄今天根本秋高氣爽,整個人都輕鬆起來啦。"
c1621,taipei,2024-10-16,3,"唉,下雨天沒什麼特別感覺,還好而已!"
c1622,taichung,2025-08-23,5,"講真的,終於降溫了,這場雨根本是及時雨,太棒了!"
c1623,taipei,2025-02-01,4,"唉,雨後空氣變清新,台北的天空滿好看!"
c1624,kaohsiung,2023-01-26,5,"唉,高雄今天根本秋高氣爽,整個人都輕鬆起來唉。"
c1625,taichung,2024-05-16,3,"唉,台中今天天氣普通,沒什麼特別感覺喔。"
c1626,taipei,2024-02-18,4,"不誇張,陽光溫和不刺眼,這種天氣算滿舒服的唉。"
c1627,taipei,2023-08-17,3,"老實說,下雨天沒什麼特別感覺,還好而已!"
c1628,taichung,2024-06-09,5,"跟你說,超喜歡下雨天的味道,台中這場雨舒服極了的說。"
c1629,kaohsiung,2025-08-21,5,"跟你說,高雄這種舒服的秋涼天,整天心情都很好啊!"
c1630,taichung,2025-02-01,4,"老實說,下雨天在家聽雨聲,感覺還蠻放鬆的啦。"
c1631,kaohsiung,2024-03-26,4,"講真的,天氣涼涼的很舒服,適合窩在家看書喔。"
c1632,taichung,2024-07-17,3,"說真的,台中今天天氣還好,普普通通而已耶。"
c1633,taipei,2025-07-25,4,"跟你說,下雨天在家聽雨聲,感覺還蠻放鬆的……"
c1634,kaohsiung,2024-07-13,1,"說真的,太陽超毒辣,走五分鐘就滿身大汗,超厭世……"
c1635,taichung,2023-03-31,3,"說真的,下雨天沒什麼特別感覺,還好而已的說。"
c1636,taichung,2023-10-18,3,"說真的,台中今天天氣還好,普普通通而已唉。"
c1637,taichung,2023-11-08,4,"講真的,台中今天雲層很美,拍照效果超棒唉。"
c1638,kaohsiung,2023-10-06,2,"跟你說,又忘記帶傘,被淋得有點狼狽"
c1639,kaohsiung,2025-05-30,5,"先說,雨中散步別有一番風味,今天心情超好。"
c1640,kaohsiung,2023-05-01,3,"不誇張,氣溫適中,就是平凡的一天!"
c1641,taipei,2024-09-27,5,"老天鵝,超喜歡下雨天的味道,台北這場雨舒服極了。"
c1642,taichung,2023-04-20,5,"老實說,雨中散步別有一番風味,今天心情超好唉。"
c1643,taichung,2025-11-26,4,"唉,溫度剛剛好,適合出門走走,還蠻愉快的唉。"
c1644,taichung,2024-10-26,2,"欸,雨勢時大時小,交通變得比較塞……"
c1645,kaohsiung,2025-11-27,5,"雨中散步別有一番風味,今天心情超好……"
c1646,taichung,2023-09-13,3,"唉,氣溫適中,就是平凡的一天的說。"
c1647,taichung,2025-03-03,5,"不誇張,終於降溫了,這場雨根本是及時雨,太棒了。"
c1648,taichung,2023-10-15,4,"老實說,天氣涼涼的很舒服,適合窩在家看書!"
c1649,taipei,2025-08-06,4,"說真的,難得涼爽的雨天,不用開冷氣挺舒服耶。"
c1650,kaohsiung,2025-12-02,5,"先說,高雄今天根本秋高氣爽,整個人都輕鬆起來啦。"
c1651,taichung,2024-12-25,3,"老實說,台中今天天氣普通,沒什麼特別感覺。"
c1652,taipei,2025-03-22,4,"欸,陽光溫和不刺眼,這種天氣算滿舒服的"
c1653,taichung,2023-07-31,2,"老實說,雨勢時大時小,交通變得比較塞。"
c1654,taichung,2025-05-21,1,"先說,傘被強風吹爛,全身濕到不行,氣死我了啊!"
c1655,taichung,2024-03-15,5,"講真的,這種完美天氣一年沒幾天,超級珍惜……"
c1656,kaohsiung,2025-05-16,4,"先說,天氣涼涼的很舒服,適合窩在家看書啊!"
c1657,taipei,2025-10-11,3,"講真的,天氣熱,不過還算可以忍受啊!"
c1658,taichung,2024-01-19,4,"欸,陽光溫和不刺眼,這種天氣算滿舒服的。"
c1659,taichung,2025-05-19,4,"說真的,難得涼爽的雨天,不用開冷氣挺舒服啊!"
c1660,kaohsiung,2024-10-18,3,"不誇張,沒什麼特別,平常心看待今天的天氣啊!"
c1661,kaohsiung,2025-03-01,5,"老天鵝,這種完美天氣一年沒幾天,超級珍惜。"
c1662,taipei,2024-06-30,4,"跟你說,雨後空氣變清新,台北的天空滿好看"
c1663,kaohsiung,2023-03-09,4,"說真的,今天高雄天氣舒服,微風徐徐心情不錯!"
c1664,taichung,2024-06-05,1,"先說,雨下不停,積水淹到小腿,今天有夠倒楣耶。"
c1665,kaohsiung,2025-03-11,5,"先說,高雄今天根本秋高氣爽,整個人都輕鬆起來啊!"
c1666,taipei,2024-12-26,5,"先說,微涼的天氣讓人特別有精神,今天過得很棒"
c1667,taipei,2025-12-31,3,"老實說,下雨天沒什麼特別感覺,還好而已"
c1668,taichung,2025-04-09,1,"不誇張,傘被強風吹爛,全身濕到不行,氣死我了啦。"
c1669,kaohsiung,2023-06-19,5,"不誇張,雨中散步別有一番風味,今天心情超好喔。"
c1670,taipei,2025-05-30,4,"老實說,溫度剛剛好,適合出門走走,還蠻愉快的……"
c1671,taipei,2024-10-11,4,"不誇張,今天台北天氣舒服,微風徐徐心情不錯啦。"
c1672,taichung,2025-12-18,4,"欸,溫度剛剛好,適合出門走走,還蠻愉快的啊!"
c1673,kaohsiung,2023-06-12,3,"老天鵝,高雄今天下雨,出門記得帶傘!"
c1674,taichung,2024-05-19,3,"不誇張,台中今天天氣普通,沒什麼特別感覺耶。"
c1675,taipei,2024-11-30,4,"老天鵝,陽光溫和不刺眼,這種天氣算滿舒服的啊!"
c1676,taipei,2025-11-24,5,"欸,台北這種舒服的秋涼天,整天心情都很好耶。"
c1677,kaohsiung,2023-10-24,4,"先說,溫度剛剛好,適合出門走走,還蠻愉快的啊!"
c1678,taichung,2024-05-25,5,"不誇張,終於降溫了,這場雨根本是及時雨,太棒了的說。"
c1679,kaohsiung,2024-12-13,5,"講真的,涼爽宜人的一天,出去野餐超級開心"
c1680,kaohsiung,2023-10-18,4,"先說,今天高雄天氣舒服,微風徐徐心情不錯啊!"
c1681,taichung,2024-06-14,1,"欸,台中排水又不通,整條路都是水,超級誇張……"
c1682,taichung,2023-08-28,4,"先說,難得涼爽的雨天,不用開冷氣挺舒服啦。"
c1683,taichung,2023-05-08,2,"欸,台中下雨天出門好麻煩,心情有點差啦。"
c1684,taichung,2024-11-12,2,"說真的,濕度太高,衣服都曬不乾,有點煩啊!"
c1685,taichung,2024-08-27,4,"唉,台中今天雲層很美,拍照效果超棒唉。"
c1686,taichung,2023-11-25,5,"欸,涼爽宜人的一天,出去野餐超級開心"
c1687,taichung,2024-12-25,5,"欸,涼爽宜人的一天,出去野餐超級開心唉。"
c1688,kaohsiung,2023-11-13,5,"跟你說,終於降溫了,這場雨根本是及時雨,太棒了"
c1689,taichung,2024-08-01,1,"先說,台中又下大雨,鞋子襪子全濕透,超級崩潰……"
c1690,kaohsiung,2024-11-02,3,"先說,高雄今天天氣普通,沒什麼特別感覺啦。"
c1691,kaohsiung,2025-01-21,4,"唉,今天高雄天氣舒服,微風徐徐心情不錯"
c1692,taipei,2023-05-22,3,"說真的,下雨天沒什麼特別感覺,還好而已。"
c1693,taichung,2024-04-11,5,"說真的,台中今天根本秋高氣爽,整個人都輕鬆起來啊!"
c1694,taipei,2024-09-01,5,"講真的,熱是熱,但這種夏天的活力感我超喜歡……"
c1695,taipei,2025-09-22,1,"不誇張,騎車滑倒在濕滑路面,痛死了,爛透了"
c1696,kaohsiung,2025-03-04,3,"跟你說,高雄今天下雨,出門記得帶傘啊!"
c1697,kaohsiung,2024-10-15,4,"講真的,溫度剛剛好,適合出門走走,還蠻愉快的喔。"
c1698,taipei,2024-01-01,5,"講真的,微涼的天氣讓人特別有精神,今天過得很棒啦。"
c1699,taipei,2024-09-09,5,"講真的,微涼的天氣讓人特別有精神,今天過得很棒啊!"
c1700,taichung,2023-12-09,4,"跟你說,陽光溫和不刺眼,這種天氣算滿舒服的啊!"
c1701,kaohsiung,2025-10-21,1,"跟你說,高雄又下大雨,鞋子襪子全濕透,超級崩潰。"
c1702,taipei,2023-04-16,4,"講真的,天氣涼涼的很舒服,適合窩在家看書啦。"
c1703,taipei,2023-10-12,5,"不誇張,台北今天根本秋高氣爽,整個人都輕鬆起來啊!"
c1704,taichung,2024-06-08,4,"先說,雨後空氣變清新,台中的天空滿好看耶。"
c1705,taipei,2025-05-28,3,"說真的,雨下得不算大,天氣普普通通耶。"
c1706,kaohsiung,2023-04-12,4,"老實說,溫度剛剛好,適合出門走走,還蠻愉快的的說。"
c1707,taipei,2023-09-16,1,"台北今天陰陰的,心情也跟著悶悶的啦。"
c1708,kaohsiung,2024-07-02,4,"老實說,高雄今天雲層很美,拍照效果超棒啦。"
c1709,kaohsiung,2023-01-05,5,"跟你說,涼爽宜人的一天,出去野餐超級開心啦。"
c1710,taipei,2024-12-07,3,"先說,雨下得不算大,天氣普普通通啦。"
c1711,taipei,2024-03-16,4,"不誇張,陽光溫和不刺眼,這種天氣算滿舒服的!"
c1712,kaohsiung,2023-04-23,5,"老實說,涼爽宜人的一天,出去野餐超級開心的說。"
c1713,kaohsiung,2024-04-25,2,"老實說,濕度太高,衣服都曬不乾,有點煩啊!"
c1714,taichung,2024-03-31,2,"濕度太高,衣服都曬不乾,有點煩啊!"
c1715,taipei,2023-12-31,5,"欸,涼爽宜人的一天,出去野餐超級開心的說。"
c1716,taichung,2023-11-16,4,"不誇張,溫度剛剛好,適合出門走走,還蠻愉快的的說。"
c1717,kaohsiung,2025-04-18,5,"跟你說,微涼的天氣讓人特別有精神,今天過得很棒唉。"
c1718,kaohsiung,2023-05-05,3,"先說,高雄今天天氣還好,普普通通而已……"
c1719,taipei,2023-08-13,1,"講真的,傘被強風吹爛,全身濕到不行,氣死我了啊!"
c1720,taipei,2025-04-07,4,"跟你說,陽光溫和不刺眼,這種天氣算滿舒服的的說。"
c1721,taichung,2023-03-11,4,"不誇張,溫度剛剛好,適合出門走走,還蠻愉快的!"
c1722,kaohsiung,2023-10-31,4,"先說,今天高雄天氣舒服,微風徐徐心情不錯……"
c1723,taipei,2025-07-23,5,"講真的,台北這種舒服的秋涼天,整天心情都很好!"
c1724,taipei,2024-12-03,4,"唉,今天台北天氣舒服,微風徐徐心情不錯唉。"
c1725,kaohsiung,2023-09-25,4,"老實說,雨後空氣變清新,高雄的天空滿好看!"
c1726,taichung,2025-07-07,4,"老實說,難得涼爽的雨天,不用開冷氣挺舒服喔。"
c1727,kaohsiung,2023-11-26,5,"唉,涼爽宜人的一天,出去野餐超級開心耶。"
c1728,taipei,2024-03-11,1,"說真的,台北排水又不通,整條路都是水,超級誇張啊!"
c1729,taichung,2023-02-14,1,"跟你說,騎車滑倒在濕滑路面,痛死了,爛透了啊!"
c1730,taipei,2024-12-11,2,"老天鵝,天氣還可以,不過風有點大吹得有點煩啊!"
c1731,taichung,2024-05-13,4,"講真的,雨後空氣變清新,台中的天空滿好看唉。"
c1732,kaohsiung,2023-07-04,4,"天氣涼涼的很舒服,適合窩在家看書的說。"
c1733,taipei,2025-05-11,4,"不誇張,雨後空氣變清新,台北的天空滿好看耶。"
c1734,kaohsiung,2023-12-06,4,"溫度剛剛好,適合出門走走,還蠻愉快的唉。"
c1735,taichung,2025-08-14,4,"欸,天氣涼涼的很舒服,適合窩在家看書!"
c1736,taichung,2024-12-07,4,"說真的,陽光溫和不刺眼,這種天氣算滿舒服的啊!"
c1737,kaohsiung,2023-11-13,5,"說真的,超喜歡下雨天的味道,高雄這場雨舒服極了。"
c1738,kaohsiung,2023-01-14,5,"說真的,涼爽宜人的一天,出去野餐超級開心。"
c1739,taipei,2025-06-25,2,"欸,雨勢時大時小,交通變得比較塞啦。"
c1740,kaohsiung,2023-02-18,5,"先說,涼爽宜人的一天,出去野餐超級開心"
c1741,kaohsiung,2024-03-26,3,"高雄今天天氣還好,普普通通而已唉。"
c1742,kaohsiung,2023-10-02,1,"說真的,高雄排水又不通,整條路都是水,超級誇張的說。"
c1743,taichung,2023-03-15,5,"講真的,台中今天根本秋高氣爽,整個人都輕鬆起來唉。"
c1744,taichung,2025-03-15,4,"跟你說,難得涼爽的雨天,不用開冷氣挺舒服喔。"
c1745,taichung,2024-10-09,1,"溫度剛好,不過塞車塞了一小時,煩死了啊!"
c1746,taipei,2025-05-16,4,"說真的,天氣涼涼的很舒服,適合窩在家看書啊!"
c1747,taichung,2025-04-17,5,"不誇張,台中這種舒服的秋涼天,整天心情都很好啦。"
c1748,taichung,2025-09-18,5,"唉,超喜歡下雨天的味道,台中這場雨舒服極了唉。"
c1749,taichung,2023-05-03,4,"先說,天氣涼涼的很舒服,適合窩在家看書"
c1750,taipei,2025-01-16,5,"講真的,微涼的天氣讓人特別有精神,今天過得很棒啊!"
c1751,kaohsiung,2023-04-06,5,"唉,高雄今天根本秋高氣爽,整個人都輕鬆起來喔。"
c1752,taipei,2024-12-18,4,"唉,天氣涼涼的很舒服,適合窩在家看書的說。"
c1753,taipei,2023-04-22,3,"唉,台北今天天氣普通,沒什麼特別感覺唉。"
c1754,kaohsiung,2024-04-06,4,"唉,天氣涼涼的很舒服,適合窩在家看書的說。"
c1755,taichung,2025-03-24,5,"說真的,涼爽宜人的一天,出去野餐超級開心"
c1756,kaohsiung,2025-12-05,4,"老實說,陽光溫和不刺眼,這種天氣算滿舒服的耶。"
c1757,taichung,2023-09-14,4,"老天鵝,台中今天雲層很美,拍照效果超棒唉。"
c1758,taipei,2024-04-04,4,"跟你說,下雨天在家聽雨聲,感覺還蠻放鬆的喔。"
c1759,taipei,2025-05-12,4,"陽光溫和不刺眼,這種天氣算滿舒服的。"
c1760,taipei,2023-02-12,5,"唉,台北今天根本秋高氣爽,整個人都輕鬆起來啦。"
c1761,taipei,2025-05-08,4,"先說,天氣涼涼的很舒服,適合窩在家看書……"
c1762,taipei,2023-08-19,3,"講真的,台北今天下雨,出門記得帶傘啊!"
c1763,taichung,2025-06-20,3,"沒什麼特別,平常心看待今天的天氣喔。"
c1764,taipei,2025-12-06,2,"欸,溫度雖然剛好,紫外線還是偏強,有點在意啦。"
c1765,taichung,2024-01-12,4,"唉,溫度剛剛好,適合出門走走,還蠻愉快的"
c1766,taipei,2023-09-02,3,"跟你說,台北今天下雨,出門記得帶傘的說。"
c1767,kaohsiung,2024-03-04,5,"說真的,高雄今天根本秋高氣爽,整個人都輕鬆起來唉。"
c1768,taichung,2025-04-15,4,"不誇張,今天台中天氣舒服,微風徐徐心情不錯……"
c1769,taichung,2023-04-30,4,"說真的,陽光溫和不刺眼,這種天氣算滿舒服的唉。"
c1770,taichung,2024-04-05,5,"不誇張,台中今天根本秋高氣爽,整個人都輕鬆起來。"
c1771,kaohsiung,2023-09-07,1,"跟你說,傘被強風吹爛,全身濕到不行,氣死我了啊!"
c1772,taichung,2025-12-09,4,"唉,溫度剛剛好,適合出門走走,還蠻愉快的喔。"
c1773,taipei,2025-04-23,3,"講真的,台北今天下雨,出門記得帶傘的說。"
c1774,taichung,2023-11-15,4,"老實說,今天台中天氣舒服,微風徐徐心情不錯!"
c1775,kaohsiung,2023-10-21,5,"講真的,涼爽宜人的一天,出去野餐超級開心!"
c1776,taichung,2023-05-09,4,"跟你說,陽光溫和不刺眼,這種天氣算滿舒服的。"
c1777,kaohsiung,2023-07-04,5,"微涼的天氣讓人特別有精神,今天過得很棒……"
c1778,kaohsiung,2024-10-17,5,"說真的,涼爽宜人的一天,出去野餐超級開心"
c1779,taichung,2023-08-22,5,"先說,雨中散步別有一番風味,今天心情超好……"
c1780,kaohsiung,2024-01-07,3,"不誇張,氣溫適中,就是平凡的一天啊!"
c1781,kaohsiung,2024-01-15,3,"欸,高雄今天天氣普通,沒什麼特別感覺喔。"
c1782,taipei,2023-07-03,4,"下雨天在家聽雨聲,感覺還蠻放鬆的唉。"
c1783,taichung,2025-11-20,4,"講真的,陽光溫和不刺眼,這種天氣算滿舒服的"
c1784,kaohsiung,2025-04-26,3,"跟你說,高雄今天天氣還好,普普通通而已喔。"
c1785,taichung,2025-11-07,4,"不誇張,台中今天雲層很美,拍照效果超棒啊!"
c1786,taipei,2023-05-06,4,"跟你說,雨後空氣變清新,台北的天空滿好看。"
c1787,taipei,2024-04-20,5,"唉,微涼的天氣讓人特別有精神,今天過得很棒"
c1788,taichung,2023-08-12,5,"不誇張,雨中散步別有一番風味,今天心情超好"
c1789,taichung,2023-03-13,4,"先說,陽光溫和不刺眼,這種天氣算滿舒服的啊!"
c1790,taichung,2025-12-09,4,"講真的,溫度剛剛好,適合出門走走,還蠻愉快的耶。"
c1791,taichung,2025-11-09,1,"唉,這種忽冷忽熱的天氣讓人很不耐煩!"
c1792,taipei,2025-01-01,3,"講真的,台北今天下雨,出門記得帶傘"
c1793,taipei,2024-07-25,2,"跟你說,又忘記帶傘,被淋得有點狼狽啦。"
c1794,kaohsiung,2025-02-26,5,"跟你說,這種完美天氣一年沒幾天,超級珍惜喔。"
c1795,taichung,2024-07-27,4,"講真的,雨後空氣變清新,台中的天空滿好看喔。"
c1796,taichung,2025-02-18,4,"不誇張,溫度剛剛好,適合出門走走,還蠻愉快的……"
c1797,kaohsiung,2025-11-01,4,"講真的,溫度剛剛好,適合出門走走,還蠻愉快的啊!"
c1798,kaohsiung,2023-11-28,5,"唉,高雄今天根本秋高氣爽,整個人都輕鬆起來!"
c1799,kaohsiung,2023-01-02,2,"先說,又忘記帶傘,被淋得有點狼狽。"
c1800,kaohsiung,2024-12-28,3,"唉,沒什麼特別,平常心看待今天的天氣唉。"
c1801,taichung,2024-10-26,4,"不誇張,下雨天在家聽雨聲,感覺還蠻放鬆的唉。"
c1802,taipei,2023-09-06,4,"老天鵝,難得涼爽的雨天,不用開冷氣挺舒服喔。"
c1803,kaohsiung,2024-09-30,4,"老天鵝,高雄今天雲層很美,拍照效果超棒喔。"
c1804,taichung,2024-12-03,5,"欸,這種完美天氣一年沒幾天,超級珍惜……"
c1805,kaohsiung,2025-12-26,4,"老天鵝,高雄今天雲層很美,拍照效果超棒!"
c1806,taipei,2025-12-17,4,"說真的,陽光溫和不刺眼,這種天氣算滿舒服的!"
c1807,taipei,2023-11-12,5,"講真的,終於降溫了,這場雨根本是及時雨,太棒了。"
c1808,kaohsiung,2025-01-21,5,"說真的,這種完美天氣一年沒幾天,超級珍惜……"
c1809,taipei,2023-01-28,3,"老實說,沒什麼特別,平常心看待今天的天氣啦。"
c1810,taichung,2024-12-18,3,"欸,台中今天天氣還好,普普通通而已啊!"
c1811,taipei,2023-02-22,5,"老天鵝,台北這種舒服的秋涼天,整天心情都很好唉。"
c1812,kaohsiung,2023-02-27,4,"唉,陽光溫和不刺眼,這種天氣算滿舒服的喔。"
c1813,taipei,2023-02-10,5,"微涼的天氣讓人特別有精神,今天過得很棒!"
c1814,kaohsiung,2025-07-12,5,"說真的,雨中散步別有一番風味,今天心情超好!"
c1815,taichung,2023-06-01,4,"先說,今天台中天氣舒服,微風徐徐心情不錯唉。"
c1816,taichung,2023-01-28,5,"唉,微涼的天氣讓人特別有精神,今天過得很棒"
c1817,taichung,2023-12-28,2,"跟你說,台中下雨天出門好麻煩,心情有點差!"
c1818,kaohsiung,2025-03-19,5,"老實說,微涼的天氣讓人特別有精神,今天過得很棒"
c1819,taichung,2023-03-09,4,"不誇張,溫度剛剛好,適合出門走走,還蠻愉快的喔。"
c1820,taichung,2025-01-22,3,"唉,下雨天沒什麼特別感覺,還好而已耶。"
c1821,taichung,2023-08-30,5,"唉,台中這種舒服的秋涼天,整天心情都很好的說。"
c1822,kaohsiung,2023-04-13,5,"老天鵝,這種完美天氣一年沒幾天,超級珍惜喔。"
c1823,taichung,2023-09-14,5,"台中這種舒服的秋涼天,整天心情都很好啊!"
c1824,taichung,2024-03-08,4,"跟你說,天氣涼涼的很舒服,適合窩在家看書"
c1825,kaohsiung,2024-12-20,4,"老天鵝,陽光溫和不刺眼,這種天氣算滿舒服的的說。"
c1826,taichung,2023-12-13,5,"老實說,這種完美天氣一年沒幾天,超級珍惜喔。"
c1827,kaohsiung,2023-03-17,5,"老天鵝,涼爽宜人的一天,出去野餐超級開心唉。"
c1828,kaohsiung,2024-04-03,5,"老天鵝,高雄這種舒服的秋涼天,整天心情都很好耶。"
c1829,taichung,2024-11-20,5,"老天鵝,涼爽宜人的一天,出去野餐超級開心。"
c1830,kaohsiung,2024-05-14,1,"先說,騎車滑倒在濕滑路面,痛死了,爛透了喔。"
c1831,kaohsiung,2023-10-25,4,"唉,陽光溫和不刺眼,這種天氣算滿舒服的!"
c1832,kaohsiung,2025-07-10,3,"跟你說,下雨天沒什麼特別感覺,還好而已……"
c1833,kaohsiung,2023-12-28,5,"不誇張,終於降溫了,這場雨根本是及時雨,太棒了啦。"
c1834,taichung,2023-06-20,4,"說真的,下雨天在家聽雨聲,感覺還蠻放鬆的"
c1835,kaohsiung,2024-11-21,4,"溫度剛剛好,適合出門走走,還蠻愉快的耶。"
c1836,taipei,2025-02-15,5,"涼爽宜人的一天,出去野餐超級開心!"
c1837,kaohsiung,2023-01-13,4,"陽光溫和不刺眼,這種天氣算滿舒服的唉。"
c1838,taipei,2023-05-16,3,"欸,台北今天天氣還好,普普通通而已喔。"
c1839,kaohsiung,2023-01-18,5,"老實說,涼爽宜人的一天,出去野餐超級開心啊!"
c1840,kaohsiung,2023-09-23,4,"老天鵝,下雨天在家聽雨聲,感覺還蠻放鬆的。"
c1841,taipei,2025-05-21,1,"唉,台北又下大雨,鞋子襪子全濕透,超級崩潰唉。"
c1842,taichung,2023-11-07,5,"不誇張,台中這種舒服的秋涼天,整天心情都很好……"
c1843,kaohsiung,2025-12-06,4,"先說,陽光溫和不刺眼,這種天氣算滿舒服的啦。"
c1844,taichung,2025-10-01,3,"唉,天氣熱,不過還算可以忍受!"
c1845,kaohsiung,2023-02-13,4,"講真的,陽光溫和不刺眼,這種天氣算滿舒服的啦。"
c1846,kaohsiung,2023-12-31,5,"講真的,雨中散步別有一番風味,今天心情超好!"
c1847,kaohsiung,2023-04-07,4,"欸,今天高雄天氣舒服,微風徐徐心情不錯。"
c1848,taichung,2024-10-10,5,"說真的,台中今天根本秋高氣爽,整個人都輕鬆起來!"
c1849,taichung,2023-02-27,5,"老實說,這種完美天氣一年沒幾天,超級珍惜……"
c1850,kaohsiung,2025-01-08,4,"先說,溫度剛剛好,適合出門走走,還蠻愉快的耶。"
c1851,taichung,2023-07-12,3,"老天鵝,台中今天下雨,出門記得帶傘"
c1852,taipei,2025-05-08,4,"先說,台北今天雲層很美,拍照效果超棒唉。"
c1853,taichung,2025-02-17,5,"說真的,台中今天根本秋高氣爽,整個人都輕鬆起來"
c1854,taipei,2024-02-03,3,"說真的,台北今天天氣普通,沒什麼特別感覺啦。"
c1855,taichung,2025-02-22,4,"今天台中天氣舒服,微風徐徐心情不錯"
c1856,taichung,2025-08-16,2,"說真的,太陽好大,撐傘還是覺得有點喘不過氣。"
c1857,taichung,2023-06-10,4,"唉,難得涼爽的雨天,不用開冷氣挺舒服的說。"
c1858,kaohsiung,2023-12-17,5,"欸,超喜歡下雨天的味道,高雄這場雨舒服極了……"
c1859,kaohsiung,2025-08-26,5,"不誇張,終於降溫了,這場雨根本是及時雨,太棒了……"
c1860,kaohsiung,2023-05-01,3,"講真的,高雄今天天氣普通,沒什麼特別感覺唉。"
c1861,kaohsiung,2023-11-28,5,"講真的,涼爽宜人的一天,出去野餐超級開心"
c1862,taichung,2023-03-15,4,"說真的,今天台中天氣舒服,微風徐徐心情不錯喔。"
c1863,kaohsiung,2023-01-21,4,"先說,溫度剛剛好,適合出門走走,還蠻愉快的喔。"
c1864,taichung,2024-10-02,3,"老天鵝,雨下得不算大,天氣普普通通……"
c1865,taipei,2024-07-02,1,"台北排水又不通,整條路都是水,超級誇張。"
c1866,taichung,2024-09-06,4,"唉,難得涼爽的雨天,不用開冷氣挺舒服啊!"
c1867,taichung,2024-05-10,4,"老實說,陽光溫和不刺眼,這種天氣算滿舒服的啦。"
c1868,taipei,2024-02-23,5,"先說,微涼的天氣讓人特別有精神,今天過得很棒唉。"
c1869,taipei,2024-11-03,4,"老實說,陽光溫和不刺眼,這種天氣算滿舒服的……"
c1870,kaohsiung,2025-08-11,2,"欸,濕度太高,衣服都曬不乾,有點煩啊!"
c1871,kaohsiung,2024-08-15,3,"唉,高雄今天下雨,出門記得帶傘耶。"
c1872,taichung,2024-11-08,4,"溫度剛剛好,適合出門走走,還蠻愉快的!"
c1873,taichung,2023-09-13,4,"講真的,今天台中天氣舒服,微風徐徐心情不錯啦。"
c1874,taipei,2024-04-09,5,"先說,超喜歡下雨天的味道,台北這場雨舒服極了啊!"
c1875,taichung,2023-05-21,2,"老實說,又忘記帶傘,被淋得有點狼狽……"
c1876,taichung,2025-11-21,5,"不誇張,涼爽宜人的一天,出去野餐超級開心啦。"
c1877,kaohsiung,2023-09-23,2,"老實說,濕度太高,衣服都曬不乾,有點煩的說。"
c1878,kaohsiung,2023-03-03,4,"老實說,今天高雄天氣舒服,微風徐徐心情不錯。"
c1879,taipei,2023-06-26,1,"老實說,台北又下大雨,鞋子襪子全濕透,超級崩潰的說。"
c1880,taichung,2024-10-10,4,"老實說,溫度剛剛好,適合出門走走,還蠻愉快的耶。"
c1881,taipei,2023-01-02,5,"老天鵝,雨中散步別有一番風味,今天心情超好的說。"
c1882,kaohsiung,2023-11-25,4,"欸,陽光溫和不刺眼,這種天氣算滿舒服的!"
c1883,taichung,2024-07-29,4,"先說,難得涼爽的雨天,不用開冷氣挺舒服的說。"
c1884,taichung,2024-02-23,4,"講真的,溫度剛剛好,適合出門走走,還蠻愉快的……"
c1885,kaohsiung,2024-04-19,4,"講真的,天氣涼涼的很舒服,適合窩在家看書的說。"
c1886,taipei,2024-04-19,4,"講真的,台北今天雲層很美,拍照效果超棒耶。"
c1887,taichung,2025-06-21,4,"先說,雨後空氣變清新,台中的天空滿好看。"
c1888,taichung,2023-01-21,5,"老實說,涼爽宜人的一天,出去野餐超級開心……"
c1889,taichung,2025-07-28,4,"說真的,下雨天在家聽雨聲,感覺還蠻放鬆的"
c1890,kaohsiung,2025-04-04,5,"老實說,這種完美天氣一年沒幾天,超級珍惜。"
c1891,taichung,2024-10-12,4,"講真的,台中今天雲層很美,拍照效果超棒……"
c1892,taipei,2023-03-10,5,"老實說,這種完美天氣一年沒幾天,超級珍惜喔。"
c1893,kaohsiung,2023-05-19,2,"不誇張,雨勢時大時小,交通變得比較塞唉。"
c1894,kaohsiung,2023-04-08,5,"講真的,高雄今天根本秋高氣爽,整個人都輕鬆起來"
c1895,kaohsiung,2025-02-11,2,"老實說,天氣還可以,不過風有點大吹得有點煩!"
c1896,taipei,2024-01-03,2,"老實說,雨勢時大時小,交通變得比較塞啊!"
c1897,taipei,2024-11-18,2,"說真的,雨勢時大時小,交通變得比較塞唉。"
c1898,kaohsiung,2024-12-07,4,"唉,今天高雄天氣舒服,微風徐徐心情不錯"
c1899,taichung,2023-07-31,3,"說真的,下雨天沒什麼特別感覺,還好而已的說。"
c1900,taipei,2024-08-17,4,"不誇張,下雨天在家聽雨聲,感覺還蠻放鬆的啦。"
c1901,taichung,2023-01-13,5,"台中今天根本秋高氣爽,整個人都輕鬆起來喔。"
c1902,taipei,2025-11-23,1,"唉,天氣是不錯,但今天諸事不順,心情很差。"
c1903,taichung,2023-02-23,4,"講真的,今天台中天氣舒服,微風徐徐心情不錯喔。"
c1904,taichung,2025-04-12,2,"先說,又忘記帶傘,被淋得有點狼狽啊!"
c1905,kaohsiung,2025-03-29,2,"天氣還可以,不過風有點大吹得有點煩。"
c1906,kaohsiung,2025-11-04,4,"老天鵝,溫度剛剛好,適合出門走走,還蠻愉快的啦。"
c1907,kaohsiung,2025-10-02,5,"先說,超喜歡下雨天的味道,高雄這場雨舒服極了啦。"
c1908,taichung,2025-07-27,1,"老實說,傘被強風吹爛,全身濕到不行,氣死我了的說。"
c1909,taipei,2023-05-12,5,"不誇張,這種完美天氣一年沒幾天,超級珍惜。"
c1910,kaohsiung,2025-04-25,1,"講真的,高雄今天陰陰的,心情也跟著悶悶的"
c1911,taipei,2025-11-28,3,"唉,台北今天天氣還好,普普通通而已喔。"
c1912,taichung,2024-10-08,5,"涼爽宜人的一天,出去野餐超級開心……"
c1913,taipei,2024-01-27,2,"唉,濕度太高,衣服都曬不乾,有點煩!"
c1914,kaohsiung,2023-11-25,4,"溫度剛剛好,適合出門走走,還蠻愉快的"
c1915,taipei,2023-03-08,3,"講真的,台北今天天氣普通,沒什麼特別感覺啦。"
c1916,taichung,2025-03-06,5,"不誇張,雨中散步別有一番風味,今天心情超好啊!"
c1917,kaohsiung,2024-03-03,4,"唉,今天高雄天氣舒服,微風徐徐心情不錯耶。"
c1918,kaohsiung,2025-03-04,2,"跟你說,濕度太高,衣服都曬不乾,有點煩耶。"
c1919,kaohsiung,2023-02-04,5,"跟你說,這種完美天氣一年沒幾天,超級珍惜啦。"
c1920,kaohsiung,2023-12-20,1,"唉,高雄又下大雨,鞋子襪子全濕透,超級崩潰唉。"
c1921,kaohsiung,2023-05-11,5,"高雄今天根本秋高氣爽,整個人都輕鬆起來……"
c1922,taipei,2025-04-28,3,"跟你說,雨下得不算大,天氣普普通通唉。"
c1923,taipei,2023-04-03,4,"老實說,溫度剛剛好,適合出門走走,還蠻愉快的!"
c1924,taichung,2024-02-14,5,"講真的,涼爽宜人的一天,出去野餐超級開心……"
c1925,taipei,2023-11-01,5,"說真的,台北今天根本秋高氣爽,整個人都輕鬆起來耶。"
c1926,taipei,2024-01-26,4,"唉,台北今天雲層很美,拍照效果超棒啦。"
c1927,taichung,2023-03-25,5,"先說,終於降溫了,這場雨根本是及時雨,太棒了唉。"
c1928,kaohsiung,2025-04-18,4,"天氣涼涼的很舒服,適合窩在家看書。"
c1929,kaohsiung,2025-02-20,5,"老實說,這種完美天氣一年沒幾天,超級珍惜。"
c1930,taichung,2023-11-18,5,"唉,涼爽宜人的一天,出去野餐超級開心喔。"
c1931,taipei,2025-08-08,2,"老天鵝,熱到沒什麼胃口,整個人懶洋洋的耶。"
c1932,taichung,2023-02-17,1,"講真的,溫度剛好,不過塞車塞了一小時,煩死了"
c1933,kaohsiung,2025-08-02,4,"講真的,難得涼爽的雨天,不用開冷氣挺舒服。"
c1934,taichung,2024-01-17,3,"唉,氣溫適中,就是平凡的一天啊!"
c1935,kaohsiung,2025-12-21,3,"欸,高雄今天天氣普通,沒什麼特別感覺唉。"
c1936,kaohsiung,2024-03-06,4,"跟你說,今天高雄天氣舒服,微風徐徐心情不錯啦。"
c1937,taipei,2025-09-24,4,"不誇張,難得涼爽的雨天,不用開冷氣挺舒服喔。"
c1938,kaohsiung,2023-04-03,5,"欸,涼爽宜人的一天,出去野餐超級開心唉。"
c1939,taipei,2024-05-03,4,"老天鵝,今天台北天氣舒服,微風徐徐心情不錯"
c1940,taipei,2023-07-09,5,"先說,曬得黝黑正好去衝浪,今天超級盡興啦。"
c1941,taichung,2024-08-11,3,"老天鵝,下雨天沒什麼特別感覺,還好而已的說。"
c1942,kaohsiung,2023-05-21,5,"先說,微涼的天氣讓人特別有精神,今天過得很棒!"
c1943,taipei,2024-10-24,4,"說真的,難得涼爽的雨天,不用開冷氣挺舒服的說。"
c1944,taichung,2023-11-20,4,"講真的,今天台中天氣舒服,微風徐徐心情不錯"
c1945,kaohsiung,2025-06-15,4,"高雄今天雲層很美,拍照效果超棒啦。"
c1946,taipei,2023-05-23,2,"不誇張,又忘記帶傘,被淋得有點狼狽喔。"
c1947,taichung,2025-09-15,5,"先說,熱是熱,但這種夏天的活力感我超喜歡。"
c1948,kaohsiung,2024-12-01,5,"高雄今天根本秋高氣爽,整個人都輕鬆起來"
c1949,kaohsiung,2025-12-04,4,"跟你說,今天高雄天氣舒服,微風徐徐心情不錯啦。"
c1950,taichung,2025-12-30,4,"先說,今天台中天氣舒服,微風徐徐心情不錯啊!"
c1951,taipei,2024-02-22,4,"老天鵝,溫度剛剛好,適合出門走走,還蠻愉快的"
c1952,taichung,2023-04-04,1,"欸,溫度剛好,不過塞車塞了一小時,煩死了。"
c1953,taichung,2024-02-18,5,"唉,台中今天根本秋高氣爽,整個人都輕鬆起來耶。"
c1954,taichung,2025-06-22,4,"台中今天雲層很美,拍照效果超棒啦。"
c1955,taichung,2024-09-15,4,"唉,台中今天雲層很美,拍照效果超棒!"
c1956,kaohsiung,2023-07-17,3,"老實說,高雄今天氣溫偏高,出門記得防曬啦。"
c1957,taichung,2025-07-02,1,"氣溫飆破34.9度,曬到皮膚都痛了,誇張"
c1958,taipei,2023-09-13,5,"老實說,台北這種舒服的秋涼天,整天心情都很好。"
c1959,taichung,2023-04-05,4,"老天鵝,難得涼爽的雨天,不用開冷氣挺舒服的說。"
c1960,kaohsiung,2024-04-07,5,"欸,微涼的天氣讓人特別有精神,今天過得很棒啦。"
c1961,taichung,2024-01-06,1,"老實說,天氣是不錯,但今天諸事不順,心情很差……"
c1962,taichung,2025-12-10,4,"講真的,溫度剛剛好,適合出門走走,還蠻愉快的啦。"
c1963,kaohsiung,2023-02-21,4,"跟你說,溫度剛剛好,適合出門走走,還蠻愉快的的說。"
c1964,kaohsiung,2025-02-05,4,"先說,天氣涼涼的很舒服,適合窩在家看書啊!"
c1965,kaohsiung,2025-01-04,4,"陽光溫和不刺眼,這種天氣算滿舒服的。"
c1966,taipei,2024-11-23,5,"唉,台北今天根本秋高氣爽,整個人都輕鬆起來啦。"
c1967,kaohsiung,2025-03-10,4,"溫度剛剛好,適合出門走走,還蠻愉快的的說。"
c1968,taichung,2025-03-02,4,"台中今天雲層很美,拍照效果超棒!"
c1969,kaohsiung,2023-01-10,3,"不誇張,高雄今天天氣普通,沒什麼特別感覺!"
c1970,taichung,2024-01-11,3,"說真的,台中今天天氣還好,普普通通而已的說。"
c1971,kaohsiung,2024-06-06,4,"講真的,下雨天在家聽雨聲,感覺還蠻放鬆的啊!"
c1972,taipei,2024-12-07,4,"說真的,難得涼爽的雨天,不用開冷氣挺舒服。"
c1973,taipei,2023-10-13,4,"唉,陽光溫和不刺眼,這種天氣算滿舒服的啦。"
c1974,kaohsiung,2024-01-27,5,"老天鵝,涼爽宜人的一天,出去野餐超級開心的說。"
c1975,taichung,2025-12-30,4,"跟你說,陽光溫和不刺眼,這種天氣算滿舒服的唉。"
c1976,taichung,2023-05-16,4,"老實說,天氣涼涼的很舒服,適合窩在家看書"
c1977,kaohsiung,2025-11-22,5,"唉,涼爽宜人的一天,出去野餐超級開心啊!"
c1978,taipei,2023-10-09,5,"老天鵝,雨中散步別有一番風味,今天心情超好啊!"
c1979,kaohsiung,2024-03-21,5,"不誇張,高雄今天根本秋高氣爽,整個人都輕鬆起來喔。"
c1980,taipei,2024-08-18,2,"先說,濕度太高,衣服都曬不乾,有點煩啊!"
c1981,kaohsiung,2024-09-12,3,"先說,高雄今天下雨,出門記得帶傘唉。"
c1982,kaohsiung,2023-08-11,2,"老實說,濕度太高,衣服都曬不乾,有點煩啦。"
c1983,taipei,2023-01-18,2,"講真的,台北早晚溫差有點大,穿搭很難抓喔。"
c1984,kaohsiung,2025-02-07,5,"說真的,這種完美天氣一年沒幾天,超級珍惜喔。"
c1985,taichung,2024-05-25,5,"講真的,超喜歡下雨天的味道,台中這場雨舒服極了耶。"
c1986,kaohsiung,2024-04-15,4,"說真的,天氣涼涼的很舒服,適合窩在家看書。"
c1987,taipei,2025-01-07,3,"說真的,沒什麼特別,平常心看待今天的天氣……"
c1988,kaohsiung,2023-02-12,3,"欸,高雄今天天氣普通,沒什麼特別感覺的說。"
c1989,kaohsiung,2025-02-10,4,"講真的,高雄今天雲層很美,拍照效果超棒"
c1990,taichung,2025-08-29,2,"欸,台中今天有夠悶熱,出門就開始冒汗,有點煩啊!"
c1991,kaohsiung,2023-02-12,5,"講真的,涼爽宜人的一天,出去野餐超級開心!"
c1992,taichung,2025-01-10,4,"台中今天雲層很美,拍照效果超棒……"
c1993,taichung,2024-04-07,4,"老實說,難得涼爽的雨天,不用開冷氣挺舒服啦。"
c1994,taipei,2023-12-15,5,"老實說,台北今天根本秋高氣爽,整個人都輕鬆起來!"
c1995,taipei,2024-02-06,5,"唉,微涼的天氣讓人特別有精神,今天過得很棒……"
c1996,taipei,2025-12-23,4,"先說,溫度剛剛好,適合出門走走,還蠻愉快的唉。"
c1997,kaohsiung,2023-03-04,4,"講真的,溫度剛剛好,適合出門走走,還蠻愉快的。"
c1998,taichung,2025-02-16,4,"老實說,陽光溫和不刺眼,這種天氣算滿舒服的。"
c1999,kaohsiung,2023-04-09,2,"老實說,天氣還可以,不過風有點大吹得有點煩!"
c2000,taipei,2025-06-26,1,"說真的,氣溫飆破33.7度,曬到皮膚都痛了,誇張耶。"
c2001,taipei,2025-04-18,3,"先說,雨下得不算大,天氣普普通通喔。"
c2002,taipei,2025-03-10,5,"先說,台北今天根本秋高氣爽,整個人都輕鬆起來耶。"
c2003,taipei,2025-06-14,5,"雨中散步別有一番風味,今天心情超好。"
c2004,kaohsiung,2024-10-02,5,"不誇張,雨中散步別有一番風味,今天心情超好的說。"
c2005,taipei,2024-07-03,2,"說真的,太陽好大,撐傘還是覺得有點喘不過氣的說。"
c2006,kaohsiung,2023-03-19,5,"高雄今天根本秋高氣爽,整個人都輕鬆起來啦。"
c2007,taichung,2024-11-10,3,"氣溫適中,就是平凡的一天喔。"
c2008,taichung,2024-06-24,3,"先說,下雨天沒什麼特別感覺,還好而已!"
c2009,kaohsiung,2025-05-05,4,"唉,天氣涼涼的很舒服,適合窩在家看書。"
c2010,kaohsiung,2025-06-07,2,"老天鵝,高雄下雨天出門好麻煩,心情有點差"
c2011,taipei,2024-01-02,4,"跟你說,溫度剛剛好,適合出門走走,還蠻愉快的唉。"
c2012,taipei,2023-03-21,2,"說真的,溫度雖然剛好,紫外線還是偏強,有點在意!"
c2013,taichung,2024-03-30,1,"講真的,騎車滑倒在濕滑路面,痛死了,爛透了啊!"
c2014,taipei,2025-03-28,4,"唉,雨後空氣變清新,台北的天空滿好看的說。"
c2015,kaohsiung,2023-03-14,5,"講真的,涼爽宜人的一天,出去野餐超級開心的說。"
c2016,taipei,2024-08-09,3,"先說,下雨天沒什麼特別感覺,還好而已!"
c2017,kaohsiung,2023-12-15,5,"不誇張,這種完美天氣一年沒幾天,超級珍惜的說。"
c2018,taipei,2025-11-25,2,"老天鵝,台北下雨天出門好麻煩,心情有點差啦。"
c2019,kaohsiung,2025-07-27,4,"先說,下雨天在家聽雨聲,感覺還蠻放鬆的。"
c2020,taipei,2023-10-17,4,"說真的,陽光溫和不刺眼,這種天氣算滿舒服的啦。"
c2021,taichung,2024-06-08,3,"老實說,下雨天沒什麼特別感覺,還好而已耶。"
c2022,kaohsiung,2023-05-19,4,"講真的,雨後空氣變清新,高雄的天空滿好看啦。"
c2023,taichung,2024-01-26,3,"跟你說,台中今天天氣還好,普普通通而已"
c2024,taichung,2024-02-06,4,"不誇張,雨後空氣變清新,台中的天空滿好看啦。"
c2025,taichung,2023-09-05,4,"老天鵝,雨後空氣變清新,台中的天空滿好看啊!"
c2026,taipei,2023-07-14,3,"老實說,天氣熱,不過還算可以忍受啦。"
c2027,taichung,2023-12-10,4,"不誇張,陽光溫和不刺眼,這種天氣算滿舒服的唉。"
c2028,taipei,2023-01-12,5,"欸,涼爽宜人的一天,出去野餐超級開心耶。"
c2029,taipei,2024-12-05,4,"不誇張,天氣涼涼的很舒服,適合窩在家看書……"
c2030,kaohsiung,2023-09-24,5,"終於降溫了,這場雨根本是及時雨,太棒了的說。"
c2031,taipei,2024-02-12,5,"先說,微涼的天氣讓人特別有精神,今天過得很棒唉。"
c2032,taipei,2024-10-12,5,"台北今天根本秋高氣爽,整個人都輕鬆起來!"
c2033,taichung,2024-11-04,4,"欸,陽光溫和不刺眼,這種天氣算滿舒服的啊!"
c2034,kaohsiung,2023-06-13,1,"不誇張,高雄又下大雨,鞋子襪子全濕透,超級崩潰……"
c2035,kaohsiung,2025-02-13,4,"老實說,雨後空氣變清新,高雄的天空滿好看!"
c2036,taipei,2025-02-15,4,"欸,溫度剛剛好,適合出門走走,還蠻愉快的耶。"
c2037,taichung,2023-08-16,3,"台中今天下雨,出門記得帶傘。"
c2038,kaohsiung,2023-02-25,4,"今天高雄天氣舒服,微風徐徐心情不錯啦。"
c2039,taichung,2025-07-12,4,"先說,雨後空氣變清新,台中的天空滿好看的說。"
c2040,taipei,2024-03-11,5,"說真的,超喜歡下雨天的味道,台北這場雨舒服極了。"
c2041,taichung,2025-03-29,1,"老天鵝,天氣是不錯,但今天諸事不順,心情很差的說。"
c2042,taipei,2024-03-21,3,"唉,台北今天天氣普通,沒什麼特別感覺唉。"
c2043,taichung,2023-03-05,2,"不誇張,溫度雖然剛好,紫外線還是偏強,有點在意的說。"
c2044,kaohsiung,2023-05-10,5,"唉,高雄今天根本秋高氣爽,整個人都輕鬆起來的說。"
c2045,taichung,2024-10-22,3,"欸,台中今天天氣還好,普普通通而已……"
c2046,taipei,2023-05-30,5,"說真的,終於降溫了,這場雨根本是及時雨,太棒了耶。"
c2047,taichung,2025-01-22,2,"講真的,濕度太高,衣服都曬不乾,有點煩唉。"
c2048,kaohsiung,2024-07-10,5,"跟你說,微涼的天氣讓人特別有精神,今天過得很棒唉。"
c2049,kaohsiung,2025-02-19,4,"跟你說,高雄今天雲層很美,拍照效果超棒耶。"
c2050,taichung,2025-10-01,5,"曬得黝黑正好去衝浪,今天超級盡興。"
c2051,taichung,2023-11-21,5,"涼爽宜人的一天,出去野餐超級開心喔。"
c2052,taichung,2025-12-06,5,"講真的,台中今天根本秋高氣爽,整個人都輕鬆起來唉。"
c2053,taipei,2023-06-14,5,"不誇張,終於降溫了,這場雨根本是及時雨,太棒了啊!"
c2054,kaohsiung,2023-04-21,2,"欸,高雄下雨天出門好麻煩,心情有點差耶。"
c2055,taichung,2024-04-14,4,"跟你說,台中今天雲層很美,拍照效果超棒"
c2056,taichung,2024-02-28,4,"不誇張,陽光溫和不刺眼,這種天氣算滿舒服的啊!"
c2057,taipei,2024-06-05,2,"講真的,台北下雨天出門好麻煩,心情有點差的說。"
c2058,taichung,2023-10-27,4,"說真的,台中今天雲層很美,拍照效果超棒啊!"
c2059,taipei,2024-03-17,5,"先說,涼爽宜人的一天,出去野餐超級開心!"
c2060,taichung,2025-01-13,5,"講真的,台中今天根本秋高氣爽,整個人都輕鬆起來"
c2061,taipei,2024-11-15,3,"欸,台北今天天氣還好,普普通通而已唉。"
c2062,kaohsiung,2024-06-06,1,"先說,高雄排水又不通,整條路都是水,超級誇張唉。"
c2063,taichung,2025-03-11,2,"說真的,雨勢時大時小,交通變得比較塞!"
c2064,kaohsiung,2025-07-28,2,"說真的,雨勢時大時小,交通變得比較塞唉。"
c2065,kaohsiung,2024-01-27,4,"老天鵝,溫度剛剛好,適合出門走走,還蠻愉快的啊!"
c2066,kaohsiung,2024-12-08,5,"跟你說,高雄今天根本秋高氣爽,整個人都輕鬆起來的說。"
c2067,taipei,2024-12-22,4,"講真的,台北今天雲層很美,拍照效果超棒。"
c2068,taipei,2023-11-19,4,"唉,陽光溫和不刺眼,這種天氣算滿舒服的"
c2069,kaohsiung,2023-02-18,5,"先說,涼爽宜人的一天,出去野餐超級開心……"
c2070,taichung,2024-04-01,3,"跟你說,台中今天下雨,出門記得帶傘耶。"
c2071,taichung,2023-05-16,3,"欸,沒什麼特別,平常心看待今天的天氣"
c2072,taichung,2024-10-03,2,"不誇張,雨勢時大時小,交通變得比較塞。"
c2073,taichung,2025-10-16,4,"跟你說,下雨天在家聽雨聲,感覺還蠻放鬆的的說。"
c2074,taichung,2024-02-02,4,"老實說,陽光溫和不刺眼,這種天氣算滿舒服的耶。"
c2075,taichung,2023-03-17,3,"老實說,氣溫適中,就是平凡的一天啦。"
c2076,taipei,2025-03-17,5,"欸,微涼的天氣讓人特別有精神,今天過得很棒……"
c2077,taichung,2025-08-10,3,"說真的,下雨天沒什麼特別感覺,還好而已啦。"
c2078,taipei,2024-08-20,2,"老實說,台北下雨天出門好麻煩,心情有點差……"
c2079,taichung,2024-02-15,4,"跟你說,今天台中天氣舒服,微風徐徐心情不錯喔。"
c2080,taipei,2023-09-28,3,"跟你說,沒什麼特別,平常心看待今天的天氣喔。"
c2081,taipei,2024-11-03,5,"老天鵝,這種完美天氣一年沒幾天,超級珍惜啊!"
c2082,taichung,2024-10-09,2,"老天鵝,天氣還可以,不過風有點大吹得有點煩耶。"
c2083,taichung,2023-09-27,5,"老天鵝,台中這種舒服的秋涼天,整天心情都很好啊!"
c2084,taichung,2025-04-04,5,"不誇張,雨中散步別有一番風味,今天心情超好啦。"
c2085,taichung,2024-06-11,1,"台中排水又不通,整條路都是水,超級誇張啦。"
c2086,taichung,2023-01-22,4,"欸,溫度剛剛好,適合出門走走,還蠻愉快的……"
c2087,kaohsiung,2024-05-05,2,"先說,高雄早晚溫差有點大,穿搭很難抓啊!"
c2088,kaohsiung,2023-01-04,4,"講真的,陽光溫和不刺眼,這種天氣算滿舒服的啊!"
c2089,taichung,2024-03-04,5,"不誇張,涼爽宜人的一天,出去野餐超級開心!"
c2090,taichung,2023-08-02,2,"先說,台中早晚溫差有點大,穿搭很難抓耶。"
c2091,taipei,2025-08-07,5,"熱是熱,但這種夏天的活力感我超喜歡喔。"
c2092,taichung,2024-02-11,1,"講真的,台中今天陰陰的,心情也跟著悶悶的……"
c2093,kaohsiung,2025-06-25,2,"講真的,高雄下雨天出門好麻煩,心情有點差唉。"
c2094,taipei,2023-03-07,5,"唉,涼爽宜人的一天,出去野餐超級開心啦。"
c2095,kaohsiung,2024-05-25,4,"老天鵝,下雨天在家聽雨聲,感覺還蠻放鬆的唉。"
c2096,taichung,2023-06-12,2,"說真的,濕度太高,衣服都曬不乾,有點煩的說。"
c2097,taipei,2024-04-01,3,"老天鵝,雨下得不算大,天氣普普通通"
c2098,taichung,2024-01-15,5,"先說,台中今天根本秋高氣爽,整個人都輕鬆起來"
c2099,kaohsiung,2023-02-27,4,"不誇張,陽光溫和不刺眼,這種天氣算滿舒服的"
c2100,taichung,2023-12-26,4,"跟你說,陽光溫和不刺眼,這種天氣算滿舒服的耶。"
c2101,taipei,2025-02-08,4,"老實說,下雨天在家聽雨聲,感覺還蠻放鬆的……"
c2102,taichung,2023-09-27,3,"欸,台中今天天氣還好,普普通通而已喔。"
c2103,taipei,2024-12-08,2,"先說,又忘記帶傘,被淋得有點狼狽……"
c2104,taichung,2023-11-17,4,"唉,天氣涼涼的很舒服,適合窩在家看書唉。"
c2105,kaohsiung,2025-07-27,2,"不誇張,濕度太高,衣服都曬不乾,有點煩啦。"
c2106,kaohsiung,2025-12-30,4,"不誇張,陽光溫和不刺眼,這種天氣算滿舒服的啊!"
c2107,taipei,2024-02-04,1,"欸,傘被強風吹爛,全身濕到不行,氣死我了喔。"
c2108,taichung,2023-01-08,5,"先說,涼爽宜人的一天,出去野餐超級開心的說。"
c2109,taichung,2024-07-27,2,"老實說,濕度太高,衣服都曬不乾,有點煩!"
c2110,taipei,2023-02-12,4,"說真的,陽光溫和不刺眼,這種天氣算滿舒服的耶。"
c2111,taichung,2023-01-25,3,"老天鵝,沒什麼特別,平常心看待今天的天氣"
c2112,kaohsiung,2024-06-16,3,"跟你說,雨下得不算大,天氣普普通通……"
c2113,kaohsiung,2025-10-17,3,"欸,沒什麼特別,平常心看待今天的天氣耶。"
c2114,taichung,2023-08-01,1,"說真的,台中又下大雨,鞋子襪子全濕透,超級崩潰唉。"
c2115,taichung,2023-12-13,2,"先說,溫度雖然剛好,紫外線還是偏強,有點在意的說。"
c2116,taichung,2025-02-17,5,"不誇張,涼爽宜人的一天,出去野餐超級開心耶。"
c2117,kaohsiung,2024-11-22,4,"跟你說,今天高雄天氣舒服,微風徐徐心情不錯的說。"
c2118,kaohsiung,2024-12-13,5,"老天鵝,這種完美天氣一年沒幾天,超級珍惜啊!"
c2119,taichung,2023-04-01,1,"唉,騎車滑倒在濕滑路面,痛死了,爛透了的說。"
c2120,kaohsiung,2023-04-07,5,"先說,高雄今天根本秋高氣爽,整個人都輕鬆起來的說。"
c2121,taichung,2023-01-24,3,"老天鵝,台中今天天氣還好,普普通通而已啊!"
c2122,taichung,2023-03-12,3,"老天鵝,氣溫適中,就是平凡的一天喔。"
c2123,taipei,2024-06-11,5,"唉,終於降溫了,這場雨根本是及時雨,太棒了唉。"
c2124,kaohsiung,2025-12-18,5,"講真的,這種完美天氣一年沒幾天,超級珍惜……"
c2125,taipei,2025-12-12,2,"唉,台北早晚溫差有點大,穿搭很難抓……"
c2126,taichung,2024-07-07,1,"說真的,傘被強風吹爛,全身濕到不行,氣死我了"
c2127,taichung,2025-11-29,3,"氣溫適中,就是平凡的一天啦。"
c2128,taichung,2025-04-04,5,"唉,雨中散步別有一番風味,今天心情超好。"
c2129,taipei,2024-04-05,5,"欸,涼爽宜人的一天,出去野餐超級開心啊!"
c2130,taipei,2023-01-22,5,"講真的,涼爽宜人的一天,出去野餐超級開心喔。"
c2131,taichung,2023-06-21,3,"老實說,台中今天下雨,出門記得帶傘!"
c2132,taipei,2025-05-15,4,"老天鵝,台北今天雲層很美,拍照效果超棒耶。"
c2133,kaohsiung,2025-02-24,5,"講真的,這種完美天氣一年沒幾天,超級珍惜。"
c2134,kaohsiung,2025-03-29,4,"欸,溫度剛剛好,適合出門走走,還蠻愉快的啊!"
c2135,taichung,2023-09-29,5,"唉,台中這種舒服的秋涼天,整天心情都很好唉。"
c2136,taipei,2025-07-14,1,"說真的,這種忽冷忽熱的天氣讓人很不耐煩耶。"
c2137,kaohsiung,2024-12-03,4,"先說,今天高雄天氣舒服,微風徐徐心情不錯的說。"
c2138,taichung,2023-07-14,4,"不誇張,天氣涼涼的很舒服,適合窩在家看書耶。"
c2139,kaohsiung,2024-01-20,3,"講真的,氣溫適中,就是平凡的一天!"
c2140,kaohsiung,2024-02-16,4,"欸,今天高雄天氣舒服,微風徐徐心情不錯唉。"
c2141,taichung,2024-08-30,4,"欸,天氣涼涼的很舒服,適合窩在家看書!"
c2142,taichung,2025-06-20,3,"講真的,台中今天天氣還好,普普通通而已"
c2143,taipei,2025-10-01,2,"老實說,熱到沒什麼胃口,整個人懶洋洋的"
c2144,kaohsiung,2023-04-04,5,"微涼的天氣讓人特別有精神,今天過得很棒啦。"
c2145,taichung,2025-03-25,3,"跟你說,沒什麼特別,平常心看待今天的天氣的說。"
c2146,kaohsiung,2025-03-31,4,"先說,今天高雄天氣舒服,微風徐徐心情不錯唉。"
c2147,taipei,2024-03-28,3,"跟你說,氣溫適中,就是平凡的一天喔。"
c2148,kaohsiung,2024-02-21,3,"先說,高雄今天天氣還好,普普通通而已!"
c2149,taipei,2023-01-25,5,"唉,台北這種舒服的秋涼天,整天心情都很好的說。"
c2150,taipei,2025-07-20,1,"老天鵝,台北又下大雨,鞋子襪子全濕透,超級崩潰喔。"
c2151,taipei,2025-10-27,2,"跟你說,濕度太高,衣服都曬不乾,有點煩!"
c2152,taipei,2024-11-05,3,"老實說,台北今天下雨,出門記得帶傘唉。"
c2153,taipei,2023-04-14,3,"老實說,台北今天天氣還好,普普通通而已。"
c2154,taichung,2024-09-06,2,"老天鵝,雨勢時大時小,交通變得比較塞!"
c2155,taipei,2025-10-20,2,"跟你說,又忘記帶傘,被淋得有點狼狽唉。"
c2156,taipei,2024-05-03,5,"不誇張,台北今天根本秋高氣爽,整個人都輕鬆起來的說。"
c2157,kaohsiung,2023-07-30,2,"講真的,高雄下雨天出門好麻煩,心情有點差耶。"
c2158,taipei,2023-07-31,2,"欸,天空灰濛濛的,感覺有點提不起勁喔。"
c2159,taipei,2024-11-23,4,"欸,溫度剛剛好,適合出門走走,還蠻愉快的唉。"
c2160,taipei,2024-10-27,5,"說真的,台北這種舒服的秋涼天,整天心情都很好!"
c2161,taichung,2023-06-19,5,"老天鵝,微涼的天氣讓人特別有精神,今天過得很棒啦。"
c2162,kaohsiung,2025-12-03,4,"先說,今天高雄天氣舒服,微風徐徐心情不錯喔。"
c2163,taipei,2023-12-06,4,"講真的,雨後空氣變清新,台北的天空滿好看!"
c2164,taichung,2025-11-23,5,"這種完美天氣一年沒幾天,超級珍惜……"
c2165,kaohsiung,2024-02-22,5,"跟你說,高雄今天根本秋高氣爽,整個人都輕鬆起來!"
c2166,kaohsiung,2023-12-11,4,"先說,陽光溫和不刺眼,這種天氣算滿舒服的"
c2167,taipei,2024-12-28,2,"天空灰濛濛的,感覺有點提不起勁"
c2168,taichung,2025-12-18,5,"跟你說,涼爽宜人的一天,出去野餐超級開心耶。"
c2169,kaohsiung,2023-04-09,5,"講真的,涼爽宜人的一天,出去野餐超級開心。"
c2170,taipei,2023-01-30,4,"天氣涼涼的很舒服,適合窩在家看書啦。"
c2171,kaohsiung,2024-12-15,5,"講真的,高雄這種舒服的秋涼天,整天心情都很好啊!"
c2172,kaohsiung,2023-10-31,4,"跟你說,今天高雄天氣舒服,微風徐徐心情不錯"
c2173,taipei,2025-02-05,3,"唉,沒什麼特別,平常心看待今天的天氣"
c2174,kaohsiung,2025-05-13,4,"跟你說,陽光溫和不刺眼,這種天氣算滿舒服的喔。"
c2175,kaohsiung,2024-02-02,3,"跟你說,氣溫適中,就是平凡的一天!"
c2176,taipei,2025-06-14,4,"不誇張,難得涼爽的雨天,不用開冷氣挺舒服喔。"
c2177,kaohsiung,2024-09-17,4,"高雄豔陽高照,吃碗剉冰消暑心情就變好喔。"
c2178,kaohsiung,2024-02-17,2,"不誇張,天氣還可以,不過風有點大吹得有點煩耶。"
c2179,taipei,2023-12-08,5,"跟你說,涼爽宜人的一天,出去野餐超級開心的說。"
c2180,kaohsiung,2023-10-02,4,"唉,雨後空氣變清新,高雄的天空滿好看的說。"
c2181,taipei,2023-11-02,3,"說真的,台北今天天氣還好,普普通通而已啊!"
c2182,taichung,2023-05-01,4,"不誇張,陽光溫和不刺眼,這種天氣算滿舒服的。"
c2183,taipei,2023-09-09,4,"欸,台北今天雲層很美,拍照效果超棒喔。"
c2184,kaohsiung,2023-03-16,4,"不誇張,溫度剛剛好,適合出門走走,還蠻愉快的喔。"
c2185,kaohsiung,2025-11-23,2,"跟你說,天氣還可以,不過風有點大吹得有點煩啊!"
c2186,kaohsiung,2023-12-22,5,"講真的,微涼的天氣讓人特別有精神,今天過得很棒。"
c2187,kaohsiung,2023-02-08,4,"唉,溫度剛剛好,適合出門走走,還蠻愉快的耶。"
c2188,taipei,2023-05-27,2,"不誇張,天空灰濛濛的,感覺有點提不起勁。"
c2189,kaohsiung,2023-03-12,5,"高雄今天根本秋高氣爽,整個人都輕鬆起來喔。"
c2190,taichung,2025-02-18,3,"說真的,台中今天天氣普通,沒什麼特別感覺喔。"
c2191,kaohsiung,2025-04-29,5,"微涼的天氣讓人特別有精神,今天過得很棒!"
c2192,taipei,2024-03-29,4,"跟你說,溫度剛剛好,適合出門走走,還蠻愉快的唉。"
c2193,taichung,2023-01-11,2,"老實說,台中下雨天出門好麻煩,心情有點差喔。"
c2194,taichung,2024-10-23,4,"老天鵝,溫度剛剛好,適合出門走走,還蠻愉快的。"
c2195,kaohsiung,2025-07-09,4,"講真的,難得涼爽的雨天,不用開冷氣挺舒服……"
c2196,taichung,2024-10-30,5,"先說,這種完美天氣一年沒幾天,超級珍惜!"
c2197,taichung,2024-06-06,4,"老實說,雨後空氣變清新,台中的天空滿好看喔。"
c2198,taichung,2024-05-16,3,"講真的,台中今天天氣普通,沒什麼特別感覺的說。"
c2199,taipei,2024-02-07,1,"不誇張,雨下不停,積水淹到小腿,今天有夠倒楣。"
c2200,taichung,2023-12-27,3,"老天鵝,台中今天天氣普通,沒什麼特別感覺啦。"
c2201,taipei,2025-12-18,5,"欸,涼爽宜人的一天,出去野餐超級開心!"
c2202,kaohsiung,2023-03-12,4,"唉,溫度剛剛好,適合出門走走,還蠻愉快的。"
c2203,taipei,2024-07-23,1,"老天鵝,騎車滑倒在濕滑路面,痛死了,爛透了!"
c2204,taichung,2025-07-19,5,"老實說,終於降溫了,這場雨根本是及時雨,太棒了喔。"
c2205,taichung,2024-12-31,3,"老天鵝,台中今天天氣普通,沒什麼特別感覺的說。"
c2206,kaohsiung,2023-02-03,5,"老實說,這種完美天氣一年沒幾天,超級珍惜啊!"
c2207,taipei,2025-01-18,1,"老實說,風有點大又濕冷,出門真的很不舒服!"
c2208,kaohsiung,2024-04-21,3,"沒什麼特別,平常心看待今天的天氣"
c2209,taichung,2024-09-18,4,"跟你說,天氣涼涼的很舒服,適合窩在家看書唉。"
c2210,kaohsiung,2023-10-15,5,"唉,超喜歡下雨天的味道,高雄這場雨舒服極了……"
c2211,taichung,2025-10-24,5,"涼爽宜人的一天,出去野餐超級開心啦。"
c2212,taichung,2024-10-21,5,"老實說,台中這種舒服的秋涼天,整天心情都很好唉。"
c2213,taipei,2024-06-18,2,"講真的,雨勢時大時小,交通變得比較塞。"
c2214,taichung,2025-04-21,4,"先說,天氣涼涼的很舒服,適合窩在家看書喔。"
c2215,taipei,2024-03-27,5,"說真的,涼爽宜人的一天,出去野餐超級開心"
c2216,taichung,2023-09-22,5,"老天鵝,台中這種舒服的秋涼天,整天心情都很好啦。"
c2217,taipei,2024-05-19,3,"老天鵝,下雨天沒什麼特別感覺,還好而已的說。"
c2218,kaohsiung,2025-09-04,1,"說真的,雨下不停,積水淹到小腿,今天有夠倒楣唉。"
c2219,kaohsiung,2024-02-29,4,"跟你說,溫度剛剛好,適合出門走走,還蠻愉快的。"
c2220,taipei,2025-12-16,5,"不誇張,台北今天根本秋高氣爽,整個人都輕鬆起來唉。"
c2221,taichung,2025-08-02,4,"雨後空氣變清新,台中的天空滿好看耶。"
c2222,taichung,2025-01-30,5,"先說,涼爽宜人的一天,出去野餐超級開心唉。"
c2223,taipei,2024-07-23,4,"說真的,雨後空氣變清新,台北的天空滿好看喔。"
c2224,taipei,2025-05-12,5,"跟你說,台北今天根本秋高氣爽,整個人都輕鬆起來啦。"
c2225,taichung,2024-09-17,3,"老天鵝,台中今天氣溫偏高,出門記得防曬耶。"
c2226,kaohsiung,2023-07-08,4,"老實說,天氣涼涼的很舒服,適合窩在家看書啦。"
c2227,taichung,2024-06-25,2,"唉,台中下雨天出門好麻煩,心情有點差!"
c2228,taipei,2023-07-09,3,"欸,台北今天氣溫偏高,出門記得防曬耶。"
c2229,taipei,2024-05-07,4,"欸,溫度剛剛好,適合出門走走,還蠻愉快的"
c2230,taipei,2024-12-10,5,"跟你說,這種完美天氣一年沒幾天,超級珍惜耶。"
c2231,taipei,2023-10-25,4,"老天鵝,溫度剛剛好,適合出門走走,還蠻愉快的的說。"
c2232,taipei,2023-11-29,5,"老實說,這種完美天氣一年沒幾天,超級珍惜啊!"
c2233,kaohsiung,2023-12-11,4,"唉,陽光溫和不刺眼,這種天氣算滿舒服的啦。"
c2234,kaohsiung,2023-04-18,3,"老天鵝,高雄今天天氣還好,普普通通而已的說。"
c2235,taichung,2024-07-12,3,"老天鵝,雨下得不算大,天氣普普通通。"
c2236,taichung,2024-03-20,5,"老天鵝,涼爽宜人的一天,出去野餐超級開心唉。"
c2237,kaohsiung,2023-11-15,3,"老天鵝,高雄今天天氣普通,沒什麼特別感覺!"
c2238,kaohsiung,2025-04-25,5,"跟你說,微涼的天氣讓人特別有精神,今天過得很棒啦。"
c2239,taichung,2025-02-19,4,"欸,陽光溫和不刺眼,這種天氣算滿舒服的的說。"
c2240,taichung,2025-11-21,5,"老天鵝,台中今天根本秋高氣爽,整個人都輕鬆起來的說。"
c2241,kaohsiung,2023-12-19,3,"講真的,下雨天沒什麼特別感覺,還好而已喔。"
c2242,taichung,2025-07-26,4,"先說,雨後空氣變清新,台中的天空滿好看!"
c2243,taipei,2024-04-30,4,"老天鵝,難得涼爽的雨天,不用開冷氣挺舒服……"
c2244,kaohsiung,2023-12-22,5,"高雄這種舒服的秋涼天,整天心情都很好的說。"
c2245,kaohsiung,2023-05-09,4,"陽光溫和不刺眼,這種天氣算滿舒服的!"
c2246,taipei,2023-04-27,5,"老實說,涼爽宜人的一天,出去野餐超級開心耶。"
c2247,kaohsiung,2024-02-02,4,"跟你說,陽光溫和不刺眼,這種天氣算滿舒服的。"
c2248,taipei,2025-02-17,4,"台北今天雲層很美,拍照效果超棒!"
c2249,taipei,2024-04-23,4,"先說,下雨天在家聽雨聲,感覺還蠻放鬆的"
c2250,kaohsiung,2023-02-23,4,"老天鵝,今天高雄天氣舒服,微風徐徐心情不錯……"
c2251,kaohsiung,2025-10-25,5,"欸,高雄這種舒服的秋涼天,整天心情都很好"
c2252,taichung,2024-09-29,4,"說真的,台中今天雲層很美,拍照效果超棒啊!"
c2253,taichung,2023-07-12,1,"欸,傘被強風吹爛,全身濕到不行,氣死我了!"
c2254,taichung,2025-04-02,5,"不誇張,微涼的天氣讓人特別有精神,今天過得很棒。"
c2255,taipei,2023-10-21,3,"老天鵝,台北今天下雨,出門記得帶傘的說。"
c2256,taipei,2024-03-11,4,"跟你說,雨後空氣變清新,台北的天空滿好看喔。"
c2257,taichung,2025-01-05,5,"說真的,涼爽宜人的一天,出去野餐超級開心耶。"
c2258,kaohsiung,2025-04-30,4,"陽光溫和不刺眼,這種天氣算滿舒服的……"
c2259,taichung,2023-09-27,3,"講真的,沒什麼特別,平常心看待今天的天氣!"
c2260,kaohsiung,2023-03-11,5,"欸,這種完美天氣一年沒幾天,超級珍惜。"
c2261,taichung,2025-10-15,5,"不誇張,熱是熱,但這種夏天的活力感我超喜歡……"
c2262,taipei,2023-12-11,4,"講真的,台北今天雲層很美,拍照效果超棒喔。"
c2263,taichung,2023-12-09,4,"欸,陽光溫和不刺眼,這種天氣算滿舒服的。"
c2264,taichung,2025-10-08,3,"先說,天氣熱,不過還算可以忍受!"
c2265,kaohsiung,2025-04-07,5,"講真的,高雄今天根本秋高氣爽,整個人都輕鬆起來!"
c2266,taichung,2025-12-24,4,"老實說,難得涼爽的雨天,不用開冷氣挺舒服!"
c2267,kaohsiung,2024-11-13,4,"講真的,今天高雄天氣舒服,微風徐徐心情不錯啊!"
c2268,taipei,2023-07-23,2,"先說,又忘記帶傘,被淋得有點狼狽的說。"
c2269,kaohsiung,2025-06-02,1,"跟你說,雨下不停,積水淹到小腿,今天有夠倒楣啊!"
c2270,taichung,2024-09-21,2,"欸,濕度太高,衣服都曬不乾,有點煩唉。"
c2271,kaohsiung,2023-09-19,1,"欸,高雄又下大雨,鞋子襪子全濕透,超級崩潰!"
c2272,kaohsiung,2024-02-09,4,"今天高雄天氣舒服,微風徐徐心情不錯……"
c2273,kaohsiung,2025-02-18,4,"說真的,陽光溫和不刺眼,這種天氣算滿舒服的啊!"
c2274,taichung,2025-01-19,5,"微涼的天氣讓人特別有精神,今天過得很棒唉。"
c2275,kaohsiung,2024-03-19,5,"涼爽宜人的一天,出去野餐超級開心唉。"
c2276,kaohsiung,2023-02-01,4,"欸,溫度剛剛好,適合出門走走,還蠻愉快的"
c2277,taipei,2024-11-08,1,"老實說,台北排水又不通,整條路都是水,超級誇張……"
c2278,kaohsiung,2025-11-21,5,"老天鵝,高雄今天根本秋高氣爽,整個人都輕鬆起來"
c2279,taichung,2025-05-13,2,"天空灰濛濛的,感覺有點提不起勁啦。"
c2280,kaohsiung,2025-11-17,4,"欸,溫度剛剛好,適合出門走走,還蠻愉快的啦。"
c2281,kaohsiung,2023-05-31,4,"說真的,難得涼爽的雨天,不用開冷氣挺舒服。"
c2282,taipei,2024-11-29,5,"講真的,微涼的天氣讓人特別有精神,今天過得很棒耶。"
c2283,taichung,2025-07-17,3,"不誇張,下雨天沒什麼特別感覺,還好而已。"
c2284,kaohsiung,2023-06-18,5,"微涼的天氣讓人特別有精神,今天過得很棒耶。"
c2285,kaohsiung,2023-01-14,4,"跟你說,溫度剛剛好,適合出門走走,還蠻愉快的……"
c2286,taichung,2025-09-17,4,"講真的,大熱天正好去海邊玩水,超開心"
c2287,taichung,2025-10-10,1,"不誇張,冷氣突然故障遇到這種高溫,快熱死人了……"
c2288,taipei,2023-12-27,5,"跟你說,涼爽宜人的一天,出去野餐超級開心啊!"
c2289,kaohsiung,2023-03-01,5,"不誇張,高雄今天根本秋高氣爽,整個人都輕鬆起來啦。"
c2290,kaohsiung,2025-02-04,5,"老天鵝,微涼的天氣讓人特別有精神,今天過得很棒的說。"
c2291,taipei,2024-03-28,2,"老天鵝,溫度雖然剛好,紫外線還是偏強,有點在意……"
c2292,taipei,2024-12-13,3,"唉,下雨天沒什麼特別感覺,還好而已的說。"
c2293,kaohsiung,2025-11-30,4,"欸,陽光溫和不刺眼,這種天氣算滿舒服的!"
c2294,kaohsiung,2024-03-16,5,"高雄今天根本秋高氣爽,整個人都輕鬆起來。"
c2295,taichung,2024-02-04,3,"不誇張,台中今天天氣普通,沒什麼特別感覺"
c2296,kaohsiung,2024-11-13,5,"說真的,高雄今天根本秋高氣爽,整個人都輕鬆起來唉。"
c2297,taichung,2025-12-20,2,"老天鵝,天氣還可以,不過風有點大吹得有點煩啊!"
c2298,taichung,2023-11-01,5,"講真的,這種完美天氣一年沒幾天,超級珍惜"
c2299,kaohsiung,2023-02-11,5,"老實說,高雄今天根本秋高氣爽,整個人都輕鬆起來。"
c2300,taipei,2023-01-20,5,"不誇張,微涼的天氣讓人特別有精神,今天過得很棒的說。"
c2301,taichung,2023-03-21,1,"老天鵝,雨下不停,積水淹到小腿,今天有夠倒楣啦。"
c2302,kaohsiung,2025-04-27,4,"唉,天氣涼涼的很舒服,適合窩在家看書"
c2303,kaohsiung,2024-03-06,5,"高雄今天根本秋高氣爽,整個人都輕鬆起來的說。"
c2304,kaohsiung,2024-04-16,5,"高雄這種舒服的秋涼天,整天心情都很好耶。"
c2305,kaohsiung,2023-12-05,5,"講真的,高雄今天根本秋高氣爽,整個人都輕鬆起來喔。"
c2306,taipei,2023-02-17,4,"欸,今天台北天氣舒服,微風徐徐心情不錯!"
c2307,kaohsiung,2023-08-12,2,"講真的,又忘記帶傘,被淋得有點狼狽。"
c2308,kaohsiung,2025-09-12,2,"跟你說,天空灰濛濛的,感覺有點提不起勁啊!"
c2309,kaohsiung,2024-08-22,4,"跟你說,天氣涼涼的很舒服,適合窩在家看書唉。"
c2310,taichung,2023-11-12,4,"不誇張,今天台中天氣舒服,微風徐徐心情不錯。"
c2311,taipei,2024-11-07,2,"老實說,天氣還可以,不過風有點大吹得有點煩耶。"
c2312,kaohsiung,2023-11-20,4,"欸,今天高雄天氣舒服,微風徐徐心情不錯耶。"
c2313,kaohsiung,2024-12-08,5,"唉,高雄今天根本秋高氣爽,整個人都輕鬆起來"
c2314,kaohsiung,2023-09-12,5,"先說,微涼的天氣讓人特別有精神,今天過得很棒啊!"
c2315,taipei,2024-05-05,2,"老實說,又忘記帶傘,被淋得有點狼狽啦。"
c2316,taipei,2023-02-19,3,"講真的,下雨天沒什麼特別感覺,還好而已"
c2317,kaohsiung,2023-05-21,5,"老天鵝,高雄這種舒服的秋涼天,整天心情都很好"
c2318,taipei,2024-11-23,5,"老天鵝,涼爽宜人的一天,出去野餐超級開心耶。"
c2319,taipei,2025-02-06,3,"台北今天下雨,出門記得帶傘啊!"
c2320,taipei,2025-09-12,5,"說真的,終於降溫了,這場雨根本是及時雨,太棒了。"
c2321,taichung,2023-02-05,1,"老實說,溫度剛好,不過塞車塞了一小時,煩死了啊!"
c2322,taipei,2025-12-17,4,"欸,溫度剛剛好,適合出門走走,還蠻愉快的啦。"
c2323,taipei,2023-03-02,4,"先說,天氣涼涼的很舒服,適合窩在家看書喔。"
c2324,kaohsiung,2025-03-21,5,"說真的,高雄今天根本秋高氣爽,整個人都輕鬆起來啦。"
c2325,kaohsiung,2025-11-16,4,"欸,陽光溫和不刺眼,這種天氣算滿舒服的啊!"
c2326,taipei,2024-11-02,5,"老天鵝,台北今天根本秋高氣爽,整個人都輕鬆起來唉。"
c2327,taichung,2023-10-08,3,"先說,沒什麼特別,平常心看待今天的天氣的說。"
c2328,kaohsiung,2025-04-07,5,"先說,涼爽宜人的一天,出去野餐超級開心喔。"
c2329,kaohsiung,2024-12-02,4,"不誇張,溫度剛剛好,適合出門走走,還蠻愉快的。"
c2330,taichung,2024-01-04,3,"先說,台中今天天氣普通,沒什麼特別感覺"
c2331,taipei,2025-06-27,1,"跟你說,台北又下大雨,鞋子襪子全濕透,超級崩潰的說。"
c2332,taipei,2024-06-03,1,"老實說,傘被強風吹爛,全身濕到不行,氣死我了唉。"
c2333,taichung,2024-09-09,2,"講真的,台中下雨天出門好麻煩,心情有點差"
c2334,taipei,2025-11-27,4,"說真的,陽光溫和不刺眼,這種天氣算滿舒服的唉。"
c2335,taipei,2024-01-16,5,"跟你說,微涼的天氣讓人特別有精神,今天過得很棒……"
c2336,taipei,2023-02-04,4,"老實說,下雨天在家聽雨聲,感覺還蠻放鬆的……"
c2337,kaohsiung,2023-11-20,5,"講真的,高雄今天根本秋高氣爽,整個人都輕鬆起來的說。"
c2338,taipei,2023-12-11,3,"沒什麼特別,平常心看待今天的天氣唉。"
c2339,taichung,2024-11-14,4,"欸,台中今天雲層很美,拍照效果超棒。"
c2340,taipei,2024-05-03,5,"說真的,這種完美天氣一年沒幾天,超級珍惜!"
c2341,taipei,2025-01-29,4,"老天鵝,天氣涼涼的很舒服,適合窩在家看書的說。"
c2342,kaohsiung,2024-06-04,2,"跟你說,又忘記帶傘,被淋得有點狼狽!"
c2343,kaohsiung,2023-04-11,5,"欸,涼爽宜人的一天,出去野餐超級開心喔。"
c2344,taichung,2024-02-25,4,"跟你說,今天台中天氣舒服,微風徐徐心情不錯。"
c2345,taichung,2023-10-06,2,"欸,濕度太高,衣服都曬不乾,有點煩喔。"
c2346,kaohsiung,2025-12-20,4,"唉,難得涼爽的雨天,不用開冷氣挺舒服……"
c2347,kaohsiung,2023-12-15,5,"不誇張,高雄今天根本秋高氣爽,整個人都輕鬆起來的說。"
c2348,taichung,2023-02-15,4,"唉,天氣涼涼的很舒服,適合窩在家看書……"
c2349,kaohsiung,2024-03-08,5,"跟你說,這種完美天氣一年沒幾天,超級珍惜……"
c2350,kaohsiung,2025-01-21,4,"不誇張,陽光溫和不刺眼,這種天氣算滿舒服的啦。"
c2351,taipei,2025-03-12,4,"陽光溫和不刺眼,這種天氣算滿舒服的的說。"
c2352,taichung,2023-01-26,4,"台中今天雲層很美,拍照效果超棒"
c2353,taipei,2023-07-05,4,"欸,雖然很熱,但陽光很棒,適合曬棉被耶。"
c2354,taichung,2024-10-12,1,"跟你說,這種忽冷忽熱的天氣讓人很不耐煩啊!"
c2355,taichung,2025-09-23,2,"老天鵝,雨勢時大時小,交通變得比較塞唉。"
c2356,taichung,2023-08-22,5,"跟你說,雨中散步別有一番風味,今天心情超好!"
c2357,taipei,2025-04-28,2,"講真的,又忘記帶傘,被淋得有點狼狽啊!"
c2358,taichung,2023-03-15,5,"老天鵝,台中今天根本秋高氣爽,整個人都輕鬆起來……"
c2359,taipei,2024-06-23,4,"先說,下雨天在家聽雨聲,感覺還蠻放鬆的"
c2360,taichung,2025-02-26,5,"老天鵝,雨中散步別有一番風味,今天心情超好"
c2361,taichung,2024-08-17,1,"台中又下大雨,鞋子襪子全濕透,超級崩潰唉。"
c2362,taichung,2023-02-20,3,"老實說,台中今天天氣還好,普普通通而已……"
c2363,taichung,2024-11-27,5,"不誇張,這種完美天氣一年沒幾天,超級珍惜啦。"
c2364,kaohsiung,2025-01-12,4,"高雄今天雲層很美,拍照效果超棒喔。"
c2365,kaohsiung,2023-08-17,4,"講真的,雨後空氣變清新,高雄的天空滿好看。"
c2366,kaohsiung,2025-07-09,4,"難得涼爽的雨天,不用開冷氣挺舒服耶。"
c2367,taipei,2025-04-07,5,"跟你說,涼爽宜人的一天,出去野餐超級開心"
c2368,kaohsiung,2025-06-24,5,"欸,高雄這種舒服的秋涼天,整天心情都很好唉。"
c2369,kaohsiung,2024-04-25,2,"欸,雨勢時大時小,交通變得比較塞的說。"
c2370,taichung,2024-02-16,4,"跟你說,今天台中天氣舒服,微風徐徐心情不錯喔。"
c2371,taichung,2025-12-22,4,"欸,溫度剛剛好,適合出門走走,還蠻愉快的耶。"
c2372,taipei,2023-08-30,5,"唉,終於降溫了,這場雨根本是及時雨,太棒了喔。"
c2373,taichung,2023-04-19,5,"講真的,雨中散步別有一番風味,今天心情超好啦。"
c2374,taipei,2024-10-09,4,"先說,今天台北天氣舒服,微風徐徐心情不錯啊!"
c2375,taichung,2024-05-22,1,"不誇張,傘被強風吹爛,全身濕到不行,氣死我了啦。"
c2376,kaohsiung,2025-03-30,5,"跟你說,涼爽宜人的一天,出去野餐超級開心!"
c2377,kaohsiung,2025-07-15,4,"雨後空氣變清新,高雄的天空滿好看……"
c2378,taipei,2025-05-25,1,"講真的,騎車滑倒在濕滑路面,痛死了,爛透了啊!"
c2379,kaohsiung,2024-11-21,4,"不誇張,今天高雄天氣舒服,微風徐徐心情不錯啊!"
c2380,kaohsiung,2025-12-03,4,"欸,陽光溫和不刺眼,這種天氣算滿舒服的"
c2381,taipei,2023-01-05,1,"先說,台北今天陰陰的,心情也跟著悶悶的的說。"
c2382,taipei,2023-12-12,2,"講真的,濕度太高,衣服都曬不乾,有點煩!"
c2383,taichung,2025-10-06,2,"欸,台中下雨天出門好麻煩,心情有點差……"
c2384,taichung,2023-05-21,2,"唉,濕度太高,衣服都曬不乾,有點煩啦。"
c2385,kaohsiung,2024-02-10,5,"說真的,高雄這種舒服的秋涼天,整天心情都很好啊!"
c2386,taichung,2025-04-16,4,"先說,陽光溫和不刺眼,這種天氣算滿舒服的耶。"
c2387,taichung,2024-05-10,4,"唉,陽光溫和不刺眼,這種天氣算滿舒服的啦。"
c2388,taipei,2024-01-02,5,"先說,台北今天根本秋高氣爽,整個人都輕鬆起來……"
c2389,taipei,2024-04-19,4,"先說,天氣涼涼的很舒服,適合窩在家看書!"
c2390,taipei,2025-07-27,5,"老天鵝,超喜歡下雨天的味道,台北這場雨舒服極了的說。"
c2391,taipei,2023-09-23,4,"唉,台北今天雲層很美,拍照效果超棒……"
c2392,taipei,2024-08-05,1,"說真的,氣溫飆破33.8度,曬到皮膚都痛了,誇張啦。"
c2393,taichung,2024-08-14,1,"先說,台中排水又不通,整條路都是水,超級誇張啊!"
c2394,kaohsiung,2025-02-06,5,"老實說,高雄今天根本秋高氣爽,整個人都輕鬆起來啊!"
c2395,taipei,2024-04-29,4,"唉,台北今天雲層很美,拍照效果超棒"
c2396,kaohsiung,2023-03-13,4,"不誇張,今天高雄天氣舒服,微風徐徐心情不錯啦。"
c2397,taipei,2024-04-24,2,"又忘記帶傘,被淋得有點狼狽啊!"
c2398,taipei,2023-10-15,4,"不誇張,溫度剛剛好,適合出門走走,還蠻愉快的耶。"
c2399,taichung,2023-03-09,5,"老實說,台中今天根本秋高氣爽,整個人都輕鬆起來耶。"
c2400,taichung,2023-10-10,1,"不誇張,台中排水又不通,整條路都是水,超級誇張喔。"
