date,temperature_2m_max,temperature_2m_min,temperature_2m_mean,precipitation_sum,rain_sum,precipitation_hours,windspeed_10m_max,windgusts_10m_max,winddirection_10m_dominant,shortwave_radiation_sum
2015-01-01,20.9,12.0,16.5,0.2,0.2,1.0,12.1,24.1,1,11.94
2015-01-02,19.6,13.4,16.7,0.2,0.2,2.0,8.7,22.0,337,11.25
2015-01-03,20.6,14.4,17.4,0.1,0.1,1.0,8.6,16.2,351,10.11
2015-01-04,23.0,13.8,17.8,0.0,0.0,0.0,9.7,16.6,11,14.87
2015-01-05,25.6,14.5,19.7,0.0,0.0,0.0,8.2,20.9,23,15.01
2015-01-06,26.2,16.1,20.5,0.0,0.0,0.0,10.8,18.4,359,15.17
2015-01-07,23.2,16.7,19.3,0.1,0.1,1.0,22.7,37.1,353,9.7
2015-01-08,18.8,14.9,16.6,0.8,0.8,6.0,19.9,33.8,352,5.54
2015-01-09,20.7,15.0,17.4,0.4,0.4,4.0,9.2,20.9,343,10.3
2015-01-10,20.0,15.5,17.3,0.5,0.5,4.0,11.0,24.8,353,8.63
2015-01-11,22.5,14.1,18.2,0.0,0.0,0.0,12.2,23.8,348,13.92
2015-01-12,21.8,15.9,18.5,4.2,4.2,13.0,11.1,31.0,298,11.78
2015-01-13,24.8,16.7,19.5,2.8,2.8,10.0,26.0,39.6,330,13.56
2015-01-14,22.0,15.1,17.7,10.8,10.8,10.0,31.3,56.5,350,14.84
2015-01-15,22.2,15.2,18.0,0.0,0.0,0.0,15.5,29.5,351,13.59
2015-01-16,21.4,14.7,17.6,0.0,0.0,0.0,15.8,25.2,352,16.01
2015-01-17,21.1,14.6,17.2,0.0,0.0,0.0,14.1,29.2,347,13.51
2015-01-18,20.5,14.3,16.9,0.0,0.0,0.0,16.9,32.4,355,13.47
2015-01-19,20.2,14.6,17.1,2.1,2.1,10.0,15.2,24.8,339,9.58
2015-01-20,21.5,17.0,18.8,0.6,0.6,4.0,10.5,21.2,298,8.14
2015-01-21,21.2,15.6,18.1,0.2,0.2,2.0,23.5,41.4,349,10.94
2015-01-22,21.7,12.8,16.9,0.0,0.0,0.0,20.2,34.9,359,17.85
2015-01-23,21.5,11.7,16.1,0.0,0.0,0.0,15.6,29.5,2,17.64
2015-01-24,22.8,10.8,16.5,0.0,0.0,0.0,9.8,23.0,28,16.45
2015-01-25,24.3,15.1,19.2,0.0,0.0,0.0,7.0,28.8,64,14.49
2015-01-26,24.7,15.1,19.5,0.0,0.0,0.0,11.3,22.0,359,13.39
2015-01-27,21.5,17.2,18.9,10.2,10.2,22.0,13.3,25.2,353,6.8
2015-01-28,22.1,16.8,18.7,5.4,5.4,12.0,14.4,28.4,349,9.85
2015-01-29,23.8,16.2,19.0,0.0,0.0,0.0,16.6,29.9,353,15.81
2015-01-30,23.2,15.1,18.3,0.0,0.0,0.0,21.3,38.2,351,16.32
2015-01-31,21.7,14.9,17.7,0.0,0.0,0.0,18.9,30.6,349,12.5
2015-02-01,20.6,15.0,17.6,0.0,0.0,0.0,13.8,26.3,347,11.57
2015-02-02,22.2,14.9,17.9,0.0,0.0,0.0,12.7,25.2,347,14.81
2015-02-03,22.6,15.0,18.2,0.1,0.1,1.0,16.2,31.0,352,16.98
2015-02-04,22.9,14.9,17.9,0.0,0.0,0.0,21.4,36.4,353,15.44
2015-02-05,20.1,13.8,16.0,0.4,0.4,2.0,27.0,46.1,351,13.5
2015-02-06,19.1,14.1,15.8,0.0,0.0,0.0,15.0,29.2,348,10.37
2015-02-07,21.8,14.0,17.0,0.0,0.0,0.0,18.8,33.1,344,15.54
2015-02-08,21.7,14.9,17.6,0.0,0.0,0.0,26.5,43.6,350,15.58
2015-02-09,18.7,13.9,15.8,0.0,0.0,0.0,20.7,36.0,350,11.71
2015-02-10,19.6,10.7,15.3,0.0,0.0,0.0,16.2,25.6,348,16.75
2015-02-11,21.4,12.2,16.4,0.0,0.0,0.0,16.7,30.6,350,18.45
2015-02-12,22.6,14.4,17.5,0.0,0.0,0.0,26.4,46.4,352,19.88
2015-02-13,23.2,12.6,17.5,0.0,0.0,0.0,14.3,29.9,335,19.26
2015-02-14,24.4,14.1,19.0,0.0,0.0,0.0,10.6,24.1,344,17.34
2015-02-15,26.2,18.5,21.9,2.7,2.7,8.0,15.2,29.5,128,14.5
2015-02-16,25.6,18.0,21.2,7.9,7.9,11.0,20.5,38.2,345,13.68
2015-02-17,23.9,18.4,20.9,0.6,0.6,3.0,9.0,22.7,325,10.97
2015-02-18,24.1,17.7,20.4,1.7,1.7,9.0,11.0,27.0,321,14.67
2015-02-19,23.3,17.1,19.9,1.2,1.2,7.0,10.5,26.3,326,13.96
2015-02-20,24.7,17.4,20.5,0.0,0.0,0.0,4.9,22.3,1,15.64
2015-02-21,25.4,16.9,21.0,0.7,0.7,2.0,24.5,43.6,146,13.06
2015-02-22,25.3,19.5,21.8,6.1,6.1,9.0,14.2,25.9,355,13.86
2015-02-23,25.4,19.4,21.7,0.0,0.0,0.0,11.9,20.9,345,10.28
2015-02-24,27.0,18.5,22.0,1.3,1.3,5.0,16.9,31.3,348,19.29
2015-02-25,27.8,18.7,22.5,0.3,0.3,1.0,10.7,24.5,333,18.62
2015-02-26,28.9,18.6,23.2,0.0,0.0,0.0,13.6,25.6,353,19.31
2015-02-27,28.0,19.2,22.6,0.0,0.0,0.0,20.7,31.3,343,19.96
2015-02-28,27.0,18.5,22.4,0.0,0.0,0.0,15.9,27.0,346,16.93
2015-03-01,26.5,18.4,21.3,0.0,0.0,0.0,23.0,40.7,348,18.21
2015-03-02,24.7,16.9,20.1,0.0,0.0,0.0,17.6,27.7,335,14.55
2015-03-03,27.4,17.4,22.0,1.1,1.1,5.0,18.4,33.5,25,19.7
2015-03-04,27.2,18.4,22.0,0.0,0.0,0.0,14.7,30.2,343,18.39
2015-03-05,27.6,18.0,21.8,0.0,0.0,0.0,15.6,34.6,341,20.7
2015-03-06,27.0,18.2,21.6,0.0,0.0,0.0,20.0,33.8,348,19.47
2015-03-07,26.2,18.1,21.4,0.0,0.0,0.0,16.3,32.8,343,15.07
2015-03-08,27.6,18.1,22.1,0.0,0.0,0.0,18.5,29.5,342,19.83
2015-03-09,28.0,19.9,23.2,0.0,0.0,0.0,26.8,49.3,345,21.51
2015-03-10,22.0,18.7,19.9,2.4,2.4,11.0,12.7,26.3,353,7.21
2015-03-11,23.0,16.8,19.3,0.3,0.3,2.0,13.3,23.8,349,11.91
2015-03-12,24.2,16.7,19.4,0.7,0.7,5.0,20.3,36.0,353,14.49
2015-03-13,25.7,16.4,20.6,0.0,0.0,0.0,11.4,21.2,335,17.34
2015-03-14,27.7,17.0,22.2,0.0,0.0,0.0,9.7,25.6,327,21.72
2015-03-15,29.1,18.8,23.9,0.9,0.9,3.0,24.7,45.4,146,20.13
2015-03-16,27.8,22.9,24.8,0.9,0.9,5.0,17.6,34.2,165,13.87
2015-03-17,29.8,22.3,25.1,0.0,0.0,0.0,21.6,40.3,171,21.03
2015-03-18,29.5,20.0,24.4,0.0,0.0,0.0,24.5,46.8,170,23.81
2015-03-19,31.4,20.2,25.1,0.0,0.0,0.0,16.6,33.5,314,23.58
2015-03-20,30.1,20.0,24.6,0.0,0.0,0.0,12.1,28.1,320,22.31
2015-03-21,29.7,21.2,24.5,0.0,0.0,0.0,13.6,29.9,341,20.32
2015-03-22,27.6,21.1,23.8,1.0,1.0,7.0,13.0,27.7,349,13.1
2015-03-23,27.6,18.3,22.3,3.6,3.6,14.0,30.3,52.2,341,16.33
2015-03-24,27.2,18.6,22.3,1.8,1.8,6.0,19.6,36.4,339,18.65
2015-03-25,24.9,19.3,21.5,4.9,4.9,17.0,21.0,36.4,348,12.75
2015-03-26,24.8,18.8,21.4,2.1,2.1,10.0,16.4,32.4,345,15.25
2015-03-27,24.7,18.9,21.4,1.4,1.4,7.0,19.6,36.0,353,12.38
2015-03-28,27.0,18.8,22.6,0.0,0.0,0.0,11.9,27.0,336,20.08
2015-03-29,28.5,19.4,23.5,0.0,0.0,0.0,12.0,28.8,296,19.93
2015-03-30,30.3,20.6,24.7,0.1,0.1,1.0,15.6,39.2,156,18.44
2015-03-31,30.1,23.2,25.8,0.0,0.0,0.0,23.3,43.2,163,18.84
2015-04-01,31.4,22.0,26.2,0.0,0.0,0.0,16.6,35.6,181,24.0
2015-04-02,31.4,23.3,26.7,0.0,0.0,0.0,20.8,45.4,174,24.67
2015-04-03,32.5,23.6,27.2,0.0,0.0,0.0,18.7,37.4,177,24.53
2015-04-04,32.7,23.2,27.5,0.0,0.0,0.0,19.2,41.4,185,25.12
2015-04-05,33.5,22.3,27.6,0.6,0.6,2.0,12.2,34.2,320,23.4
2015-04-06,25.9,23.7,24.7,41.4,41.4,14.0,13.0,31.3,90,3.03
2015-04-07,28.6,22.5,25.1,3.6,3.6,9.0,19.3,34.2,339,14.85
2015-04-08,27.2,20.5,23.1,0.0,0.0,0.0,19.4,34.6,349,19.06
2015-04-09,26.9,19.3,22.6,0.0,0.0,0.0,18.2,34.2,347,21.27
2015-04-10,27.2,19.8,23.0,0.0,0.0,0.0,17.4,31.3,354,19.79
2015-04-11,24.2,19.3,21.1,17.8,17.8,11.0,22.0,40.3,350,10.05
2015-04-12,25.8,18.9,21.7,6.6,6.6,12.0,22.7,39.2,349,21.25
2015-04-13,25.6,17.8,21.5,0.0,0.0,0.0,23.1,39.2,357,24.98
2015-04-14,23.8,16.0,19.3,0.0,0.0,0.0,26.0,45.7,351,28.02
2015-04-15,26.6,14.7,21.1,0.0,0.0,0.0,24.4,45.0,152,24.24
2015-04-16,28.8,19.0,23.9,0.0,0.0,0.0,13.2,22.3,23,24.41
2015-04-17,30.2,19.3,24.8,0.0,0.0,0.0,17.9,37.1,171,23.75
2015-04-18,29.8,24.4,26.7,0.8,0.8,5.0,29.6,51.5,161,21.57
2015-04-19,31.3,24.0,27.2,0.5,0.5,3.0,15.8,31.3,197,23.01
2015-04-20,31.1,23.8,26.9,0.0,0.0,0.0,11.4,27.0,247,24.11
2015-04-21,29.9,22.8,25.7,8.1,8.1,14.0,14.4,33.1,199,18.15
2015-04-22,28.2,21.5,24.3,3.2,3.2,14.0,13.7,29.2,346,15.81
2015-04-23,29.3,22.4,25.0,1.2,1.2,5.0,15.0,32.8,344,20.22
2015-04-24,29.5,22.1,25.3,0.5,0.5,1.0,14.0,28.8,349,22.41
2015-04-25,29.7,22.2,25.4,0.5,0.5,3.0,13.0,31.3,346,22.24
2015-04-26,29.3,22.0,25.2,1.4,1.4,4.0,12.9,32.4,319,22.94
2015-04-27,29.5,22.0,25.7,0.7,0.7,3.0,8.5,22.0,304,22.82
2015-04-28,30.4,23.4,26.3,2.9,2.9,4.0,9.4,27.0,263,21.86
2015-04-29,30.0,23.3,26.2,0.9,0.9,6.0,14.2,29.2,309,23.15
2015-04-30,30.8,23.8,26.7,0.8,0.8,6.0,9.6,24.1,338,22.87
2015-05-01,30.7,23.8,26.5,5.4,5.4,8.0,9.1,26.6,301,19.4
2015-05-02,31.1,23.9,27.2,0.0,0.0,0.0,19.7,39.6,177,23.18
2015-05-03,30.1,23.2,26.7,1.4,1.4,4.0,15.9,32.4,298,21.51
2015-05-04,31.7,24.1,26.9,4.5,4.5,8.0,12.0,24.8,286,21.82
2015-05-05,30.2,24.1,26.6,4.0,4.0,11.0,5.8,28.8,296,19.4
2015-05-06,31.6,24.1,27.4,0.0,0.0,0.0,17.4,38.9,211,23.8
2015-05-07,31.8,23.9,27.7,0.9,0.9,1.0,18.8,36.4,332,24.48
2015-05-08,31.3,25.2,27.7,1.9,1.9,6.0,10.9,26.3,282,21.6
2015-05-09,32.1,25.0,28.5,0.3,0.3,1.0,11.5,26.3,268,24.78
2015-05-10,32.6,24.6,28.4,0.7,0.7,1.0,15.8,32.8,340,23.64
2015-05-11,30.3,24.7,27.1,0.3,0.3,2.0,26.9,50.8,345,13.77
2015-05-12,31.7,24.0,27.2,1.8,1.8,4.0,12.2,26.6,310,21.41
2015-05-13,32.9,24.6,28.4,0.0,0.0,0.0,16.6,38.9,177,23.72
2015-05-14,33.0,25.3,28.8,0.0,0.0,0.0,23.8,49.0,165,26.21
2015-05-15,32.2,25.6,28.6,0.0,0.0,0.0,21.6,44.6,178,24.24
2015-05-16,33.5,24.0,28.6,0.0,0.0,0.0,13.4,30.6,269,26.5
2015-05-17,33.3,24.9,28.6,0.0,0.0,0.0,14.7,29.9,259,25.89
2015-05-18,33.0,24.3,28.8,0.0,0.0,0.0,17.5,35.3,205,26.09
2015-05-19,32.2,25.2,28.7,1.6,1.6,6.0,15.3,34.2,234,21.59
2015-05-20,31.9,25.5,27.9,7.0,7.0,14.0,9.1,32.4,226,18.85
2015-05-21,30.7,24.3,26.6,18.1,18.1,22.0,15.9,36.4,149,7.61
2015-05-22,26.4,24.1,25.1,68.8,68.8,24.0,25.7,43.6,167,5.76
2015-05-23,28.1,24.4,25.9,50.9,50.9,22.0,22.6,41.4,194,8.86
2015-05-24,26.5,25.1,25.9,72.6,72.6,24.0,21.8,48.2,220,3.57
2015-05-25,26.1,24.7,25.4,87.4,87.4,24.0,18.4,40.3,205,4.01
2015-05-26,28.3,24.5,26.1,50.6,50.6,23.0,13.1,29.2,169,10.4
2015-05-27,30.0,24.4,26.5,10.7,10.7,12.0,6.3,30.6,154,17.9
2015-05-28,30.3,24.6,27.3,3.3,3.3,10.0,5.9,29.9,76,20.02
2015-05-29,30.9,24.9,27.5,7.4,7.4,15.0,7.0,27.4,168,20.64
2015-05-30,30.9,25.1,27.9,4.8,4.8,15.0,6.6,27.7,235,22.1
2015-05-31,29.8,25.1,26.6,23.4,23.4,16.0,6.5,26.6,126,14.6
2015-06-01,30.8,24.8,27.5,1.3,1.3,4.0,11.0,24.5,168,20.6
2015-06-02,31.3,25.2,28.0,0.3,0.3,1.0,18.4,35.6,164,24.69
2015-06-03,31.7,25.6,28.2,1.4,1.4,6.0,11.8,23.8,225,23.41
2015-06-04,31.0,25.2,28.0,1.0,1.0,5.0,11.4,23.8,330,22.84
2015-06-05,30.9,24.9,27.6,1.6,1.6,3.0,7.9,25.2,225,21.25
2015-06-06,31.2,25.3,27.5,4.3,4.3,4.0,7.4,22.3,152,19.98
2015-06-07,31.2,25.5,28.1,0.4,0.4,3.0,11.6,26.6,169,23.55
2015-06-08,31.1,25.6,28.2,0.0,0.0,0.0,10.2,27.4,191,24.62
2015-06-09,31.5,24.5,28.2,0.1,0.1,1.0,9.2,23.0,227,25.24
2015-06-10,31.7,25.4,28.5,1.5,1.5,5.0,10.2,25.6,193,23.98
2015-06-11,31.8,25.2,28.7,0.8,0.8,5.0,8.9,23.0,193,23.48
2015-06-12,31.6,25.9,28.8,0.9,0.9,3.0,10.9,23.4,234,22.15
2015-06-13,32.2,26.4,29.0,0.4,0.4,2.0,15.5,34.9,169,23.99
2015-06-14,32.3,27.0,29.3,0.0,0.0,0.0,22.5,45.0,163,25.87
2015-06-15,32.7,26.3,29.2,0.0,0.0,0.0,17.7,36.0,168,26.04
2015-06-16,32.8,26.5,29.4,0.0,0.0,0.0,14.5,29.9,174,26.56
2015-06-17,32.4,26.9,29.4,0.4,0.4,3.0,13.5,24.5,188,23.52
2015-06-18,32.6,25.8,29.2,0.2,0.2,2.0,13.5,28.4,293,24.01
2015-06-19,32.9,25.9,29.1,2.2,2.2,6.0,10.7,23.0,206,22.71
2015-06-20,32.9,27.0,29.6,0.7,0.7,4.0,10.0,24.8,152,23.61
2015-06-21,33.1,26.3,29.6,0.6,0.6,4.0,19.6,43.2,148,24.41
2015-06-22,32.1,27.1,29.0,1.1,1.1,5.0,25.1,46.4,165,20.73
2015-06-23,31.4,26.6,28.9,2.9,2.9,10.0,26.9,55.1,162,20.06
2015-06-24,30.9,27.0,28.5,5.5,5.5,12.0,25.2,50.0,167,18.83
2015-06-25,31.4,26.3,28.4,11.7,11.7,17.0,15.2,34.9,176,19.36
2015-06-26,31.5,26.6,28.8,3.8,3.8,8.0,14.1,31.7,179,19.9
2015-06-27,31.9,26.3,28.9,3.0,3.0,14.0,14.4,30.6,194,22.2
2015-06-28,32.0,26.1,28.7,3.4,3.4,10.0,9.2,25.6,203,21.79
2015-06-29,31.8,26.4,28.9,1.3,1.3,9.0,12.9,28.1,241,20.65
2015-06-30,31.7,26.2,28.7,4.0,4.0,15.0,9.2,30.6,219,19.76
2015-07-01,31.0,26.5,28.4,4.7,4.7,17.0,12.5,30.6,225,18.07
2015-07-02,31.7,25.7,28.3,4.8,4.8,21.0,10.6,27.7,184,19.39
2015-07-03,31.9,25.8,29.0,0.2,0.2,2.0,12.7,27.4,189,23.35
2015-07-04,32.5,25.9,29.1,0.4,0.4,3.0,18.1,30.6,343,23.99
2015-07-05,33.6,26.1,29.1,10.2,10.2,6.0,13.8,29.5,345,23.73
2015-07-06,31.9,26.6,28.6,4.5,4.5,10.0,10.2,33.8,336,16.37
2015-07-07,30.7,26.2,28.0,14.6,14.6,13.0,9.1,40.7,67,13.46
2015-07-08,27.7,25.6,26.3,53.6,53.6,24.0,21.9,50.8,115,5.45
2015-07-09,31.3,25.5,27.9,1.7,1.7,8.0,20.2,33.8,169,21.56
2015-07-10,30.6,26.1,28.1,0.6,0.6,4.0,36.6,63.0,338,21.78
2015-07-11,30.2,26.4,28.0,17.3,17.3,24.0,20.9,47.9,232,19.11
2015-07-12,30.2,26.2,27.7,11.2,11.2,19.0,14.0,27.7,193,18.47
2015-07-13,30.6,25.5,27.5,11.0,11.0,15.0,12.5,32.4,190,21.36
2015-07-14,30.6,25.5,27.5,3.2,3.2,10.0,8.3,23.0,202,19.92
2015-07-15,30.1,25.4,27.4,2.4,2.4,11.0,14.7,26.3,174,20.83
2015-07-16,30.7,25.7,27.8,1.7,1.7,9.0,11.4,21.6,166,21.44
2015-07-17,30.8,25.4,27.7,2.2,2.2,7.0,10.4,17.6,159,19.47
2015-07-18,31.1,26.0,28.0,3.2,3.2,7.0,18.2,32.4,147,20.63
2015-07-19,27.8,25.6,26.5,19.8,19.8,19.0,29.8,57.6,159,9.41
2015-07-20,28.3,25.7,26.5,20.4,20.4,24.0,28.6,54.7,168,7.46
2015-07-21,30.7,26.1,28.2,1.5,1.5,10.0,23.4,44.6,170,22.73
2015-07-22,30.0,25.5,27.6,11.8,11.8,18.0,20.9,45.0,177,19.15
2015-07-23,30.0,24.7,27.3,4.5,4.5,11.0,18.8,38.5,174,21.32
2015-07-24,30.5,24.6,27.5,0.2,0.2,2.0,13.3,28.1,176,22.73
2015-07-25,30.8,24.8,27.8,2.6,2.6,11.0,10.8,22.3,210,22.91
2015-07-26,30.9,25.3,27.8,3.4,3.4,11.0,10.5,24.1,210,22.59
2015-07-27,30.6,24.7,27.0,7.9,7.9,11.0,6.9,20.2,164,18.9
2015-07-28,30.2,25.0,27.0,5.7,5.7,9.0,7.9,19.4,148,16.59
2015-07-29,30.9,25.0,27.7,0.1,0.1,1.0,11.1,22.7,163,23.69
2015-07-30,31.4,25.0,27.9,0.0,0.0,0.0,11.4,29.2,167,25.4
2015-07-31,31.5,24.5,27.9,0.0,0.0,0.0,9.0,19.8,168,24.81
2015-08-01,31.3,25.6,28.2,0.5,0.5,4.0,12.5,24.5,347,22.11
2015-08-02,32.1,24.2,28.0,0.0,0.0,0.0,15.3,28.4,359,25.42
2015-08-03,32.0,25.0,28.2,0.0,0.0,0.0,7.7,20.5,0,25.77
2015-08-04,32.2,24.4,28.0,0.0,0.0,0.0,8.5,20.5,3,26.37
2015-08-05,31.8,25.1,28.1,0.0,0.0,0.0,14.0,27.7,12,23.48
2015-08-06,31.5,24.4,28.2,0.0,0.0,0.0,16.8,32.0,354,24.42
2015-08-07,33.0,24.8,28.6,0.0,0.0,0.0,37.1,66.2,357,19.11
2015-08-08,27.8,26.0,26.7,71.3,71.3,24.0,72.8,139.7,263,1.36
2015-08-09,28.9,25.7,26.7,59.3,59.3,24.0,39.6,66.6,175,9.59
2015-08-10,30.9,25.8,28.0,3.3,3.3,15.0,20.2,36.0,168,22.87
2015-08-11,30.3,25.8,27.7,1.1,1.1,6.0,16.1,32.4,177,20.96
2015-08-12,30.7,25.2,27.3,3.1,3.1,12.0,16.1,31.0,193,19.6
2015-08-13,29.7,25.1,26.7,33.0,33.0,18.0,14.6,29.9,186,14.52
2015-08-14,29.1,24.8,26.4,38.4,38.4,16.0,11.2,33.5,180,10.56
2015-08-15,28.4,24.8,26.5,16.7,16.7,17.0,11.6,28.8,218,9.0
2015-08-16,30.0,25.5,26.9,13.3,13.3,11.0,14.8,30.6,352,14.13
2015-08-17,29.4,25.6,27.5,4.4,4.4,10.0,11.2,27.7,304,16.46
2015-08-18,30.7,25.2,27.3,8.5,8.5,11.0,5.5,16.9,7,18.02
2015-08-19,30.4,25.1,27.5,0.9,0.9,7.0,9.0,19.1,352,19.4
2015-08-20,31.4,24.4,27.8,0.4,0.4,3.0,8.7,20.2,9,23.09
2015-08-21,31.8,25.1,28.2,0.0,0.0,0.0,11.9,23.8,329,20.69
2015-08-22,31.1,25.5,27.9,2.4,2.4,3.0,7.9,18.7,189,14.3
2015-08-23,30.9,25.8,27.8,6.5,6.5,12.0,36.6,63.0,334,17.47
2015-08-24,31.7,26.0,27.7,13.5,13.5,14.0,22.1,39.6,331,20.22
2015-08-25,29.2,25.3,26.8,20.0,20.0,24.0,14.7,32.0,188,12.28
2015-08-26,26.8,24.9,25.6,37.0,37.0,24.0,16.0,26.3,173,5.17
2015-08-27,26.8,24.8,25.5,45.2,45.2,24.0,15.6,27.7,175,6.34
2015-08-28,26.5,24.3,25.3,44.1,44.1,24.0,16.2,32.0,182,4.78
2015-08-29,26.4,24.5,25.3,63.0,63.0,24.0,17.6,39.2,170,2.17
2015-08-30,27.7,24.1,25.6,21.4,21.4,22.0,14.2,31.7,168,7.14
2015-08-31,27.5,24.5,25.7,22.0,22.0,22.0,14.5,30.2,177,7.41
2015-09-01,29.4,24.1,26.3,20.3,20.3,17.0,13.3,31.3,164,13.09
2015-09-02,30.5,24.5,27.1,2.5,2.5,4.0,8.8,23.8,151,18.8
2015-09-03,30.9,23.7,27.1,0.4,0.4,2.0,8.3,18.7,22,17.93
2015-09-04,30.8,24.4,27.2,2.1,2.1,5.0,8.7,20.5,26,20.93
2015-09-05,30.6,24.4,27.5,0.0,0.0,0.0,9.3,19.1,234,21.44
2015-09-06,30.4,24.6,27.4,1.1,1.1,8.0,12.6,27.7,277,19.69
2015-09-07,28.0,25.0,26.2,19.1,19.1,22.0,9.0,24.1,269,8.86
2015-09-08,28.6,24.9,26.3,15.0,15.0,19.0,12.6,27.4,301,14.19
2015-09-09,30.2,24.8,26.7,1.1,1.1,3.0,10.1,26.3,197,18.94
2015-09-10,29.0,23.0,25.8,1.4,1.4,5.0,7.0,22.0,112,22.62
2015-09-11,28.0,22.9,25.5,0.9,0.9,5.0,8.7,18.4,206,18.71
2015-09-12,29.0,23.5,26.0,0.6,0.6,4.0,10.6,24.1,331,19.81
2015-09-13,29.8,23.6,26.5,0.0,0.0,0.0,9.4,23.0,251,19.52
2015-09-14,30.3,23.1,26.7,0.5,0.5,2.0,8.5,22.0,301,18.73
2015-09-15,30.7,24.4,26.8,5.7,5.7,6.0,8.0,23.8,294,19.97
2015-09-16,30.8,24.6,27.1,4.1,4.1,9.0,10.2,22.3,353,20.06
2015-09-17,30.6,24.4,26.8,2.3,2.3,7.0,8.0,22.0,19,20.45
2015-09-18,30.3,24.2,26.7,0.0,0.0,0.0,10.4,19.4,7,22.38
2015-09-19,29.4,23.1,26.0,0.4,0.4,2.0,8.3,21.6,139,20.92
2015-09-20,29.2,24.1,26.5,0.7,0.7,5.0,10.4,21.6,221,18.73
2015-09-21,29.5,24.6,26.6,3.5,3.5,8.0,8.2,16.9,136,17.07
2015-09-22,30.8,24.6,26.8,3.2,3.2,4.0,10.7,24.8,356,20.75
2015-09-23,30.7,24.3,27.2,0.2,0.2,2.0,13.7,27.7,334,21.99
2015-09-24,30.5,24.7,27.4,0.3,0.3,2.0,13.9,26.3,325,19.55
2015-09-25,30.6,25.2,27.6,0.2,0.2,1.0,10.9,26.3,5,19.05
2015-09-26,31.3,25.4,27.7,0.1,0.1,1.0,22.0,38.9,345,20.67
2015-09-27,29.7,23.9,26.3,0.0,0.0,0.0,28.9,50.0,356,20.47
2015-09-28,27.8,24.6,26.3,30.8,30.8,13.0,56.4,98.6,329,6.19
2015-09-29,27.6,25.8,26.6,47.9,47.9,20.0,49.5,97.9,190,5.39
2015-09-30,30.8,25.7,27.6,1.0,1.0,2.0,21.6,41.0,170,16.23
2015-10-01,30.5,24.4,27.1,1.2,1.2,6.0,10.8,21.2,169,19.31
2015-10-02,30.9,24.5,27.5,0.4,0.4,3.0,9.4,24.1,340,18.58
2015-10-03,31.9,24.9,27.9,2.0,2.0,6.0,6.6,30.2,334,19.23
2015-10-04,30.9,24.4,27.0,2.1,2.1,4.0,10.0,25.6,332,19.32
2015-10-05,31.0,24.6,27.2,0.5,0.5,3.0,10.0,22.0,314,19.41
2015-10-06,30.2,25.0,26.9,2.5,2.5,5.0,10.5,22.7,259,17.74
2015-10-07,29.6,23.8,26.2,1.9,1.9,8.0,10.9,23.4,204,18.66
2015-10-08,29.4,23.7,25.9,5.9,5.9,5.0,12.2,26.6,315,19.19
2015-10-09,28.9,23.8,25.8,8.9,8.9,12.0,12.3,21.2,351,16.02
2015-10-10,27.7,24.1,25.6,9.6,9.6,14.0,11.4,24.1,351,14.73
2015-10-11,28.0,23.5,25.3,1.0,1.0,3.0,14.3,25.9,1,14.17
2015-10-12,26.5,23.4,24.7,0.8,0.8,5.0,8.6,18.7,351,6.79
2015-10-13,28.3,22.6,25.0,0.9,0.9,6.0,8.7,21.6,170,14.72
2015-10-14,27.3,21.9,24.5,0.1,0.1,1.0,11.1,24.5,25,13.42
2015-10-15,26.6,21.6,24.0,0.2,0.2,2.0,10.0,22.3,19,15.5
2015-10-16,28.2,22.2,24.8,0.0,0.0,0.0,12.2,24.1,25,17.16
2015-10-17,29.0,19.7,24.8,0.0,0.0,0.0,9.9,23.4,6,20.07
2015-10-18,29.0,22.5,25.4,0.0,0.0,0.0,15.6,26.3,349,14.18
2015-10-19,29.4,23.5,26.3,0.0,0.0,0.0,10.7,22.7,330,14.62
2015-10-20,27.3,24.3,25.4,12.6,12.6,22.0,10.8,19.8,290,5.07
2015-10-21,26.2,24.0,24.9,11.3,11.3,21.0,11.6,14.4,200,4.1
2015-10-22,26.0,23.9,24.9,2.9,2.9,13.0,11.2,22.0,144,3.82
2015-10-23,28.3,22.8,25.4,0.1,0.1,1.0,8.3,19.1,20,13.33
2015-10-24,29.1,24.0,25.8,2.3,2.3,9.0,8.1,20.9,165,14.84
2015-10-25,29.4,23.9,25.6,5.5,5.5,12.0,9.0,23.8,312,14.23
2015-10-26,26.1,23.9,24.9,18.6,18.6,13.0,10.0,24.1,208,9.3
2015-10-27,27.8,23.4,25.3,1.3,1.3,8.0,9.0,18.4,255,13.3
2015-10-28,28.5,23.6,25.3,2.4,2.4,7.0,9.4,23.0,328,16.17
2015-10-29,28.3,22.8,25.0,2.3,2.3,7.0,7.6,21.2,335,15.13
2015-10-30,28.9,21.8,25.1,0.2,0.2,1.0,12.6,23.8,5,17.49
2015-10-31,28.7,22.2,25.1,0.8,0.8,3.0,10.5,21.6,356,17.67
2015-11-01,27.8,22.4,24.4,0.6,0.6,2.0,15.3,27.7,357,14.43
2015-11-02,27.3,21.7,24.0,0.2,0.2,1.0,16.5,29.9,355,15.34
2015-11-03,28.1,21.7,24.5,0.2,0.2,1.0,14.0,26.3,348,16.39
2015-11-04,28.9,22.0,25.0,0.0,0.0,0.0,8.7,20.2,336,16.94
2015-11-05,29.1,23.1,25.5,0.0,0.0,0.0,12.2,23.0,340,12.9
2015-11-06,29.2,22.8,25.5,0.0,0.0,0.0,12.3,25.2,319,16.12
2015-11-07,29.3,22.6,25.6,0.0,0.0,0.0,11.7,22.7,352,15.0
2015-11-08,29.4,22.4,25.5,0.0,0.0,0.0,7.9,22.0,329,16.77
2015-11-09,29.4,23.6,25.8,0.3,0.3,2.0,11.5,22.3,1,17.06
2015-11-10,28.2,23.2,25.0,2.3,2.3,8.0,11.2,23.0,350,14.79
2015-11-11,27.6,22.7,24.8,1.3,1.3,5.0,9.4,23.0,348,13.53
2015-11-12,27.7,22.3,24.7,0.7,0.7,5.0,11.0,26.6,329,13.46
2015-11-13,28.4,22.3,24.9,0.1,0.1,1.0,8.8,18.4,4,14.91
2015-11-14,27.0,23.0,24.9,3.7,3.7,7.0,9.4,27.0,3,12.91
2015-11-15,28.4,22.7,25.0,1.1,1.1,1.0,8.7,22.7,343,14.77
2015-11-16,28.7,21.9,25.0,0.0,0.0,0.0,10.3,17.3,335,13.24
2015-11-17,30.2,22.7,25.8,0.0,0.0,0.0,9.0,22.7,142,15.75
2015-11-18,29.8,23.2,25.9,0.0,0.0,0.0,8.0,13.7,12,16.1
2015-11-19,28.7,23.1,25.4,0.1,0.1,1.0,13.7,25.9,353,14.77
2015-11-20,28.6,22.6,25.1,0.4,0.4,2.0,11.6,22.7,348,12.63
2015-11-21,28.3,22.8,24.8,5.3,5.3,4.0,7.7,23.8,335,13.05
2015-11-22,28.1,21.9,24.4,0.1,0.1,1.0,10.1,20.9,353,14.05
2015-11-23,28.5,21.3,24.2,0.0,0.0,0.0,13.4,23.8,7,15.36
2015-11-24,27.5,21.7,23.9,0.0,0.0,0.0,12.1,22.3,5,13.55
2015-11-25,26.7,20.1,23.0,0.6,0.6,5.0,19.4,33.5,3,15.6
2015-11-26,22.3,17.8,19.8,0.0,0.0,0.0,24.6,41.8,358,10.08
2015-11-27,22.8,16.6,19.5,0.0,0.0,0.0,14.4,29.9,351,12.63
2015-11-28,23.8,18.2,20.5,0.0,0.0,0.0,12.2,22.7,356,11.69
2015-11-29,25.7,18.4,21.7,0.0,0.0,0.0,18.1,31.0,355,12.02
2015-11-30,26.3,19.4,22.3,0.0,0.0,0.0,13.4,24.8,2,14.67
2015-12-01,26.2,19.8,22.4,0.0,0.0,0.0,12.8,23.8,357,15.14
2015-12-02,26.2,19.0,22.3,0.0,0.0,0.0,15.9,28.4,354,15.55
2015-12-03,25.7,18.9,22.1,0.0,0.0,0.0,13.3,25.9,351,12.81
2015-12-04,25.3,19.5,22.2,0.4,0.4,2.0,9.7,19.1,0,11.57
2015-12-05,25.9,19.8,22.4,0.0,0.0,0.0,22.2,31.7,335,10.49
2015-12-06,22.6,18.9,20.4,19.1,19.1,17.0,29.0,49.7,349,5.83
2015-12-07,23.8,19.1,20.9,8.7,8.7,19.0,14.6,30.6,350,9.51
2015-12-08,25.6,19.1,21.8,1.0,1.0,4.0,12.2,27.4,343,12.6
2015-12-09,26.0,20.1,22.3,18.2,18.2,18.0,13.6,57.6,318,9.7
2015-12-10,23.8,18.6,21.1,21.7,21.7,14.0,26.0,46.8,356,6.02
2015-12-11,24.4,17.3,20.5,0.0,0.0,0.0,17.7,31.0,352,13.68
2015-12-12,25.1,17.8,21.2,0.0,0.0,0.0,12.4,25.6,356,14.59
2015-12-13,26.3,18.0,21.6,0.0,0.0,0.0,14.2,26.3,352,14.94
2015-12-14,26.0,19.2,21.7,0.0,0.0,0.0,19.3,33.8,353,14.82
2015-12-15,25.1,18.0,20.7,0.0,0.0,0.0,24.6,38.5,352,14.77
2015-12-16,20.6,15.3,17.6,0.0,0.0,0.0,29.7,50.4,354,11.68
2015-12-17,18.2,13.9,15.5,0.0,0.0,0.0,24.9,40.3,355,9.14
2015-12-18,19.8,12.2,16.3,0.0,0.0,0.0,10.8,19.8,357,11.6
2015-12-19,22.7,12.4,17.5,0.0,0.0,0.0,12.0,24.5,342,14.1
2015-12-20,21.5,16.1,19.0,0.1,0.1,1.0,13.6,20.5,359,3.74
2015-12-21,24.9,17.8,21.0,0.0,0.0,0.0,13.6,25.6,349,14.16
2015-12-22,26.6,18.7,22.0,0.3,0.3,2.0,14.0,27.4,336,13.79
2015-12-23,27.5,19.1,22.8,0.0,0.0,0.0,15.3,26.3,3,14.88
2015-12-24,27.0,20.3,22.9,0.0,0.0,0.0,12.1,25.9,358,12.7
2015-12-25,24.7,18.6,21.2,0.0,0.0,0.0,21.3,36.0,350,13.66
2015-12-26,22.9,18.0,19.8,0.0,0.0,0.0,18.8,33.1,350,9.94
2015-12-27,23.2,17.7,19.6,0.0,0.0,0.0,23.8,42.5,353,11.01
2015-12-28,23.4,17.0,19.3,0.1,0.1,1.0,22.4,37.1,352,12.48
2015-12-29,22.3,17.0,18.9,0.0,0.0,0.0,16.2,28.1,354,12.47
2015-12-30,23.4,16.2,18.9,0.0,0.0,0.0,21.0,34.9,350,13.41
2015-12-31,24.0,16.0,19.2,0.0,0.0,0.0,19.9,36.0,350,15.18
2016-01-01,24.3,15.4,19.4,0.0,0.0,0.0,17.8,31.7,345,15.49
2016-01-02,24.0,17.1,19.7,17.8,17.8,11.0,16.4,31.3,346,9.33
2016-01-03,22.3,18.5,20.3,46.0,46.0,23.0,16.1,38.9,346,5.61
2016-01-04,25.1,19.6,21.7,11.7,11.7,12.0,10.9,24.5,343,10.85
2016-01-05,26.6,19.9,22.3,6.9,6.9,6.0,7.6,29.2,357,10.19
2016-01-06,22.7,17.8,20.4,22.3,22.3,9.0,21.7,38.9,353,5.91
2016-01-07,23.0,17.6,19.6,0.4,0.4,4.0,18.6,32.0,349,11.75
2016-01-08,20.1,16.5,18.3,1.6,1.6,8.0,22.6,36.4,354,6.23
2016-01-09,23.0,15.8,18.7,0.0,0.0,0.0,17.4,29.2,349,15.47
2016-01-10,23.3,15.3,19.0,0.0,0.0,0.0,16.2,25.9,350,11.93
2016-01-11,23.4,17.9,19.4,2.3,2.3,7.0,18.7,29.2,358,7.88
2016-01-12,22.9,16.6,18.9,2.3,2.3,9.0,20.6,36.7,347,11.86
2016-01-13,20.2,15.9,17.5,7.0,7.0,16.0,21.4,38.9,350,8.82
2016-01-14,20.9,14.2,17.2,0.0,0.0,0.0,20.3,33.1,352,12.12
2016-01-15,18.5,15.1,16.6,2.4,2.4,8.0,20.4,33.5,354,3.9
2016-01-16,23.4,16.4,19.4,0.5,0.5,2.0,11.3,22.0,336,13.77
2016-01-17,22.3,17.2,19.7,24.7,24.7,15.0,22.6,39.6,355,5.95
2016-01-18,20.6,14.6,17.5,0.6,0.6,3.0,24.5,42.1,349,10.4
2016-01-19,20.6,16.1,17.7,2.5,2.5,9.0,17.5,31.3,351,8.13
2016-01-20,20.9,14.9,18.2,0.0,0.0,0.0,16.7,35.3,345,8.06
2016-01-21,23.3,17.1,19.2,2.8,2.8,5.0,22.9,53.3,352,10.43
2016-01-22,22.9,16.2,18.9,4.2,4.2,13.0,24.3,41.4,345,8.28
2016-01-23,16.5,11.3,14.0,7.1,7.1,20.0,35.1,60.1,353,2.42
2016-01-24,10.9,7.4,8.3,3.8,3.8,14.0,38.9,67.7,355,1.92
2016-01-25,13.6,7.7,10.5,0.0,0.0,0.0,28.5,47.2,354,9.07
2016-01-26,18.6,10.7,14.4,0.0,0.0,0.0,14.2,25.6,354,13.89
2016-01-27,22.7,12.8,16.9,8.1,8.1,14.0,10.5,36.4,8,10.58
2016-01-28,24.5,15.9,19.2,6.9,6.9,14.0,20.2,39.6,2,7.82
2016-01-29,24.0,16.4,19.0,20.8,20.8,15.0,24.1,55.8,353,7.74
2016-01-30,21.9,16.8,18.7,17.2,17.2,15.0,17.8,39.2,352,9.46
2016-01-31,23.9,15.2,18.9,0.0,0.0,0.0,17.4,29.5,343,16.72
2016-02-01,21.4,15.6,17.7,1.9,1.9,9.0,28.2,49.0,348,12.86
2016-02-02,17.6,14.5,15.6,1.5,1.5,11.0,21.0,33.8,350,5.52
2016-02-03,20.5,14.1,16.6,0.1,0.1,1.0,21.5,39.2,348,13.58
2016-02-04,21.8,15.6,17.8,1.3,1.3,7.0,21.7,38.2,351,14.37
2016-02-05,21.4,13.7,16.9,4.4,4.4,8.0,33.9,55.4,349,13.97
2016-02-06,17.2,12.0,13.9,0.0,0.0,0.0,32.4,54.7,354,12.67
2016-02-07,18.0,10.5,13.3,0.0,0.0,0.0,26.0,44.3,356,16.83
2016-02-08,18.8,9.1,13.6,0.0,0.0,0.0,17.1,29.2,2,17.6
2016-02-09,20.8,9.1,14.9,0.0,0.0,0.0,14.7,28.8,358,17.97
2016-02-10,23.8,12.5,17.8,0.0,0.0,0.0,7.8,20.9,17,10.3
2016-02-11,24.9,16.5,21.2,1.1,1.1,5.0,20.6,40.0,143,12.22
2016-02-12,25.5,21.3,23.0,0.5,0.5,3.0,18.4,32.8,155,11.47
2016-02-13,26.8,20.1,23.2,1.2,1.2,6.0,13.0,33.5,143,17.2
2016-02-14,26.2,17.0,21.4,1.6,1.6,6.0,22.9,41.8,16,16.42
2016-02-15,16.1,13.4,14.6,1.2,1.2,5.0,26.2,45.7,352,4.19
2016-02-16,16.3,13.8,14.7,1.7,1.7,7.0,16.6,27.4,354,3.47
2016-02-17,20.1,13.9,16.7,0.7,0.7,3.0,13.8,29.9,347,12.37
2016-02-18,21.8,15.2,17.8,0.0,0.0,0.0,15.5,28.1,352,13.89
2016-02-19,24.0,14.5,18.6,0.0,0.0,0.0,21.8,36.4,350,19.67
2016-02-20,19.5,16.0,17.4,0.5,0.5,2.0,23.1,47.9,353,7.64
2016-02-21,22.4,16.2,19.1,0.5,0.5,4.0,9.5,23.4,326,14.22
2016-02-22,24.3,17.5,20.2,1.2,1.2,6.0,16.2,27.7,346,13.5
2016-02-23,23.0,17.2,19.3,1.8,1.8,4.0,21.7,38.5,350,11.71
2016-02-24,20.0,15.5,17.4,6.7,6.7,15.0,20.3,36.4,349,6.58
2016-02-25,21.4,16.0,18.2,0.3,0.3,2.0,13.0,27.4,339,10.47
2016-02-26,21.1,16.2,18.1,0.5,0.5,4.0,16.6,30.2,346,11.85
2016-02-27,22.3,15.2,18.0,0.0,0.0,0.0,23.1,39.6,350,18.24
2016-02-28,23.1,15.5,19.1,0.0,0.0,0.0,15.4,27.7,344,17.49
2016-02-29,23.7,16.5,19.6,0.4,0.4,2.0,18.1,35.3,355,19.29
2016-03-01,21.5,15.0,18.2,0.0,0.0,0.0,11.2,25.6,332,19.35
2016-03-02,22.0,14.9,18.0,0.0,0.0,0.0,14.6,29.2,336,15.3
2016-03-03,22.8,15.0,18.8,0.0,0.0,0.0,12.9,24.8,356,16.74
2016-03-04,24.5,17.4,20.5,0.0,0.0,0.0,9.6,20.5,348,13.49
2016-03-05,26.0,17.9,21.5,0.0,0.0,0.0,10.2,20.2,321,17.82
2016-03-06,26.3,19.0,22.0,0.0,0.0,0.0,17.8,34.2,342,20.51
2016-03-07,26.3,17.9,21.9,0.0,0.0,0.0,8.4,21.2,325,19.68
2016-03-08,28.0,18.9,23.4,0.0,0.0,0.0,20.8,38.2,152,20.32
2016-03-09,27.3,20.5,23.7,1.2,1.2,7.0,18.0,35.3,343,17.02
2016-03-10,23.7,14.6,18.7,8.8,8.8,22.0,28.4,51.1,348,12.13
2016-03-11,18.0,14.4,15.9,4.1,4.1,15.0,22.3,41.0,351,4.68
2016-03-12,22.0,15.6,18.5,1.6,1.6,6.0,12.9,29.5,335,15.01
2016-03-13,24.8,17.0,20.7,35.1,35.1,17.0,19.9,41.4,173,7.73
2016-03-14,22.2,17.5,19.5,9.5,9.5,11.0,21.6,56.2,351,11.93
2016-03-15,20.5,17.4,18.7,2.4,2.4,11.0,10.1,17.3,354,5.88
2016-03-16,24.4,17.0,20.4,0.0,0.0,0.0,13.3,23.4,354,17.94
2016-03-17,27.3,17.6,22.3,0.0,0.0,0.0,9.8,20.5,340,19.14
2016-03-18,28.2,20.8,24.0,2.0,2.0,5.0,22.2,40.3,154,18.51
2016-03-19,27.4,21.5,23.6,0.4,0.4,2.0,18.2,33.1,331,17.88
2016-03-20,26.1,21.2,23.0,0.5,0.5,3.0,12.3,26.3,330,14.76
2016-03-21,25.1,19.7,21.6,1.2,1.2,6.0,15.5,29.5,344,12.39
2016-03-22,25.2,19.0,21.8,2.1,2.1,9.0,12.6,20.5,348,15.11
2016-03-23,26.0,19.5,22.1,6.4,6.4,11.0,17.0,33.8,5,13.51
2016-03-24,20.5,16.5,18.5,11.0,11.0,20.0,19.8,35.3,350,5.83
2016-03-25,17.6,13.8,15.7,8.6,8.6,21.0,24.5,38.9,354,5.91
2016-03-26,21.5,13.0,16.5,0.0,0.0,0.0,21.7,36.7,355,21.66
2016-03-27,21.1,13.3,16.7,0.0,0.0,0.0,23.9,41.4,359,25.11
2016-03-28,22.2,10.6,16.9,0.0,0.0,0.0,13.0,23.8,1,25.99
2016-03-29,24.2,11.1,18.2,0.0,0.0,0.0,10.1,17.6,30,23.49
2016-03-30,25.8,15.7,21.0,0.0,0.0,0.0,8.2,16.2,69,23.64
2016-03-31,25.2,19.7,22.2,2.2,2.2,7.0,6.8,21.2,20,11.62
2016-04-01,26.8,20.3,23.2,1.1,1.1,8.0,9.1,21.6,322,17.93
2016-04-02,28.5,21.0,24.3,0.0,0.0,0.0,9.2,19.8,325,20.23
2016-04-03,28.7,21.6,25.0,0.6,0.6,3.0,16.3,28.4,182,20.07
2016-04-04,28.3,21.4,24.4,0.0,0.0,0.0,8.9,19.4,315,21.6
2016-04-05,29.4,20.5,24.7,0.0,0.0,0.0,9.1,20.5,345,23.37
2016-04-06,30.9,21.1,25.9,0.0,0.0,0.0,25.2,45.4,157,24.72
2016-04-07,30.2,23.7,26.5,0.8,0.8,3.0,22.4,41.8,163,22.13
2016-04-08,30.2,23.2,26.2,0.0,0.0,0.0,9.4,20.2,318,24.18
2016-04-09,30.4,21.9,25.9,0.0,0.0,0.0,9.3,19.8,353,24.36
2016-04-10,29.0,22.1,25.6,1.9,1.9,5.0,13.7,31.0,130,18.96
2016-04-11,28.4,22.0,24.7,8.1,8.1,10.0,10.3,31.3,41,18.39
2016-04-12,27.3,21.3,24.1,6.5,6.5,17.0,10.6,26.3,135,14.25
2016-04-13,26.2,22.8,24.1,37.3,37.3,22.0,15.6,41.8,169,6.92
2016-04-14,28.8,22.1,25.1,9.7,9.7,18.0,15.8,40.0,141,15.26
2016-04-15,28.8,22.5,25.4,11.2,11.2,17.0,12.2,26.3,135,17.65
2016-04-16,29.5,22.1,25.7,0.0,0.0,0.0,19.5,36.0,175,20.22
2016-04-17,30.1,22.6,26.1,0.0,0.0,0.0,8.7,19.4,270,23.52
2016-04-18,29.6,22.1,25.0,0.7,0.7,3.0,20.4,34.9,352,19.72
2016-04-19,29.0,21.7,24.9,0.0,0.0,0.0,12.5,29.9,335,21.43
2016-04-20,31.1,21.9,26.2,0.0,0.0,0.0,11.6,37.4,164,23.46
2016-04-21,30.2,24.4,26.7,2.8,2.8,4.0,21.8,43.6,163,22.07
2016-04-22,30.5,23.9,26.9,0.2,0.2,1.0,9.0,22.7,267,24.65
2016-04-23,30.7,23.5,26.8,0.0,0.0,0.0,14.6,34.6,163,24.56
2016-04-24,29.5,23.2,26.1,3.1,3.1,6.0,7.9,28.1,164,17.78
2016-04-25,30.3,23.1,26.3,0.1,0.1,1.0,10.6,26.6,82,19.54
2016-04-26,31.1,22.8,26.8,0.1,0.1,1.0,12.1,26.3,160,25.28
2016-04-27,30.6,23.7,26.4,6.9,6.9,11.0,11.6,25.9,312,21.29
2016-04-28,29.6,23.2,25.7,5.6,5.6,14.0,9.4,24.1,20,20.79
2016-04-29,26.9,23.3,24.9,5.8,5.8,16.0,7.2,20.9,171,18.34
2016-04-30,27.8,21.5,24.8,0.2,0.2,1.0,7.8,20.5,34,19.26
2016-05-01,30.7,21.4,26.1,0.1,0.1,1.0,8.4,28.1,58,23.25
2016-05-02,31.0,23.9,27.0,2.1,2.1,2.0,15.1,36.4,167,22.78
2016-05-03,30.6,24.1,27.3,0.6,0.6,4.0,14.0,29.5,311,22.9
2016-05-04,30.8,24.3,27.3,0.8,0.8,2.0,11.6,24.5,233,23.12
2016-05-05,32.0,24.4,28.0,0.0,0.0,0.0,23.3,45.0,160,25.55
2016-05-06,32.2,25.8,28.7,0.0,0.0,0.0,15.8,29.5,170,24.99
2016-05-07,32.8,25.2,28.5,0.6,0.6,2.0,11.8,32.4,167,23.5
2016-05-08,32.4,26.2,28.9,0.7,0.7,2.0,20.0,44.3,165,24.1
2016-05-09,32.7,25.9,28.9,0.0,0.0,0.0,23.1,43.2,164,24.92
2016-05-10,32.0,25.6,28.5,3.5,3.5,9.0,17.4,41.0,187,21.68
2016-05-11,28.5,23.6,25.5,20.4,20.4,24.0,12.8,29.2,195,13.07
2016-05-12,29.7,24.1,26.5,8.2,8.2,10.0,12.6,28.4,148,18.6
2016-05-13,30.8,24.4,26.8,3.4,3.4,4.0,10.1,26.3,354,20.62
2016-05-14,31.0,24.3,27.1,8.5,8.5,5.0,10.6,24.1,269,22.27
2016-05-15,30.7,24.9,27.3,10.5,10.5,10.0,5.9,22.3,194,20.94
2016-05-16,29.2,24.6,26.4,18.7,18.7,11.0,12.8,29.2,4,18.21
2016-05-17,29.0,23.7,25.8,0.7,0.7,3.0,13.7,27.0,357,17.65
2016-05-18,29.8,23.2,26.3,0.2,0.2,1.0,16.1,30.2,1,24.76
2016-05-19,29.8,23.5,26.7,0.7,0.7,5.0,12.9,23.0,351,22.17
2016-05-20,30.6,24.4,27.3,1.1,1.1,6.0,7.9,24.8,318,20.03
2016-05-21,27.3,25.4,26.1,22.0,22.0,21.0,15.5,32.8,163,6.0
2016-05-22,26.7,24.6,25.4,43.7,43.7,24.0,18.8,32.4,169,5.89
2016-05-23,29.4,24.4,26.2,32.5,32.5,21.0,17.9,33.5,175,13.98
2016-05-24,29.9,24.9,26.9,9.1,9.1,19.0,11.0,27.4,178,14.4
2016-05-25,30.8,24.6,27.6,1.5,1.5,4.0,8.1,19.1,173,24.17
2016-05-26,31.5,25.4,28.2,5.1,5.1,7.0,16.2,30.6,164,23.36
2016-05-27,32.0,26.5,28.8,0.9,0.9,3.0,21.1,43.6,163,25.38
2016-05-28,31.3,26.0,28.6,2.4,2.4,7.0,18.8,33.8,178,22.7
2016-05-29,31.3,26.0,28.3,2.2,2.2,7.0,11.5,26.3,239,21.25
2016-05-30,31.3,25.8,28.4,2.0,2.0,7.0,11.3,24.1,298,21.91
2016-05-31,31.6,26.1,28.8,0.7,0.7,4.0,12.8,26.3,315,23.62
2016-06-01,31.5,25.8,28.8,2.2,2.2,11.0,15.0,34.2,298,22.2
2016-06-02,30.7,26.2,28.3,3.1,3.1,14.0,10.2,25.9,283,18.84
2016-06-03,31.8,26.0,28.6,1.4,1.4,5.0,9.6,21.6,270,21.21
2016-06-04,31.9,25.8,28.7,2.7,2.7,11.0,12.0,26.3,276,22.51
2016-06-05,31.9,25.9,27.9,22.4,22.4,14.0,8.7,21.6,307,22.28
2016-06-06,29.2,25.7,27.1,14.1,14.1,14.0,11.8,25.6,224,17.89
2016-06-07,30.1,25.1,27.0,12.3,12.3,17.0,8.7,24.5,204,19.14
2016-06-08,29.9,25.0,26.7,21.9,21.9,18.0,10.5,20.5,184,18.72
2016-06-09,29.1,24.6,26.3,22.6,22.6,20.0,15.0,29.9,177,13.34
2016-06-10,26.3,24.8,25.5,78.6,78.6,24.0,25.1,35.6,166,2.84
2016-06-11,26.9,24.7,25.8,68.2,68.2,24.0,26.3,45.7,183,3.83
2016-06-12,29.0,24.8,26.4,41.1,41.1,24.0,22.0,44.6,178,10.29
2016-06-13,26.9,24.8,25.9,48.9,48.9,23.0,10.1,25.9,143,4.83
2016-06-14,29.6,25.0,26.9,15.7,15.7,20.0,8.6,31.3,173,12.05
2016-06-15,30.9,25.4,27.9,10.0,10.0,16.0,14.0,31.7,169,21.11
2016-06-16,31.4,26.1,28.3,4.9,4.9,19.0,8.7,30.6,184,21.45
2016-06-17,31.5,25.4,28.5,0.7,0.7,5.0,11.8,28.1,177,23.95
2016-06-18,32.2,25.5,28.8,0.7,0.7,4.0,16.0,37.8,168,26.05
2016-06-19,32.9,25.1,28.6,6.5,6.5,4.0,9.3,27.7,132,23.69
2016-06-20,32.4,25.7,28.7,0.9,0.9,3.0,16.9,36.7,156,22.78
2016-06-21,31.4,26.2,28.5,1.8,1.8,4.0,14.1,35.6,167,22.13
2016-06-22,32.1,26.4,29.0,0.0,0.0,0.0,11.2,23.4,174,24.39
2016-06-23,32.2,26.7,29.0,0.8,0.8,4.0,14.4,30.2,167,23.27
2016-06-24,32.1,26.6,29.0,1.1,1.1,3.0,18.4,36.4,167,23.26
2016-06-25,31.5,27.0,29.1,1.1,1.1,6.0,16.2,33.5,173,21.81
2016-06-26,32.4,26.9,29.4,1.4,1.4,4.0,13.4,26.6,162,22.61
2016-06-27,33.8,25.6,29.1,4.9,4.9,5.0,14.7,33.8,148,23.41
2016-06-28,32.1,26.9,29.4,0.2,0.2,1.0,29.2,56.5,158,23.97
2016-06-29,32.7,26.8,29.5,0.0,0.0,0.0,24.9,49.3,164,26.03
2016-06-30,33.1,26.7,29.4,2.5,2.5,7.0,13.8,34.2,159,24.32
2016-07-01,33.2,25.1,28.8,1.8,1.8,3.0,16.6,33.5,158,24.18
2016-07-02,31.6,26.9,28.9,4.9,4.9,8.0,20.2,42.1,168,21.52
2016-07-03,32.2,26.6,29.0,1.0,1.0,3.0,22.0,46.4,169,24.27
2016-07-04,33.3,26.5,29.5,0.3,0.3,3.0,19.6,42.5,162,25.86
2016-07-05,33.0,25.6,29.3,0.4,0.4,2.0,11.9,27.0,9,25.06
2016-07-06,32.7,26.1,29.0,4.7,4.7,8.0,13.0,26.3,276,22.6
2016-07-07,31.8,25.6,28.4,1.1,1.1,6.0,12.9,27.7,13,16.87
2016-07-08,27.5,26.5,26.9,117.6,117.6,24.0,39.8,71.3,242,2.99
2016-07-09,27.4,26.0,26.7,99.5,99.5,24.0,40.0,73.1,196,6.1
2016-07-10,28.1,25.8,26.5,42.2,42.2,24.0,22.7,43.2,186,7.61
2016-07-11,28.1,25.6,26.4,39.9,39.9,24.0,21.5,45.7,180,9.29
2016-07-12,28.8,25.3,26.4,21.2,21.2,24.0,24.4,45.7,176,9.11
2016-07-13,30.5,25.2,27.2,13.3,13.3,21.0,16.6,39.2,166,18.86
2016-07-14,31.2,25.6,28.3,6.0,6.0,10.0,15.7,31.3,178,21.45
2016-07-15,31.7,25.6,28.7,1.5,1.5,9.0,12.4,26.3,220,22.6
2016-07-16,31.8,25.4,28.7,0.7,0.7,2.0,11.1,25.9,260,22.1
2016-07-17,31.3,26.1,28.5,2.0,2.0,10.0,7.6,23.0,267,20.65
2016-07-18,30.7,25.8,27.7,7.1,7.1,14.0,10.1,23.4,204,19.31
2016-07-19,31.0,25.5,27.7,9.5,9.5,11.0,13.7,27.7,176,20.09
2016-07-20,31.2,25.0,28.2,1.1,1.1,6.0,12.3,30.2,176,23.05
2016-07-21,32.0,25.9,28.9,0.8,0.8,5.0,8.4,20.9,166,23.14
2016-07-22,32.0,25.8,29.0,0.0,0.0,0.0,13.0,25.2,303,24.29
2016-07-23,31.2,25.9,28.7,0.7,0.7,5.0,7.6,20.5,302,22.36
2016-07-24,31.6,25.7,28.5,0.4,0.4,3.0,7.8,17.3,142,23.7
2016-07-25,31.8,24.9,28.3,0.2,0.2,2.0,18.4,32.4,18,24.4
2016-07-26,31.4,24.8,28.3,0.2,0.2,1.0,8.0,16.9,145,23.41
2016-07-27,32.1,25.9,28.7,1.8,1.8,6.0,9.4,22.3,331,24.92
2016-07-28,32.0,26.2,28.9,0.8,0.8,6.0,12.3,24.8,312,23.85
2016-07-29,32.5,25.6,28.6,0.7,0.7,1.0,8.2,19.8,135,23.41
2016-07-30,32.3,24.7,28.6,0.0,0.0,0.0,9.7,20.2,24,24.72
2016-07-31,32.4,25.4,29.0,0.3,0.3,2.0,11.0,23.0,10,24.31
2016-08-01,31.0,26.0,28.1,1.3,1.3,8.0,26.1,46.4,143,13.6
2016-08-02,31.2,26.0,28.5,0.2,0.2,2.0,23.8,48.6,155,20.16
2016-08-03,32.1,25.6,28.4,1.1,1.1,2.0,10.3,30.2,156,21.2
2016-08-04,32.4,25.7,28.9,0.2,0.2,1.0,7.6,21.2,340,23.67
2016-08-05,32.2,26.2,28.9,0.0,0.0,0.0,17.9,34.2,330,22.72
2016-08-06,32.1,26.1,28.8,2.1,2.1,8.0,17.4,36.7,334,21.07
2016-08-07,31.9,25.7,28.6,1.3,1.3,7.0,14.2,29.9,339,20.94
2016-08-08,32.1,25.9,28.7,0.9,0.9,4.0,18.0,36.7,334,22.17
2016-08-09,32.2,26.3,28.5,4.0,4.0,10.0,12.1,26.6,335,20.47
2016-08-10,31.9,26.0,28.2,3.7,3.7,9.0,9.2,25.6,327,20.2
2016-08-11,27.9,26.0,26.6,24.5,24.5,21.0,14.9,25.9,178,4.64
2016-08-12,26.9,25.2,25.9,36.9,36.9,24.0,14.5,20.5,176,3.72
2016-08-13,26.7,25.1,25.8,34.6,34.6,24.0,19.1,33.8,164,4.21
2016-08-14,29.9,25.4,26.9,14.6,14.6,16.0,23.3,43.6,156,11.5
2016-08-15,27.4,25.4,26.1,15.5,15.5,20.0,24.6,41.4,151,6.39
2016-08-16,28.7,25.6,26.7,4.5,4.5,17.0,23.5,42.1,159,13.21
2016-08-17,29.4,25.4,26.8,19.3,19.3,22.0,24.2,40.7,154,15.29
2016-08-18,28.0,25.1,26.5,14.6,14.6,15.0,16.5,33.1,156,11.81
2016-08-19,29.9,25.3,27.6,11.4,11.4,11.0,12.9,31.7,160,18.43
2016-08-20,31.8,25.2,28.0,2.7,2.7,5.0,9.2,21.2,1,21.92
2016-08-21,31.2,25.1,28.0,0.7,0.7,4.0,4.7,17.6,96,22.9
2016-08-22,32.0,25.1,28.1,0.4,0.4,3.0,12.6,24.1,11,23.11
2016-08-23,31.5,24.5,28.2,0.1,0.1,1.0,7.6,22.0,14,23.34
2016-08-24,31.5,25.8,28.5,0.4,0.4,3.0,8.6,19.4,163,20.75
2016-08-25,31.6,26.5,28.7,0.4,0.4,3.0,8.7,19.8,316,21.63
2016-08-26,31.6,25.9,28.5,0.0,0.0,0.0,13.6,27.4,332,23.02
2016-08-27,31.3,25.4,28.4,0.9,0.9,4.0,12.0,24.1,339,21.79
2016-08-28,31.3,25.5,27.8,10.8,10.8,14.0,12.9,27.0,14,17.77
2016-08-29,30.4,25.4,27.3,17.9,17.9,17.0,12.8,29.5,204,17.32
2016-08-30,25.9,24.6,25.2,22.3,22.3,15.0,9.5,18.7,217,4.34
2016-08-31,29.8,24.3,26.6,0.0,0.0,0.0,14.8,27.4,335,23.78
2016-09-01,29.8,24.0,26.6,7.1,7.1,11.0,15.1,28.4,170,19.99
2016-09-02,27.4,25.2,25.9,25.9,25.9,22.0,19.7,33.1,200,4.65
2016-09-03,28.0,25.0,26.0,23.8,23.8,24.0,10.0,23.0,171,7.58
2016-09-04,30.3,25.2,27.0,10.7,10.7,14.0,11.4,30.2,170,17.6
2016-09-05,29.9,25.7,27.0,11.4,11.4,16.0,16.1,32.4,178,12.24
2016-09-06,28.2,25.0,26.0,47.2,47.2,22.0,17.0,35.6,178,10.28
2016-09-07,26.7,24.8,25.5,80.8,80.8,24.0,14.8,32.8,182,3.73
2016-09-08,28.0,24.9,26.0,14.2,14.2,24.0,11.5,27.7,182,6.58
2016-09-09,30.0,24.4,26.6,10.4,10.4,18.0,12.3,22.3,187,15.09
2016-09-10,30.7,24.5,27.5,0.3,0.3,1.0,8.3,19.8,160,19.69
2016-09-11,31.3,24.6,27.7,0.9,0.9,3.0,7.7,19.8,147,20.62
2016-09-12,31.3,24.7,27.8,0.5,0.5,3.0,12.8,24.1,11,22.1
2016-09-13,31.5,25.1,27.7,2.0,2.0,4.0,17.7,29.5,2,18.74
2016-09-14,26.8,25.7,26.3,179.0,179.0,24.0,55.4,114.5,121,1.76
2016-09-15,29.2,25.2,26.8,21.8,21.8,16.0,37.5,74.5,162,15.88
2016-09-16,31.0,23.7,27.4,0.0,0.0,0.0,21.0,36.7,344,20.59
2016-09-17,29.1,25.0,26.9,6.4,6.4,20.0,20.9,41.8,317,14.32
2016-09-18,30.7,24.8,27.1,1.2,1.2,3.0,14.0,27.7,347,21.12
2016-09-19,30.3,24.3,26.7,3.6,3.6,2.0,6.6,18.4,34,20.67
2016-09-20,30.2,24.4,26.7,3.2,3.2,4.0,8.2,21.6,327,20.16
2016-09-21,30.1,24.6,26.8,2.2,2.2,6.0,8.4,25.2,353,17.74
2016-09-22,30.2,24.8,27.0,12.7,12.7,9.0,7.7,21.2,324,19.65
2016-09-23,30.7,25.1,27.3,6.0,6.0,7.0,9.8,27.0,262,20.74
2016-09-24,30.8,24.1,27.3,0.5,0.5,3.0,8.1,24.1,13,21.72
2016-09-25,31.1,25.0,27.6,0.2,0.2,1.0,10.2,24.1,5,21.48
2016-09-26,30.9,24.1,27.4,0.0,0.0,0.0,16.2,28.1,5,20.53
2016-09-27,27.0,25.8,26.4,188.5,188.5,20.0,76.2,139.3,297,2.93
2016-09-28,27.2,25.7,26.4,94.1,94.1,24.0,49.8,110.9,187,5.05
2016-09-29,28.7,25.0,26.5,6.3,6.3,18.0,28.3,46.8,158,13.26
2016-09-30,31.0,24.2,26.8,29.0,29.0,10.0,14.9,28.4,156,18.03
2016-10-01,26.7,24.6,25.4,24.2,24.2,22.0,10.5,27.4,208,4.1
2016-10-02,30.3,24.2,26.7,0.6,0.6,1.0,11.2,28.8,5,19.43
2016-10-03,30.3,23.6,26.8,0.9,0.9,4.0,12.6,26.6,0,18.6
2016-10-04,30.1,24.6,27.1,0.4,0.4,3.0,9.2,23.4,114,18.46
2016-10-05,30.0,25.2,27.2,0.5,0.5,3.0,13.3,29.5,320,16.71
2016-10-06,28.4,24.7,26.4,7.7,7.7,7.0,9.4,32.0,254,7.56
2016-10-07,30.0,24.5,26.3,28.2,28.2,11.0,18.7,37.1,135,13.03
2016-10-08,26.3,24.8,25.2,64.6,64.6,24.0,22.9,41.8,152,3.66
2016-10-09,26.6,24.5,25.3,61.5,61.5,24.0,19.2,32.0,138,4.92
2016-10-10,29.1,24.2,26.0,5.1,5.1,14.0,9.6,32.0,137,9.63
2016-10-11,27.1,24.3,25.2,20.4,20.4,20.0,6.9,24.5,354,5.21
2016-10-12,29.9,23.1,25.9,0.8,0.8,2.0,9.8,22.3,357,18.58
2016-10-13,29.0,22.6,25.5,0.0,0.0,0.0,8.8,20.9,10,18.05
2016-10-14,29.9,22.5,25.9,0.0,0.0,0.0,7.8,18.4,15,19.07
2016-10-15,30.2,22.9,26.2,0.0,0.0,0.0,10.9,24.1,290,18.85
2016-10-16,30.6,23.7,26.7,0.0,0.0,0.0,11.2,26.3,288,18.24
2016-10-17,30.5,24.0,26.9,1.4,1.4,4.0,13.0,27.4,272,15.18
2016-10-18,30.5,24.2,26.9,0.9,0.9,3.0,12.6,25.2,309,16.88
2016-10-19,30.5,24.0,26.9,0.0,0.0,0.0,11.5,22.7,296,19.23
2016-10-20,32.2,24.9,28.0,0.0,0.0,0.0,17.6,37.8,108,15.96
2016-10-21,29.6,26.3,27.5,0.0,0.0,0.0,29.1,54.0,149,10.91
2016-10-22,29.9,25.7,27.3,4.6,4.6,5.0,20.6,42.8,161,14.62
2016-10-23,30.4,24.4,27.1,0.2,0.2,1.0,11.5,23.0,330,17.04
2016-10-24,30.5,24.8,27.2,0.4,0.4,3.0,9.0,21.2,346,17.63
2016-10-25,30.4,24.6,27.1,1.0,1.0,6.0,9.4,21.2,282,16.33
2016-10-26,30.7,25.3,27.3,0.0,0.0,0.0,12.2,23.0,338,16.81
2016-10-27,30.8,24.5,27.4,0.0,0.0,0.0,10.4,26.6,335,17.77
2016-10-28,29.8,23.9,26.7,0.0,0.0,0.0,14.8,28.1,326,13.07
2016-10-29,30.3,24.8,27.1,0.9,0.9,5.0,11.4,25.9,342,15.67
2016-10-30,29.1,24.2,26.0,5.2,5.2,8.0,10.1,25.9,311,14.27
2016-10-31,29.3,23.1,25.8,0.0,0.0,0.0,13.1,24.5,359,15.35
2016-11-01,28.8,22.5,25.3,0.4,0.4,3.0,13.6,27.7,358,15.88
2016-11-02,27.4,22.7,24.5,3.1,3.1,12.0,13.9,27.0,357,14.06
2016-11-03,26.2,21.8,23.8,0.3,0.3,3.0,11.9,19.8,339,12.14
2016-11-04,26.5,21.5,23.8,1.2,1.2,8.0,10.1,21.6,6,13.76
2016-11-05,27.2,21.6,23.8,0.0,0.0,0.0,10.3,20.2,3,16.31
2016-11-06,27.9,21.5,24.5,0.2,0.2,1.0,8.9,20.9,5,15.52
2016-11-07,27.4,22.5,24.6,0.3,0.3,2.0,7.0,14.4,31,14.75
2016-11-08,27.6,21.4,24.1,0.7,0.7,4.0,15.6,28.8,8,15.07
2016-11-09,26.7,21.2,23.8,0.2,0.2,1.0,15.9,25.2,3,14.7
2016-11-10,25.3,21.2,22.9,0.0,0.0,0.0,20.5,37.1,2,10.21
2016-11-11,26.3,20.5,23.4,0.0,0.0,0.0,9.7,20.2,349,11.26
2016-11-12,27.2,22.1,24.3,0.1,0.1,1.0,12.0,23.8,357,12.52
2016-11-13,28.1,21.0,24.3,0.0,0.0,0.0,9.7,21.2,325,14.86
2016-11-14,28.4,21.8,24.6,0.0,0.0,0.0,8.9,17.3,322,15.41
2016-11-15,29.2,21.9,25.1,0.0,0.0,0.0,11.6,24.5,312,15.43
2016-11-16,28.8,23.0,25.2,0.1,0.1,1.0,12.3,25.2,330,14.49
2016-11-17,28.4,22.5,25.2,0.0,0.0,0.0,10.1,21.2,340,13.36
2016-11-18,28.5,22.5,24.8,0.0,0.0,0.0,12.5,23.0,338,11.4
2016-11-19,29.8,21.6,25.4,0.0,0.0,0.0,7.3,16.6,332,14.08
2016-11-20,29.0,23.1,25.5,5.9,5.9,5.0,9.1,31.0,334,11.91
2016-11-21,28.7,23.0,25.6,0.0,0.0,0.0,10.4,23.4,355,12.56
2016-11-22,27.7,23.6,25.0,1.0,1.0,7.0,15.1,26.3,358,7.96
2016-11-23,24.4,22.0,23.2,6.1,6.1,12.0,17.7,29.5,357,5.04
2016-11-24,25.8,20.1,22.5,4.9,4.9,10.0,20.7,35.3,348,11.49
2016-11-25,26.7,18.7,22.9,0.1,0.1,1.0,11.5,24.8,329,14.32
2016-11-26,27.2,21.6,23.4,3.0,3.0,8.0,20.9,37.4,344,9.12
2016-11-27,21.5,19.9,20.6,47.4,47.4,24.0,24.9,45.4,354,2.45
2016-11-28,23.6,20.1,21.3,1.2,1.2,6.0,12.0,20.9,345,6.42
2016-11-29,25.4,19.7,22.1,2.5,2.5,12.0,10.5,21.2,356,10.68
2016-11-30,23.8,20.7,21.8,15.6,15.6,22.0,15.5,26.6,1,4.44
2016-12-01,25.2,20.2,22.1,3.8,3.8,5.0,21.0,33.8,356,8.46
2016-12-02,25.6,19.5,21.9,0.1,0.1,1.0,15.9,28.1,354,11.58
2016-12-03,26.7,19.4,22.6,0.2,0.2,2.0,14.8,25.6,352,13.46
2016-12-04,27.2,20.3,23.2,0.0,0.0,0.0,14.1,24.5,351,13.98
2016-12-05,27.4,20.6,23.5,0.0,0.0,0.0,16.3,28.4,352,12.81
2016-12-06,25.5,21.1,22.7,0.0,0.0,0.0,16.6,28.4,355,9.21
2016-12-07,24.7,20.5,22.1,0.0,0.0,0.0,13.3,19.8,347,9.48
2016-12-08,24.9,19.8,21.7,0.0,0.0,0.0,16.9,28.1,352,12.12
2016-12-09,26.3,19.0,22.2,0.0,0.0,0.0,14.8,24.1,348,14.66
2016-12-10,25.5,19.3,21.7,2.9,2.9,10.0,6.8,21.2,327,11.91
2016-12-11,25.4,19.1,21.7,0.9,0.9,5.0,9.7,24.8,323,14.04
2016-12-12,25.4,19.2,22.0,0.0,0.0,0.0,12.2,23.0,355,11.89
2016-12-13,26.5,18.7,22.3,0.0,0.0,0.0,11.3,22.3,2,14.35
2016-12-14,25.2,17.5,20.7,0.0,0.0,0.0,17.0,28.8,358,15.55
2016-12-15,21.4,16.4,18.7,0.5,0.5,3.0,24.3,38.5,355,7.7
2016-12-16,19.6,15.7,17.4,0.0,0.0,0.0,18.8,31.3,353,6.07
2016-12-17,22.3,16.2,18.7,0.1,0.1,1.0,8.6,18.0,353,12.32
2016-12-18,24.2,16.1,19.5,0.0,0.0,0.0,12.4,22.3,5,15.4
2016-12-19,25.9,16.0,20.4,0.0,0.0,0.0,12.3,24.8,351,14.52
2016-12-20,27.4,18.2,22.2,0.0,0.0,0.0,11.0,23.4,330,14.42
2016-12-21,27.6,20.3,23.2,0.0,0.0,0.0,9.3,29.2,323,11.79
2016-12-22,26.4,20.1,22.9,0.0,0.0,0.0,23.5,38.5,351,12.9
2016-12-23,24.8,19.8,22.0,1.4,1.4,10.0,14.0,22.3,343,10.87
2016-12-24,24.7,19.3,21.5,0.1,0.1,1.0,9.4,23.8,286,10.14
2016-12-25,25.3,18.8,21.6,0.4,0.4,3.0,12.5,23.0,335,13.05
2016-12-26,25.7,18.3,21.4,0.0,0.0,0.0,16.1,29.9,347,14.29
2016-12-27,22.1,17.1,19.3,1.5,1.5,6.0,29.0,50.8,354,7.77
2016-12-28,18.1,16.0,16.7,7.7,7.7,18.0,21.8,35.3,357,2.84
2016-12-29,20.9,16.5,18.1,0.5,0.5,2.0,19.1,32.0,356,6.8
2016-12-30,21.2,16.5,18.8,0.1,0.1,1.0,9.0,13.7,357,5.5
2016-12-31,24.2,16.6,20.1,0.0,0.0,0.0,9.8,20.9,348,12.95
2017-01-01,24.7,17.8,21.2,0.0,0.0,0.0,12.9,30.2,305,15.02
2017-01-02,24.6,18.6,21.3,0.0,0.0,0.0,17.3,37.4,339,15.19
2017-01-03,24.5,18.7,21.6,0.0,0.0,0.0,12.4,30.2,295,15.16
2017-01-04,24.5,18.4,21.5,0.0,0.0,0.0,16.8,35.6,316,14.16
2017-01-05,24.7,19.8,21.8,0.0,0.0,0.0,19.6,40.7,341,11.76
2017-01-06,24.4,17.8,21.4,0.0,0.0,0.0,15.3,35.3,327,14.58
2017-01-07,25.9,19.9,22.6,0.0,0.0,0.0,12.3,29.9,334,13.24
2017-01-08,26.9,20.5,23.0,0.0,0.0,0.0,20.7,43.2,345,15.63
2017-01-09,25.0,17.9,21.2,0.0,0.0,0.0,14.8,30.6,337,15.61
2017-01-10,23.8,17.7,20.4,0.0,0.0,0.0,16.0,36.0,316,15.3
2017-01-11,24.0,17.9,21.0,0.0,0.0,0.0,13.8,33.1,306,16.34
2017-01-12,24.3,18.6,21.3,0.0,0.0,0.0,17.8,39.2,340,15.05
2017-01-13,24.9,18.3,21.0,0.0,0.0,0.0,19.2,38.5,346,14.44
2017-01-14,20.4,17.8,19.0,0.4,0.4,4.0,15.5,30.2,346,4.31
2017-01-15,21.7,17.2,19.3,0.0,0.0,0.0,15.4,32.4,337,7.98
2017-01-16,22.1,15.7,19.1,0.0,0.0,0.0,15.9,32.4,331,15.11
2017-01-17,23.5,16.2,20.0,0.0,0.0,0.0,16.8,37.1,327,16.23
2017-01-18,24.9,16.9,20.7,0.0,0.0,0.0,13.1,32.4,344,16.7
2017-01-19,25.8,18.6,21.5,0.1,0.1,1.0,18.5,38.9,345,15.05
2017-01-20,23.4,14.9,18.9,0.0,0.0,0.0,21.5,44.3,353,14.03
2017-01-21,21.9,14.9,17.7,0.0,0.0,0.0,17.1,32.0,349,11.19
2017-01-22,22.8,15.0,18.4,0.0,0.0,0.0,13.7,29.9,338,14.14
2017-01-23,20.8,17.2,19.0,0.3,0.3,3.0,9.7,25.6,270,6.86
2017-01-24,21.3,16.9,19.1,0.0,0.0,0.0,13.8,32.4,336,8.88
2017-01-25,23.1,16.1,19.0,0.0,0.0,0.0,19.1,36.0,346,9.11
2017-01-26,22.2,13.3,17.6,0.0,0.0,0.0,18.7,35.6,344,17.34
2017-01-27,25.2,14.7,19.3,0.0,0.0,0.0,19.7,40.3,354,18.22
2017-01-28,23.4,15.4,19.7,0.0,0.0,0.0,16.6,38.2,313,17.71
2017-01-29,25.8,17.1,21.2,0.0,0.0,0.0,15.5,35.6,324,17.98
2017-01-30,26.3,17.7,21.6,0.0,0.0,0.0,16.3,37.8,340,17.52
2017-01-31,22.6,16.4,19.5,4.6,4.6,4.0,14.3,27.0,345,9.78
2017-02-01,23.5,18.5,20.6,0.2,0.2,2.0,13.7,27.4,347,7.25
2017-02-02,22.6,17.5,19.6,0.0,0.0,0.0,14.3,29.2,333,9.72
2017-02-03,22.3,17.0,19.5,0.0,0.0,0.0,17.7,40.0,325,14.0
2017-02-04,23.0,18.2,20.3,0.2,0.2,1.0,12.1,23.0,349,7.51
2017-02-05,26.2,18.0,21.4,0.0,0.0,0.0,19.8,40.0,350,15.09
2017-02-06,23.9,18.0,20.9,1.6,1.6,4.0,15.8,36.0,318,16.65
2017-02-07,22.5,17.7,20.2,0.0,0.0,0.0,15.5,36.4,293,15.23
2017-02-08,23.1,17.6,19.9,0.1,0.1,1.0,24.5,49.7,334,12.51
2017-02-09,20.3,13.6,16.8,0.0,0.0,0.0,29.9,56.2,353,13.51
2017-02-10,17.5,13.2,15.4,0.0,0.0,0.0,15.8,32.8,343,7.17
2017-02-11,17.2,14.4,15.7,0.5,0.5,4.0,10.1,24.1,349,4.47
2017-02-12,19.8,15.5,17.5,0.0,0.0,0.0,11.2,28.4,323,12.82
2017-02-13,21.4,14.1,18.3,0.2,0.2,2.0,14.8,35.3,287,19.2
2017-02-14,22.0,16.9,19.5,2.3,2.3,6.0,15.3,34.9,214,16.39
2017-02-15,21.9,16.2,19.2,0.0,0.0,0.0,18.5,41.8,286,19.31
2017-02-16,24.1,15.2,19.6,0.0,0.0,0.0,16.9,38.2,335,19.95
2017-02-17,26.0,16.6,21.2,0.0,0.0,0.0,23.0,47.2,335,20.14
2017-02-18,25.4,16.8,20.7,0.0,0.0,0.0,18.2,40.0,335,20.86
2017-02-19,24.1,17.3,20.9,0.0,0.0,0.0,16.3,37.8,293,19.42
2017-02-20,26.9,20.5,23.8,0.9,0.9,5.0,29.3,54.4,150,17.06
2017-02-21,27.1,20.9,23.4,0.7,0.7,4.0,18.4,40.0,318,17.2
2017-02-22,28.6,19.2,23.6,1.9,1.9,8.0,22.8,46.4,182,15.29
2017-02-23,27.5,15.8,22.7,2.2,2.2,5.0,25.9,51.5,346,16.24
2017-02-24,22.3,15.6,18.5,0.0,0.0,0.0,19.4,43.2,347,13.4
2017-02-25,23.3,15.7,18.9,0.0,0.0,0.0,24.3,49.7,343,17.31
2017-02-26,22.8,15.4,18.1,0.0,0.0,0.0,24.1,50.4,354,16.35
2017-02-27,21.9,15.8,19.1,0.0,0.0,0.0,13.9,33.1,321,14.05
2017-02-28,23.4,17.1,20.0,0.0,0.0,0.0,18.0,41.0,331,20.1
2017-03-01,24.4,16.6,19.9,0.0,0.0,0.0,29.4,60.1,346,21.35
2017-03-02,23.9,17.2,20.0,0.0,0.0,0.0,22.8,46.4,345,19.85
2017-03-03,23.0,16.2,19.9,0.1,0.1,1.0,18.5,41.8,321,20.47
2017-03-04,24.6,16.6,20.9,0.0,0.0,0.0,14.1,34.6,302,21.29
2017-03-05,27.2,18.7,23.0,0.0,0.0,0.0,17.7,40.3,161,21.81
2017-03-06,26.5,17.4,22.4,2.1,2.1,5.0,27.9,56.9,345,20.38
2017-03-07,22.3,17.4,19.8,0.1,0.1,1.0,15.4,31.7,337,9.14
2017-03-08,19.6,16.6,17.9,1.4,1.4,9.0,18.9,38.9,359,5.27
2017-03-09,23.5,17.2,20.6,0.0,0.0,0.0,17.7,41.8,299,19.31
2017-03-10,26.5,19.4,22.7,0.5,0.5,3.0,18.2,38.2,298,18.66
2017-03-11,25.5,19.3,22.2,0.0,0.0,0.0,22.1,47.2,334,18.04
2017-03-12,26.5,20.0,22.9,0.0,0.0,0.0,15.3,36.7,304,20.54
2017-03-13,27.8,21.8,24.2,0.0,0.0,0.0,21.2,45.4,327,22.83
2017-03-14,24.4,18.3,21.5,0.3,0.3,2.0,19.0,37.1,339,15.11
2017-03-15,22.9,18.3,20.6,0.0,0.0,0.0,13.8,32.0,246,12.56
2017-03-16,24.7,18.6,21.4,0.1,0.1,1.0,18.7,41.8,316,16.54
2017-03-17,25.8,17.8,21.7,0.0,0.0,0.0,20.7,44.3,328,20.93
2017-03-18,26.9,19.0,23.3,0.3,0.3,3.0,17.4,40.3,324,21.26
2017-03-19,28.0,21.1,24.2,1.6,1.6,8.0,22.0,46.4,320,20.62
2017-03-20,28.4,22.7,24.7,0.1,0.1,1.0,16.2,37.1,217,15.29
2017-03-21,29.1,21.9,24.5,0.2,0.2,2.0,21.9,50.0,328,21.73
2017-03-22,26.0,20.8,23.4,0.0,0.0,0.0,17.9,43.6,306,22.15
2017-03-23,29.9,20.1,24.5,0.5,0.5,3.0,21.7,45.7,338,20.51
2017-03-24,25.4,19.8,23.2,0.0,0.0,0.0,19.1,41.8,284,19.24
2017-03-25,27.1,18.6,23.3,0.0,0.0,0.0,25.6,51.8,343,22.05
2017-03-26,20.6,17.4,18.8,0.9,0.9,7.0,18.0,35.6,1,4.86
2017-03-27,24.7,18.9,22.0,0.7,0.7,4.0,18.5,42.5,254,20.56
2017-03-28,25.5,17.2,21.9,0.0,0.0,0.0,18.6,42.5,302,21.93
2017-03-29,26.5,19.8,22.7,1.5,1.5,5.0,13.0,31.7,300,19.03
2017-03-30,27.3,19.8,23.9,0.0,0.0,0.0,16.3,37.8,228,16.63
2017-03-31,28.3,17.0,24.0,0.4,0.4,3.0,29.7,55.1,301,22.61
2017-04-01,23.7,15.4,19.1,5.8,5.8,13.0,32.8,61.9,5,15.21
2017-04-02,23.7,15.6,19.9,0.0,0.0,0.0,16.7,38.9,260,26.26
2017-04-03,24.8,18.9,21.8,0.0,0.0,0.0,15.0,36.4,275,24.3
2017-04-04,25.6,18.4,22.4,0.0,0.0,0.0,18.3,40.3,315,24.31
2017-04-05,27.0,18.9,23.5,0.0,0.0,0.0,15.6,37.4,294,25.86
2017-04-06,28.1,19.9,24.4,0.2,0.2,1.0,26.6,54.0,177,20.66
2017-04-07,29.0,23.3,25.4,0.0,0.0,0.0,29.8,57.6,167,16.58
2017-04-08,29.5,21.4,25.5,0.0,0.0,0.0,16.6,39.6,181,22.29
2017-04-09,28.8,23.4,25.6,0.0,0.0,0.0,16.5,38.5,188,20.8
2017-04-10,29.8,23.2,26.4,0.0,0.0,0.0,14.5,36.7,240,25.26
2017-04-11,29.1,24.6,26.2,5.5,5.5,14.0,19.2,37.8,233,14.34
2017-04-12,25.1,22.5,24.2,8.0,8.0,18.0,19.2,39.2,259,8.88
2017-04-13,24.2,19.6,21.8,14.7,14.7,18.0,15.0,33.1,342,8.23
2017-04-14,27.6,20.7,23.9,0.0,0.0,0.0,16.9,39.2,331,21.18
2017-04-15,29.0,21.9,25.7,0.0,0.0,0.0,14.9,36.7,307,24.65
2017-04-16,29.8,23.7,26.6,0.1,0.1,1.0,14.0,34.9,258,24.06
2017-04-17,30.1,23.8,27.0,0.7,0.7,4.0,16.3,37.4,182,23.0
2017-04-18,29.0,25.0,26.7,0.1,0.1,1.0,15.6,36.7,273,23.76
2017-04-19,30.0,24.8,27.1,1.8,1.8,3.0,17.1,38.9,193,26.16
2017-04-20,29.6,24.7,26.9,2.3,2.3,3.0,18.2,41.4,288,23.51
2017-04-21,29.7,24.8,26.9,3.1,3.1,4.0,14.6,35.3,286,21.21
2017-04-22,26.7,20.3,24.0,22.1,22.1,22.0,21.4,45.7,316,11.28
2017-04-23,25.4,20.1,22.8,4.9,4.9,15.0,16.6,35.6,277,10.41
2017-04-24,25.9,22.4,24.2,1.5,1.5,8.0,12.0,31.0,315,14.88
2017-04-25,28.1,22.6,25.3,0.2,0.2,2.0,14.7,35.3,319,18.77
2017-04-26,29.8,23.7,26.5,2.4,2.4,6.0,15.1,33.1,318,21.77
2017-04-27,26.5,18.2,23.2,15.1,15.1,14.0,24.5,47.5,338,13.75
2017-04-28,24.3,17.7,21.5,0.2,0.2,1.0,13.4,32.8,224,21.77
2017-04-29,25.3,20.3,22.9,1.4,1.4,4.0,15.0,35.3,206,20.67
2017-04-30,26.9,19.6,23.8,0.0,0.0,0.0,14.2,33.8,308,25.35
2017-05-01,28.7,21.4,25.1,0.0,0.0,0.0,14.0,34.2,317,26.07
2017-05-02,29.6,22.6,26.4,0.0,0.0,0.0,13.6,31.3,321,23.44
2017-05-03,29.8,24.6,26.8,0.4,0.4,2.0,14.0,31.7,293,24.25
2017-05-04,29.6,24.5,27.2,0.0,0.0,0.0,12.9,32.4,257,25.15
2017-05-05,30.4,24.3,27.5,0.0,0.0,0.0,13.2,31.7,285,25.28
2017-05-06,29.9,24.8,27.5,4.8,4.8,11.0,16.5,38.5,321,22.55
2017-05-07,29.1,24.3,27.0,0.3,0.3,3.0,13.2,34.2,279,25.59
2017-05-08,30.2,24.6,27.4,0.2,0.2,2.0,14.7,35.6,211,26.1
2017-05-09,30.3,25.3,27.5,1.1,1.1,8.0,20.1,44.6,276,23.83
2017-05-10,29.8,24.7,27.6,0.0,0.0,0.0,14.8,35.6,300,23.66
2017-05-11,31.3,25.6,28.2,2.5,2.5,7.0,12.8,34.2,275,23.72
2017-05-12,31.9,25.3,28.7,0.3,0.3,3.0,27.8,56.2,162,26.27
2017-05-13,30.6,25.9,28.2,2.6,2.6,7.0,19.2,43.6,305,23.86
2017-05-14,31.1,25.4,28.2,0.1,0.1,1.0,16.0,39.6,315,26.13
2017-05-15,30.4,25.0,27.4,5.0,5.0,10.0,12.0,32.4,243,22.96
2017-05-16,26.6,24.2,25.4,46.9,46.9,23.0,19.4,42.1,214,7.26
2017-05-17,28.2,22.1,25.2,1.0,1.0,3.0,16.6,33.5,315,21.59
2017-05-18,28.8,24.2,26.6,0.0,0.0,0.0,18.5,41.0,240,20.74
2017-05-19,28.0,23.3,25.9,3.5,3.5,10.0,18.1,35.6,341,10.78
2017-05-20,28.7,22.3,25.2,4.9,4.9,10.0,18.7,36.7,360,13.08
2017-05-21,29.5,23.4,26.7,0.0,0.0,0.0,18.7,41.0,310,25.22
2017-05-22,29.1,25.6,27.3,1.8,1.8,10.0,12.9,32.0,289,22.87
2017-05-23,29.8,25.2,27.4,1.1,1.1,7.0,13.7,32.4,301,22.51
2017-05-24,28.9,25.3,27.2,6.9,6.9,13.0,12.6,38.5,279,19.82
2017-05-25,27.7,25.3,26.1,52.1,52.1,21.0,14.7,40.3,225,12.57
2017-05-26,27.9,24.2,25.7,4.4,4.4,13.0,13.6,31.3,315,13.47
2017-05-27,28.1,25.2,26.8,1.2,1.2,3.0,12.3,25.6,267,12.8
2017-05-28,28.3,24.7,26.6,0.0,0.0,0.0,11.8,28.8,292,15.75
2017-05-29,29.2,24.7,27.0,0.9,0.9,8.0,10.5,28.4,234,20.17
2017-05-30,28.9,25.2,26.9,6.4,6.4,14.0,17.9,36.4,182,18.71
2017-05-31,30.0,25.6,27.4,5.7,5.7,9.0,14.8,33.5,257,21.6
2017-06-01,29.5,25.0,27.1,50.0,50.0,21.0,17.8,47.2,234,15.85
2017-06-02,28.1,24.8,26.9,159.5,159.5,24.0,25.1,50.8,244,7.42
2017-06-03,26.7,24.7,25.5,54.0,54.0,24.0,11.2,36.7,131,7.1
2017-06-04,30.5,24.6,27.2,62.3,62.3,11.0,12.6,45.4,108,18.66
2017-06-05,30.1,26.0,27.7,6.6,6.6,11.0,9.7,29.5,177,19.34
2017-06-06,30.7,26.5,28.7,0.0,0.0,0.0,11.2,28.4,191,25.88
2017-06-07,31.1,27.0,29.0,0.6,0.6,5.0,13.4,32.0,177,25.6
2017-06-08,31.2,27.2,29.0,1.7,1.7,5.0,14.2,33.1,168,25.18
2017-06-09,31.6,25.8,28.8,1.0,1.0,7.0,15.2,31.0,168,24.75
2017-06-10,32.2,26.2,29.4,0.0,0.0,0.0,28.1,55.8,164,26.87
2017-06-11,31.5,27.6,29.2,3.0,3.0,5.0,28.3,55.4,160,22.89
2017-06-12,31.2,26.8,28.5,9.2,9.2,14.0,20.9,47.9,159,20.38
2017-06-13,31.3,25.0,28.2,6.2,6.2,12.0,22.5,52.2,152,25.24
2017-06-14,29.1,24.2,26.4,28.7,28.7,22.0,14.8,49.3,106,8.14
2017-06-15,27.4,24.5,26.2,27.5,27.5,20.0,10.8,37.1,259,6.17
2017-06-16,29.5,23.9,26.4,23.0,23.0,23.0,14.0,42.8,105,14.62
2017-06-17,27.7,24.9,26.0,49.6,49.6,24.0,18.7,42.5,249,7.47
2017-06-18,29.6,25.0,27.0,3.8,3.8,15.0,17.3,45.7,170,15.02
2017-06-19,30.5,25.5,28.1,3.3,3.3,14.0,17.1,37.1,187,21.05
2017-06-20,30.2,26.8,28.5,1.3,1.3,5.0,10.2,37.4,184,17.67
2017-06-21,31.1,26.4,28.8,1.5,1.5,9.0,13.8,32.0,194,23.37
2017-06-22,31.1,27.4,29.2,0.2,0.2,2.0,13.5,31.3,203,24.8
2017-06-23,30.8,26.9,28.8,0.7,0.7,4.0,14.1,32.8,257,24.44
2017-06-24,30.4,26.8,28.2,3.2,3.2,11.0,14.5,34.2,201,21.97
2017-06-25,30.7,26.6,28.8,2.9,2.9,12.0,13.4,37.1,271,24.46
2017-06-26,31.1,27.1,29.1,2.1,2.1,9.0,14.6,33.8,298,24.0
2017-06-27,31.1,27.0,29.0,0.4,0.4,2.0,15.9,32.8,305,24.8
2017-06-28,30.8,26.4,28.8,0.0,0.0,0.0,14.1,33.8,295,24.54
2017-06-29,30.7,26.2,28.6,7.2,7.2,10.0,10.5,32.0,264,24.33
2017-06-30,32.0,26.4,29.2,2.7,2.7,5.0,27.4,54.4,168,24.67
2017-07-01,31.7,28.2,29.7,0.3,0.3,1.0,28.0,56.5,171,25.35
2017-07-02,31.7,25.9,29.1,5.0,5.0,6.0,25.8,52.6,169,25.14
2017-07-03,31.0,25.6,28.5,1.9,1.9,5.0,21.3,38.9,172,26.14
2017-07-04,31.8,27.4,29.5,4.9,4.9,2.0,28.0,57.2,169,23.48
2017-07-05,32.6,26.4,29.4,3.3,3.3,8.0,22.9,47.5,159,21.52
2017-07-06,31.7,27.3,28.8,2.0,2.0,7.0,27.8,55.1,160,18.07
2017-07-07,31.3,27.0,29.0,0.0,0.0,0.0,30.1,58.7,165,21.03
2017-07-08,32.5,27.1,29.6,1.5,1.5,6.0,19.8,41.0,167,25.13
2017-07-09,32.0,26.1,28.9,1.2,1.2,4.0,25.9,53.6,170,24.55
2017-07-10,31.6,26.6,29.4,0.2,0.2,2.0,27.7,55.8,171,26.02
2017-07-11,32.3,27.9,29.9,0.0,0.0,0.0,27.7,55.8,170,26.5
2017-07-12,32.2,26.3,29.0,2.0,2.0,2.0,13.7,31.0,337,24.75
2017-07-13,31.8,26.6,28.8,0.8,0.8,6.0,8.7,29.5,287,22.68
2017-07-14,31.7,25.9,28.9,4.1,4.1,10.0,13.8,32.4,332,21.82
2017-07-15,31.3,26.4,29.0,5.0,5.0,5.0,15.8,34.9,296,22.04
2017-07-16,31.5,26.6,28.5,23.8,23.8,11.0,17.8,36.4,120,19.96
2017-07-17,31.9,26.4,28.9,1.6,1.6,6.0,26.9,58.0,214,18.52
2017-07-18,31.7,26.6,29.1,0.7,0.7,4.0,17.1,38.9,336,21.78
2017-07-19,31.0,25.9,28.6,0.2,0.2,2.0,13.1,29.9,321,21.83
2017-07-20,31.1,26.4,28.8,1.8,1.8,4.0,13.6,31.7,284,22.41
2017-07-21,31.9,26.4,28.8,11.9,11.9,8.0,11.4,29.5,293,22.23
2017-07-22,31.4,26.5,28.2,24.1,24.1,13.0,12.6,40.7,324,14.6
2017-07-23,30.5,26.6,28.3,10.3,10.3,8.0,9.3,28.4,328,18.08
2017-07-24,30.9,26.2,28.6,4.1,4.1,9.0,9.3,26.6,147,22.85
2017-07-25,30.7,26.8,28.7,0.5,0.5,4.0,10.7,28.1,162,22.97
2017-07-26,30.7,27.0,28.5,1.9,1.9,11.0,12.3,30.2,155,21.7
2017-07-27,31.7,26.0,28.4,4.8,4.8,8.0,10.5,27.4,121,23.08
2017-07-28,31.9,26.9,28.8,4.3,4.3,7.0,11.8,28.8,290,18.2
2017-07-29,28.2,26.9,27.5,57.7,57.7,22.0,37.0,70.2,230,3.79
2017-07-30,32.7,26.4,28.8,78.9,78.9,20.0,49.9,97.6,164,17.42
2017-07-31,29.5,26.3,28.0,88.8,88.8,24.0,39.6,74.5,197,7.43
2017-08-01,28.9,26.4,27.3,19.7,19.7,22.0,22.0,46.4,176,12.85
2017-08-02,28.9,25.8,27.3,8.2,8.2,12.0,11.4,24.8,177,10.72
2017-08-03,30.1,26.4,28.0,5.3,5.3,12.0,14.8,33.8,198,21.12
2017-08-04,30.1,26.2,28.3,1.6,1.6,10.0,13.3,31.7,190,23.63
2017-08-05,30.7,26.4,28.7,1.7,1.7,8.0,12.7,30.2,248,22.19
2017-08-06,30.9,27.1,28.8,1.6,1.6,9.0,14.2,32.4,278,21.23
2017-08-07,31.1,27.3,29.0,2.4,2.4,11.0,15.6,34.2,232,23.62
2017-08-08,30.8,26.4,28.6,8.9,8.9,19.0,19.5,41.8,222,22.3
2017-08-09,30.5,27.4,28.9,4.5,4.5,13.0,11.7,37.1,233,21.33
2017-08-10,30.8,26.9,28.9,7.2,7.2,15.0,8.9,34.9,279,21.8
2017-08-11,30.7,26.2,28.8,1.4,1.4,6.0,11.7,28.8,269,20.71
2017-08-12,31.0,27.7,29.1,1.6,1.6,10.0,15.9,35.6,281,21.2
2017-08-13,31.1,26.9,29.0,0.3,0.3,3.0,15.6,35.3,266,22.54
2017-08-14,31.0,26.5,28.9,0.0,0.0,0.0,13.3,29.9,266,21.93
2017-08-15,31.0,26.7,28.9,0.8,0.8,8.0,14.1,32.8,277,22.1
2017-08-16,31.1,26.3,28.8,0.9,0.9,5.0,14.6,33.5,234,23.08
2017-08-17,31.4,25.9,28.9,0.0,0.0,0.0,10.9,27.7,204,25.21
2017-08-18,31.6,26.5,29.2,0.3,0.3,3.0,11.2,30.2,336,23.6
2017-08-19,31.9,27.6,29.3,1.8,1.8,7.0,11.8,31.7,334,20.77
2017-08-20,31.6,27.4,29.2,1.3,1.3,9.0,14.3,33.1,332,22.1
2017-08-21,31.7,27.0,29.3,0.4,0.4,2.0,21.2,43.9,341,16.16
2017-08-22,32.5,26.5,29.1,19.8,19.8,17.0,37.8,72.7,150,16.75
2017-08-23,32.3,27.5,29.7,1.0,1.0,2.0,30.6,62.6,159,21.86
2017-08-24,31.1,26.7,28.1,14.8,14.8,13.0,10.3,23.4,18,14.46
2017-08-25,30.6,25.4,28.0,3.6,3.6,10.0,14.9,31.3,314,21.2
2017-08-26,31.3,25.8,28.5,4.3,4.3,5.0,12.0,41.8,314,20.57
2017-08-27,31.6,26.1,28.2,21.5,21.5,11.0,10.0,37.1,340,17.88
2017-08-28,31.2,25.4,28.1,1.7,1.7,4.0,13.6,32.8,348,23.37
2017-08-29,31.0,26.3,28.5,0.2,0.2,2.0,13.8,33.1,283,23.03
2017-08-30,31.5,26.3,28.6,0.3,0.3,3.0,10.7,27.7,203,23.18
2017-08-31,29.8,26.9,28.2,3.9,3.9,9.0,9.5,21.6,186,11.86
2017-09-01,29.0,26.3,27.3,39.2,39.2,10.0,18.3,45.0,183,7.24
2017-09-02,30.5,26.0,28.0,1.2,1.2,6.0,28.7,58.7,151,16.97
2017-09-03,29.9,26.4,28.1,3.1,3.1,13.0,24.9,46.4,156,19.03
2017-09-04,30.4,26.8,28.4,1.9,1.9,7.0,12.6,29.2,203,22.36
2017-09-05,31.2,26.2,28.1,4.0,4.0,6.0,12.4,30.6,332,20.19
2017-09-06,31.3,26.8,28.8,0.7,0.7,3.0,20.9,42.1,10,20.6
2017-09-07,30.0,27.0,28.6,6.6,6.6,19.0,30.0,57.2,174,18.14
2017-09-08,30.3,26.7,28.4,1.0,1.0,9.0,10.0,25.6,217,21.68
2017-09-09,30.3,25.8,28.1,1.3,1.3,5.0,13.7,32.8,180,21.21
2017-09-10,30.5,26.0,28.1,0.7,0.7,7.0,14.8,33.8,287,21.3
2017-09-11,30.9,25.5,28.2,1.1,1.1,3.0,16.2,35.6,326,17.74
2017-09-12,31.6,26.3,28.8,0.6,0.6,2.0,16.7,37.1,336,20.98
2017-09-13,31.5,26.4,29.2,0.4,0.4,3.0,15.9,29.2,167,21.0
2017-09-14,32.4,27.0,29.3,0.5,0.5,5.0,18.3,38.2,328,22.11
2017-09-15,30.8,26.8,28.6,0.6,0.6,3.0,22.1,46.4,323,21.69
2017-09-16,30.8,26.2,28.4,0.3,0.3,1.0,12.6,33.1,324,22.21
2017-09-17,30.2,26.5,28.2,1.6,1.6,8.0,10.2,23.8,195,19.74
2017-09-18,30.6,26.9,28.7,0.4,0.4,4.0,12.4,30.2,253,19.9
2017-09-19,31.0,26.0,28.2,2.9,2.9,7.0,10.3,28.1,308,17.67
2017-09-20,31.4,26.0,28.3,7.5,7.5,6.0,10.2,25.9,294,17.76
2017-09-21,31.1,26.4,28.3,7.0,7.0,7.0,13.3,29.5,356,15.29
2017-09-22,30.9,26.3,28.3,7.2,7.2,11.0,10.0,28.8,335,16.77
2017-09-23,31.7,26.4,28.9,12.4,12.4,7.0,13.3,34.6,304,20.41
2017-09-24,31.9,26.7,29.3,1.8,1.8,6.0,17.4,36.4,184,20.78
2017-09-25,31.3,26.8,28.9,2.9,2.9,9.0,10.8,28.1,321,17.88
2017-09-26,31.4,26.8,28.9,3.5,3.5,7.0,9.3,26.6,324,18.93
2017-09-27,31.9,26.9,29.1,0.1,0.1,1.0,13.0,31.3,257,20.45
2017-09-28,30.4,26.7,28.9,1.2,1.2,7.0,10.4,26.6,270,16.96
2017-09-29,31.4,26.5,28.2,11.5,11.5,10.0,12.5,28.1,98,16.88
2017-09-30,29.9,26.7,28.1,0.7,0.7,5.0,17.3,36.4,243,11.55
2017-10-01,30.6,25.9,28.2,9.0,9.0,14.0,13.5,37.1,269,18.6
2017-10-02,31.3,25.9,28.3,0.9,0.9,6.0,12.1,29.9,343,19.19
2017-10-03,30.7,26.3,27.9,3.2,3.2,7.0,11.0,27.7,4,17.34
2017-10-04,30.0,26.6,28.0,4.9,4.9,13.0,12.3,29.5,245,16.94
2017-10-05,29.9,26.2,27.9,5.4,5.4,13.0,17.0,36.7,199,15.25
2017-10-06,30.6,25.6,28.1,0.0,0.0,0.0,13.1,31.0,189,19.2
2017-10-07,30.8,26.2,28.4,1.0,1.0,4.0,13.3,31.3,207,18.23
2017-10-08,30.7,26.4,28.6,0.0,0.0,0.0,15.6,35.6,269,19.76
2017-10-09,31.3,26.6,28.7,1.1,1.1,4.0,16.6,37.1,272,16.56
2017-10-10,31.3,26.9,28.8,0.1,0.1,1.0,11.6,28.8,275,19.29
2017-10-11,31.3,26.7,28.9,1.1,1.1,4.0,11.8,27.7,264,19.08
2017-10-12,30.2,27.3,28.6,7.9,7.9,12.0,10.4,30.2,274,14.57
2017-10-13,28.0,25.4,26.8,28.7,28.7,19.0,11.6,41.4,344,4.71
2017-10-14,27.9,24.6,26.1,29.0,29.0,24.0,12.9,42.5,24,4.76
2017-10-15,30.1,25.1,27.1,4.0,4.0,18.0,15.0,43.2,73,9.62
2017-10-16,30.4,25.8,27.8,0.4,0.4,4.0,12.2,29.5,323,15.97
2017-10-17,30.1,25.7,27.8,0.9,0.9,8.0,10.4,26.3,277,18.07
2017-10-18,30.0,24.9,27.5,1.2,1.2,8.0,15.5,33.8,358,17.47
2017-10-19,29.5,24.7,27.0,0.1,0.1,1.0,11.0,27.0,6,14.64
2017-10-20,29.8,23.8,26.4,0.3,0.3,1.0,23.1,44.6,358,16.3
2017-10-21,27.3,21.0,23.8,0.0,0.0,0.0,29.6,58.0,358,12.1
2017-10-22,26.5,19.8,22.5,0.0,0.0,0.0,21.1,38.2,2,15.26
2017-10-23,26.0,19.3,23.5,0.0,0.0,0.0,15.7,33.1,233,18.44
2017-10-24,27.9,21.9,24.7,0.2,0.2,1.0,16.6,36.4,339,18.96
2017-10-25,27.4,21.4,24.4,0.3,0.3,3.0,11.9,29.9,188,18.08
2017-10-26,26.8,21.9,24.6,1.2,1.2,4.0,16.6,36.0,281,15.6
2017-10-27,27.0,19.5,23.3,0.0,0.0,0.0,19.8,36.0,357,16.97
2017-10-28,27.6,19.8,23.2,0.0,0.0,0.0,23.3,46.4,359,17.61
2017-10-29,28.0,20.0,23.8,0.0,0.0,0.0,17.7,34.6,352,16.95
2017-10-30,27.1,20.5,24.0,0.1,0.1,1.0,16.2,31.3,316,16.66
2017-10-31,25.8,20.2,23.5,0.3,0.3,2.0,14.7,33.8,254,16.86
2017-11-01,26.3,20.4,23.5,0.0,0.0,0.0,13.7,31.7,338,18.64
2017-11-02,29.5,21.6,25.0,2.9,2.9,6.0,14.2,31.7,355,13.58
2017-11-03,28.1,22.3,24.9,6.5,6.5,11.0,18.0,32.8,357,12.05
2017-11-04,27.0,20.7,23.5,0.0,0.0,0.0,16.2,29.9,348,15.82
2017-11-05,26.5,20.0,23.3,0.0,0.0,0.0,10.2,24.8,334,12.65
2017-11-06,26.0,22.5,24.0,6.4,6.4,12.0,6.8,18.0,324,5.35
2017-11-07,28.0,22.4,25.0,0.0,0.0,0.0,13.4,30.2,330,16.2
2017-11-08,29.0,23.3,25.7,0.0,0.0,0.0,11.1,28.8,349,16.11
2017-11-09,27.6,23.6,25.5,0.1,0.1,1.0,14.9,33.5,243,13.83
2017-11-10,28.3,23.7,25.5,1.2,1.2,6.0,12.3,29.5,293,12.99
2017-11-11,26.4,23.0,24.6,22.3,22.3,20.0,12.6,28.8,336,5.27
2017-11-12,25.5,21.7,23.5,1.5,1.5,8.0,13.8,28.4,356,7.87
2017-11-13,27.5,22.2,24.7,0.0,0.0,0.0,14.5,30.6,351,13.33
2017-11-14,27.6,22.6,25.0,0.0,0.0,0.0,11.6,29.2,333,16.53
2017-11-15,27.3,22.5,24.9,0.0,0.0,0.0,10.8,27.4,320,14.81
2017-11-16,27.7,23.0,24.9,0.0,0.0,0.0,13.4,32.8,327,15.31
2017-11-17,28.9,23.1,25.5,0.0,0.0,0.0,9.7,23.8,23,16.78
2017-11-18,29.6,21.8,25.6,0.1,0.1,1.0,20.5,42.5,353,16.63
2017-11-19,25.0,20.3,22.9,0.0,0.0,0.0,12.1,27.4,300,14.37
2017-11-20,26.4,21.0,23.4,0.0,0.0,0.0,19.3,39.2,344,13.3
2017-11-21,26.2,20.5,23.4,0.0,0.0,0.0,14.1,29.5,338,14.82
2017-11-22,26.4,19.9,23.0,0.0,0.0,0.0,22.0,45.7,356,12.22
2017-11-23,25.3,18.8,21.2,0.0,0.0,0.0,22.3,42.1,351,13.53
2017-11-24,24.2,18.2,20.9,0.1,0.1,1.0,14.1,27.7,351,7.68
2017-11-25,26.0,19.1,22.2,0.0,0.0,0.0,15.8,34.2,354,13.82
2017-11-26,27.4,19.5,23.3,0.5,0.5,2.0,18.2,37.8,352,14.94
2017-11-27,25.8,19.9,23.2,2.2,2.2,4.0,15.2,28.4,321,14.77
2017-11-28,27.7,21.6,24.2,0.0,0.0,0.0,12.3,29.5,321,16.07
2017-11-29,27.1,21.1,23.9,0.0,0.0,0.0,15.1,34.2,325,15.08
2017-11-30,27.4,21.6,24.0,0.0,0.0,0.0,17.7,31.7,344,15.13
2017-12-01,27.4,20.1,23.1,0.0,0.0,0.0,17.7,32.8,349,14.16
2017-12-02,26.3,19.8,22.7,0.0,0.0,0.0,13.8,25.6,348,13.07
2017-12-03,27.2,20.0,23.0,0.0,0.0,0.0,18.8,34.9,349,14.09
2017-12-04,26.4,18.6,21.8,0.1,0.1,1.0,22.3,42.8,345,15.79
2017-12-05,23.7,17.5,20.2,0.2,0.2,2.0,14.0,32.4,341,14.86
2017-12-06,23.4,17.6,20.2,0.0,0.0,0.0,17.8,33.1,352,11.64
2017-12-07,24.4,18.3,20.8,1.0,1.0,4.0,20.9,39.6,350,13.07
2017-12-08,20.0,16.8,18.1,0.1,0.1,1.0,25.6,49.3,353,5.71
2017-12-09,21.3,15.7,18.6,0.0,0.0,0.0,16.6,36.0,317,11.91
2017-12-10,23.7,16.8,19.7,0.0,0.0,0.0,24.0,48.6,349,16.1
2017-12-11,23.6,15.9,19.9,0.0,0.0,0.0,17.3,32.4,342,13.62
2017-12-12,22.3,18.5,20.5,0.0,0.0,0.0,12.7,29.2,350,6.03
2017-12-13,23.7,18.3,21.2,0.0,0.0,0.0,11.6,28.4,289,12.38
2017-12-14,23.8,19.5,21.7,1.1,1.1,8.0,13.1,31.3,287,13.46
2017-12-15,24.1,17.9,21.1,0.1,0.1,1.0,22.7,46.4,295,12.12
2017-12-16,24.6,16.1,20.0,0.0,0.0,0.0,32.9,64.4,353,13.17
2017-12-17,21.4,14.6,17.4,0.0,0.0,0.0,23.2,45.0,342,14.61
2017-12-18,22.3,15.2,18.5,0.0,0.0,0.0,18.8,36.0,352,9.44
2017-12-19,19.8,15.9,17.7,0.0,0.0,0.0,22.7,44.6,356,5.32
2017-12-20,22.4,14.6,18.2,0.2,0.2,2.0,18.9,35.3,351,8.17
2017-12-21,21.0,13.6,17.6,0.0,0.0,0.0,13.1,30.2,284,15.03
2017-12-22,22.8,16.2,19.5,0.0,0.0,0.0,16.1,36.0,338,15.26
2017-12-23,23.0,16.9,19.9,0.0,0.0,0.0,15.0,32.8,327,14.75
2017-12-24,26.1,17.9,21.3,0.0,0.0,0.0,24.9,51.8,353,12.77
2017-12-25,21.9,18.9,20.3,0.1,0.1,1.0,15.7,30.2,252,5.76
2017-12-26,22.4,17.8,20.3,0.0,0.0,0.0,10.3,26.6,303,11.51
2017-12-27,23.1,17.9,20.4,0.2,0.2,2.0,12.4,29.5,309,11.6
2017-12-28,22.8,19.4,21.1,0.1,0.1,1.0,16.5,33.8,299,8.96
2017-12-29,24.9,17.3,21.0,0.0,0.0,0.0,17.4,37.1,337,15.56
2017-12-30,23.2,18.6,20.4,0.0,0.0,0.0,16.3,33.1,335,11.66
2017-12-31,22.4,16.5,19.1,0.0,0.0,0.0,19.9,39.6,346,9.0
2018-01-01,22.9,15.3,19.2,0.0,0.0,0.0,12.6,27.7,325,15.89
2018-01-02,23.3,16.2,20.1,0.0,0.0,0.0,15.5,34.2,293,16.43
2018-01-03,23.3,17.9,20.8,0.4,0.4,4.0,14.8,32.4,308,12.84
2018-01-04,23.6,18.8,20.3,10.7,10.7,13.0,16.3,43.9,335,9.44
2018-01-05,22.5,18.4,19.8,9.4,9.4,18.0,17.0,33.5,0,3.15
2018-01-06,22.0,17.3,19.8,5.4,5.4,8.0,12.6,26.6,324,8.44
2018-01-07,24.8,19.3,21.6,0.0,0.0,0.0,11.1,26.6,321,12.6
2018-01-08,26.6,19.5,22.6,5.0,5.0,3.0,22.3,56.5,20,13.49
2018-01-09,21.7,13.2,15.5,0.8,0.8,3.0,29.9,56.5,358,4.29
2018-01-10,19.4,12.6,15.1,0.2,0.2,2.0,25.6,49.0,360,14.19
2018-01-11,17.6,11.8,14.4,0.0,0.0,0.0,22.0,42.1,1,6.14
2018-01-12,18.5,10.0,13.6,0.0,0.0,0.0,20.9,41.8,355,17.27
2018-01-13,18.1,8.6,14.0,0.0,0.0,0.0,10.4,27.4,323,17.52
2018-01-14,20.1,12.2,16.1,0.0,0.0,0.0,13.0,30.6,344,17.63
2018-01-15,22.7,13.1,17.4,0.0,0.0,0.0,15.3,32.4,344,17.33
2018-01-16,23.5,15.4,19.3,0.0,0.0,0.0,13.8,28.8,348,11.53
2018-01-17,24.5,19.2,21.6,0.9,0.9,4.0,18.7,35.3,350,8.15
2018-01-18,26.0,18.9,21.9,0.0,0.0,0.0,15.3,32.8,334,11.61
2018-01-19,24.6,19.5,21.7,0.0,0.0,0.0,14.8,31.0,331,11.0
2018-01-20,23.3,18.8,21.0,0.0,0.0,0.0,12.2,29.9,318,14.25
2018-01-21,23.4,18.4,20.6,0.1,0.1,1.0,14.5,32.4,333,9.03
2018-01-22,25.1,18.7,21.1,5.5,5.5,4.0,22.7,43.6,342,14.1
2018-01-23,23.8,17.6,20.4,0.0,0.0,0.0,16.8,36.0,327,16.7
2018-01-24,24.4,15.7,19.7,0.0,0.0,0.0,13.1,30.6,331,17.49
2018-01-25,23.8,17.4,20.5,0.0,0.0,0.0,14.9,30.2,346,10.83
2018-01-26,24.6,16.4,20.0,0.0,0.0,0.0,18.8,37.1,348,12.82
2018-01-27,21.7,15.9,18.8,0.0,0.0,0.0,13.9,30.2,315,13.98
2018-01-28,24.8,16.1,19.7,0.7,0.7,4.0,25.2,47.5,356,11.81
2018-01-29,19.9,13.9,16.5,0.6,0.6,5.0,23.8,46.1,351,10.32
2018-01-30,19.4,13.7,17.0,0.9,0.9,5.0,16.3,36.0,328,13.28
2018-01-31,22.9,15.3,18.4,0.0,0.0,0.0,29.2,58.7,345,15.92
2018-02-01,20.4,12.1,15.6,1.1,1.1,4.0,25.6,52.6,352,11.66
2018-02-02,21.1,13.4,16.6,0.0,0.0,0.0,29.2,57.2,344,17.79
2018-02-03,17.4,11.3,14.0,0.1,0.1,1.0,22.3,42.8,353,7.76
2018-02-04,16.5,10.8,13.1,0.0,0.0,0.0,22.0,42.8,352,8.22
2018-02-05,15.3,10.2,12.1,0.0,0.0,0.0,26.0,50.8,355,11.18
2018-02-06,18.5,11.0,14.1,0.0,0.0,0.0,23.4,45.7,354,15.8
2018-02-07,17.6,12.4,15.2,0.0,0.0,0.0,17.0,33.1,358,5.38
2018-02-08,18.1,13.1,15.7,0.6,0.6,6.0,20.4,39.2,351,4.67
2018-02-09,22.8,15.7,18.9,0.0,0.0,0.0,17.0,36.4,340,16.39
2018-02-10,24.9,15.6,19.6,0.0,0.0,0.0,20.8,42.5,350,15.58
2018-02-11,19.9,14.4,16.9,0.3,0.3,3.0,22.3,43.9,354,8.07
2018-02-12,19.8,13.5,16.5,0.0,0.0,0.0,19.2,38.5,336,17.23
2018-02-13,19.6,14.3,17.0,0.0,0.0,0.0,14.3,32.8,304,17.01
2018-02-14,24.3,13.1,18.9,0.0,0.0,0.0,17.5,34.6,157,20.58
2018-02-15,27.8,17.1,22.6,0.0,0.0,0.0,16.9,34.9,159,19.4
2018-02-16,26.6,20.3,23.0,7.9,7.9,7.0,15.7,34.9,27,10.49
2018-02-17,24.2,18.0,21.1,0.0,0.0,0.0,15.5,33.5,328,17.78
2018-02-18,26.0,17.2,20.9,0.0,0.0,0.0,15.3,34.2,336,16.34
2018-02-19,27.7,18.3,22.8,0.0,0.0,0.0,16.4,36.4,313,18.94
2018-02-20,26.0,20.1,22.8,0.0,0.0,0.0,14.3,32.8,330,16.13
2018-02-21,25.9,19.4,22.2,0.0,0.0,0.0,19.3,38.5,346,14.45
2018-02-22,22.4,15.4,19.2,4.0,4.0,11.0,22.7,45.4,349,11.83
2018-02-23,22.0,15.3,19.1,0.0,0.0,0.0,16.2,31.3,330,11.86
2018-02-24,24.0,17.9,20.6,0.0,0.0,0.0,14.6,30.2,348,8.46
2018-02-25,26.2,17.4,21.6,0.0,0.0,0.0,26.3,52.6,348,18.11
2018-02-26,24.5,16.5,20.4,0.0,0.0,0.0,19.8,37.8,335,18.14
2018-02-27,24.8,17.3,20.7,0.0,0.0,0.0,16.9,38.2,332,19.81
2018-02-28,27.1,19.0,22.4,3.3,3.3,5.0,13.9,34.9,359,14.43
2018-03-01,26.8,18.2,22.3,0.0,0.0,0.0,15.2,35.3,321,19.54
2018-03-02,27.6,20.9,23.8,0.0,0.0,0.0,18.0,40.7,316,18.4
2018-03-03,28.3,21.5,24.9,0.6,0.6,4.0,11.9,31.0,316,19.36
2018-03-04,29.6,23.0,26.0,0.0,0.0,0.0,19.3,33.5,177,19.07
2018-03-05,29.3,24.1,26.5,0.5,0.5,3.0,27.1,49.0,182,18.28
2018-03-06,25.6,19.1,22.8,0.0,0.0,0.0,16.6,37.1,319,18.12
2018-03-07,25.2,19.7,22.1,2.2,2.2,4.0,16.4,36.4,331,13.14
2018-03-08,21.8,13.7,18.3,0.3,0.3,2.0,31.1,61.2,358,14.31
2018-03-09,20.0,11.9,16.5,1.7,1.7,4.0,25.9,54.0,340,12.8
2018-03-10,21.7,14.1,18.4,0.1,0.1,1.0,13.5,32.0,295,20.28
2018-03-11,23.5,15.7,19.9,0.0,0.0,0.0,17.7,39.6,307,20.72
2018-03-12,24.3,16.4,20.7,0.0,0.0,0.0,21.2,45.4,321,21.1
2018-03-13,26.0,16.8,21.4,0.0,0.0,0.0,18.1,40.7,330,21.98
2018-03-14,26.7,17.5,22.5,0.0,0.0,0.0,17.8,39.2,315,18.01
2018-03-15,26.9,19.1,22.2,24.9,24.9,9.0,23.4,44.3,337,15.3
2018-03-16,26.9,20.4,23.6,0.4,0.4,2.0,21.8,46.1,345,20.1
2018-03-17,26.1,18.5,22.4,0.0,0.0,0.0,15.9,37.8,317,20.16
2018-03-18,25.9,19.1,22.5,0.0,0.0,0.0,15.1,35.6,316,19.92
2018-03-19,27.7,20.5,24.2,0.0,0.0,0.0,16.0,36.7,173,21.2
2018-03-20,27.6,19.3,23.5,1.0,1.0,5.0,25.4,47.5,354,15.38
2018-03-21,23.9,15.8,19.6,0.0,0.0,0.0,30.1,56.5,354,22.49
2018-03-22,22.3,13.0,18.6,0.0,0.0,0.0,19.5,36.4,263,23.47
2018-03-23,24.0,16.1,20.6,0.0,0.0,0.0,15.6,36.4,279,23.52
2018-03-24,25.1,17.4,21.3,0.0,0.0,0.0,19.1,41.4,299,24.0
2018-03-25,25.1,17.3,21.7,0.3,0.3,2.0,19.7,41.0,323,16.0
2018-03-26,25.1,19.7,22.6,0.0,0.0,0.0,17.9,40.0,295,17.74
2018-03-27,26.7,18.6,23.1,1.2,1.2,3.0,22.5,47.2,303,21.78
2018-03-28,26.3,20.5,23.4,0.4,0.4,4.0,13.7,34.2,294,21.24
2018-03-29,26.0,20.5,23.3,1.1,1.1,4.0,13.4,32.4,273,17.15
2018-03-30,26.4,19.9,23.3,1.9,1.9,6.0,13.1,32.4,216,19.3
2018-03-31,25.6,21.9,23.8,3.0,3.0,12.0,17.6,39.2,229,17.81
2018-04-01,25.4,21.5,23.4,6.4,6.4,13.0,15.5,31.0,276,13.72
2018-04-02,25.5,21.1,23.2,1.8,1.8,8.0,14.3,34.9,310,16.91
2018-04-03,26.6,20.7,23.7,0.7,0.7,3.0,14.9,36.7,317,19.88
2018-04-04,26.7,21.0,24.0,0.0,0.0,0.0,16.1,38.5,286,18.89
2018-04-05,28.1,21.5,25.0,0.0,0.0,0.0,21.5,43.9,201,21.09
2018-04-06,27.3,18.4,23.9,4.0,4.0,14.0,28.8,52.9,337,15.62
2018-04-07,22.9,17.3,19.6,0.0,0.0,0.0,24.5,47.9,359,9.96
2018-04-08,23.7,18.0,20.9,0.0,0.0,0.0,17.4,40.0,292,20.11
2018-04-09,25.2,17.0,21.5,0.0,0.0,0.0,16.9,40.3,323,24.64
2018-04-10,28.3,16.8,23.5,0.0,0.0,0.0,13.6,33.1,281,22.55
2018-04-11,29.6,22.4,26.0,0.3,0.3,1.0,14.7,32.4,208,22.66
2018-04-12,29.9,23.2,26.7,1.8,1.8,6.0,17.0,29.9,171,20.3
2018-04-13,30.3,24.1,27.6,0.4,0.4,2.0,23.7,44.3,175,23.65
2018-04-14,30.3,25.4,27.5,0.0,0.0,0.0,19.8,38.9,171,23.1
2018-04-15,29.1,21.4,25.5,8.0,8.0,13.0,22.5,47.2,339,16.93
2018-04-16,26.2,19.5,23.4,2.7,2.7,6.0,20.9,46.1,299,21.86
2018-04-17,28.1,20.0,23.7,0.8,0.8,4.0,18.9,40.0,348,15.14
2018-04-18,26.8,20.9,23.7,0.0,0.0,0.0,16.2,36.0,304,21.06
2018-04-19,27.4,22.1,24.9,0.0,0.0,0.0,17.4,38.9,299,20.33
2018-04-20,27.7,22.2,25.1,0.0,0.0,0.0,16.3,36.7,306,18.09
2018-04-21,29.0,22.7,25.5,0.7,0.7,2.0,14.6,35.3,298,21.55
2018-04-22,30.0,23.0,26.5,0.0,0.0,0.0,13.7,34.6,289,23.25
2018-04-23,31.9,23.6,27.6,0.0,0.0,0.0,29.2,58.3,173,23.28
2018-04-24,29.1,25.3,26.9,0.2,0.2,2.0,18.7,38.5,251,16.31
2018-04-25,28.0,23.7,25.5,4.6,4.6,9.0,14.0,34.9,254,15.41
2018-04-26,27.0,23.4,25.4,0.3,0.3,2.0,18.1,38.9,255,17.36
2018-04-27,28.0,23.4,26.0,0.0,0.0,0.0,20.2,41.8,279,19.58
2018-04-28,27.7,24.4,26.0,0.8,0.8,6.0,17.1,38.2,276,18.64
2018-04-29,28.1,24.3,26.1,1.0,1.0,5.0,11.8,30.6,282,19.08
2018-04-30,29.8,24.1,26.9,0.1,0.1,1.0,14.0,36.0,242,23.26
2018-05-01,30.0,23.6,27.1,0.5,0.5,3.0,20.7,39.2,194,22.48
2018-05-02,30.4,24.7,27.5,0.0,0.0,0.0,19.4,38.2,208,23.6
2018-05-03,31.2,24.9,27.8,0.0,0.0,0.0,21.4,46.1,300,22.45
2018-05-04,29.4,25.2,27.1,0.7,0.7,5.0,15.9,36.7,262,21.11
2018-05-05,30.3,24.1,27.3,0.0,0.0,0.0,18.0,40.3,261,26.03
2018-05-06,31.2,24.3,28.0,0.4,0.4,2.0,26.1,54.4,169,24.72
2018-05-07,31.0,26.3,28.4,3.5,3.5,1.0,11.8,46.4,191,17.06
2018-05-08,27.2,24.2,26.0,19.6,19.6,12.0,13.0,37.8,236,12.0
2018-05-09,26.8,24.2,25.2,10.8,10.8,20.0,16.7,42.8,306,11.77
2018-05-10,28.5,23.3,25.7,0.4,0.4,2.0,19.8,42.5,244,16.29
2018-05-11,28.4,24.7,26.2,0.0,0.0,0.0,17.5,37.4,275,18.99
2018-05-12,28.5,24.6,26.4,0.3,0.3,2.0,14.9,35.3,244,20.44
2018-05-13,29.2,24.0,26.9,0.0,0.0,0.0,15.0,36.0,215,26.02
2018-05-14,30.2,25.0,27.6,0.5,0.5,2.0,15.0,34.9,202,24.58
2018-05-15,31.7,24.8,28.4,0.0,0.0,0.0,24.7,50.8,185,26.56
2018-05-16,31.8,26.1,28.9,0.2,0.2,2.0,26.0,53.6,173,25.9
2018-05-17,30.7,26.6,28.6,0.6,0.6,4.0,20.5,37.8,188,23.53
2018-05-18,30.8,25.4,28.1,0.0,0.0,0.0,14.4,34.9,233,24.29
2018-05-19,30.7,24.7,27.9,0.0,0.0,0.0,14.1,34.2,232,23.34
2018-05-20,31.1,25.9,28.6,0.9,0.9,5.0,11.2,29.5,214,19.88
2018-05-21,30.5,26.2,28.6,0.8,0.8,4.0,11.3,29.5,301,20.29
2018-05-22,30.7,26.6,28.6,0.0,0.0,0.0,13.0,33.8,293,22.95
2018-05-23,31.1,26.2,28.4,0.1,0.1,1.0,20.1,45.7,304,23.82
2018-05-24,31.3,25.6,28.7,0.6,0.6,4.0,12.7,33.1,273,23.85
2018-05-25,31.8,25.9,29.0,0.0,0.0,0.0,17.2,39.2,210,25.74
2018-05-26,31.5,26.8,28.9,0.9,0.9,4.0,18.2,41.4,280,24.7
2018-05-27,31.9,26.3,29.1,0.0,0.0,0.0,16.0,38.5,275,26.61
2018-05-28,31.9,26.8,29.4,0.0,0.0,0.0,15.4,36.7,229,24.44
2018-05-29,31.8,26.1,29.0,3.1,3.1,8.0,14.0,35.3,202,24.23
2018-05-30,32.1,27.2,29.5,0.4,0.4,4.0,20.8,45.0,180,25.21
2018-05-31,32.4,26.8,29.6,0.0,0.0,0.0,13.3,34.2,204,26.84
2018-06-01,32.5,27.1,29.7,1.0,1.0,6.0,19.4,42.5,327,23.67
2018-06-02,31.1,26.5,28.9,3.8,3.8,7.0,12.1,33.1,254,21.94
2018-06-03,31.5,26.7,29.2,0.3,0.3,1.0,13.8,33.5,229,23.45
2018-06-04,31.2,26.2,28.5,6.3,6.3,15.0,13.3,32.8,272,23.42
2018-06-05,32.4,26.2,29.2,0.4,0.4,2.0,13.3,33.8,181,25.55
2018-06-06,32.4,26.5,29.0,11.6,11.6,9.0,14.2,34.2,241,25.19
2018-06-07,31.5,26.5,28.9,4.6,4.6,9.0,14.4,34.9,314,24.36
2018-06-08,31.4,26.8,29.0,0.7,0.7,3.0,16.6,38.5,302,21.86
2018-06-09,31.8,26.7,29.3,0.4,0.4,3.0,16.6,38.9,264,24.87
2018-06-10,30.3,26.0,28.1,12.3,12.3,19.0,17.2,40.3,200,19.29
2018-06-11,29.7,26.3,27.5,26.2,26.2,21.0,19.1,41.4,276,13.85
2018-06-12,31.4,26.1,28.5,1.8,1.8,8.0,18.8,42.5,197,26.39
2018-06-13,30.3,26.0,28.1,5.8,5.8,10.0,11.4,31.0,14,15.95
2018-06-14,27.8,26.3,27.0,46.5,46.5,23.0,38.6,71.6,166,7.5
2018-06-15,28.4,26.5,27.4,22.6,22.6,18.0,33.6,61.9,202,6.86
2018-06-16,30.2,25.8,27.8,45.4,45.4,16.0,28.2,56.5,166,20.36
2018-06-17,29.1,25.8,26.9,67.2,67.2,24.0,31.9,63.4,167,12.88
2018-06-18,28.4,25.7,26.6,44.6,44.6,24.0,30.6,67.7,173,9.63
2018-06-19,26.5,25.5,26.1,116.9,116.9,24.0,27.7,55.4,204,5.51
2018-06-20,25.6,24.0,24.8,84.9,84.9,24.0,14.3,38.5,119,2.18
2018-06-21,29.1,24.8,26.8,12.8,12.8,18.0,12.7,34.2,192,15.76
2018-06-22,29.1,25.8,27.2,11.1,11.1,19.0,18.2,43.6,177,19.39
2018-06-23,29.9,26.1,28.0,2.0,2.0,11.0,19.6,40.7,185,22.43
2018-06-24,29.9,27.0,28.3,0.8,0.8,4.0,14.3,29.5,184,17.47
2018-06-25,30.6,26.5,28.5,0.8,0.8,8.0,19.2,41.8,190,25.16
2018-06-26,30.8,25.8,28.2,1.5,1.5,10.0,15.2,34.6,328,23.18
2018-06-27,31.1,25.6,27.7,9.9,9.9,9.0,12.9,31.3,332,23.28
2018-06-28,30.1,26.6,28.0,1.6,1.6,10.0,17.0,35.3,181,23.85
2018-06-29,29.3,26.5,27.8,2.6,2.6,13.0,10.8,31.0,208,21.5
2018-06-30,29.7,24.9,27.4,8.0,8.0,16.0,11.5,29.2,250,22.54
2018-07-01,29.3,25.8,27.1,6.0,6.0,22.0,14.8,34.6,300,20.16
2018-07-02,27.0,24.3,25.7,33.9,33.9,24.0,12.4,31.3,74,9.29
2018-07-03,28.7,24.7,26.4,31.2,31.2,23.0,15.5,41.8,204,12.08
2018-07-04,28.1,25.0,26.3,25.9,25.9,23.0,8.4,32.8,129,9.72
2018-07-05,28.6,24.4,27.0,14.9,14.9,17.0,12.9,37.1,129,9.5
2018-07-06,28.0,24.9,26.7,27.8,27.8,19.0,13.1,27.4,160,7.1
2018-07-07,29.0,25.8,27.1,5.1,5.1,16.0,18.9,40.7,164,12.29
2018-07-08,32.3,26.7,28.7,4.8,4.8,7.0,21.7,40.3,173,23.25
2018-07-09,30.4,25.6,28.2,2.6,2.6,8.0,15.7,35.6,278,24.04
2018-07-10,30.2,26.2,28.2,4.4,4.4,16.0,23.8,44.6,303,21.22
2018-07-11,30.3,26.5,28.5,3.7,3.7,15.0,30.0,53.6,215,19.1
2018-07-12,30.5,26.4,28.1,4.5,4.5,6.0,35.2,64.1,200,18.08
2018-07-13,30.6,25.7,28.1,9.0,9.0,8.0,15.1,43.2,317,22.22
2018-07-14,30.2,26.2,28.2,4.4,4.4,7.0,13.4,40.0,299,24.62
2018-07-15,30.4,26.1,28.2,3.3,3.3,12.0,12.5,34.2,313,17.48
2018-07-16,31.0,26.7,28.7,3.2,3.2,13.0,11.5,33.5,299,21.41
2018-07-17,32.3,26.5,29.4,1.0,1.0,10.0,19.6,41.0,294,24.2
2018-07-18,31.5,27.2,28.9,6.5,6.5,15.0,15.5,34.2,283,21.2
2018-07-19,30.8,25.3,27.4,28.2,28.2,17.0,11.5,28.8,357,17.52
2018-07-20,30.2,24.8,27.6,2.8,2.8,13.0,13.0,31.3,345,22.79
2018-07-21,30.1,25.7,27.9,3.6,3.6,10.0,11.5,28.1,196,22.12
2018-07-22,29.8,26.3,27.9,5.3,5.3,14.0,12.5,32.8,314,15.61
2018-07-23,31.0,25.5,28.4,5.5,5.5,14.0,13.4,32.0,194,23.01
2018-07-24,30.2,26.2,28.1,3.9,3.9,9.0,12.0,28.4,152,14.72
2018-07-25,30.0,26.4,27.8,14.3,14.3,14.0,11.3,28.8,169,20.15
2018-07-26,30.8,25.8,27.9,3.2,3.2,7.0,9.8,27.7,1,19.89
2018-07-27,30.7,25.8,27.4,16.1,16.1,14.0,9.3,26.6,75,21.0
2018-07-28,30.9,25.9,27.9,5.9,5.9,12.0,11.3,28.4,303,22.76
2018-07-29,30.5,25.7,28.3,1.1,1.1,9.0,13.6,32.0,316,23.81
2018-07-30,30.7,26.1,28.6,0.4,0.4,3.0,13.3,32.4,292,24.76
2018-07-31,31.0,26.9,29.1,0.3,0.3,3.0,13.4,31.7,287,24.75
2018-08-01,31.1,27.0,29.1,2.2,2.2,15.0,13.9,32.8,303,22.23
2018-08-02,29.8,26.3,28.1,10.4,10.4,13.0,11.2,27.7,297,16.37
2018-08-03,29.7,26.0,28.0,9.4,9.4,14.0,13.3,38.9,216,20.9
2018-08-04,30.9,26.7,28.6,1.9,1.9,11.0,10.2,27.0,191,20.52
2018-08-05,31.2,25.6,28.3,20.2,20.2,14.0,10.5,29.2,86,21.61
2018-08-06,30.9,25.1,27.7,22.2,22.2,14.0,12.2,31.0,340,22.13
2018-08-07,30.4,25.0,27.9,5.9,5.9,18.0,13.0,29.9,360,22.44
2018-08-08,30.7,25.9,28.2,8.6,8.6,12.0,12.5,31.3,345,21.11
2018-08-09,30.7,26.2,28.2,5.9,5.9,12.0,8.4,23.4,183,23.72
2018-08-10,30.1,25.9,27.6,7.4,7.4,16.0,13.0,30.6,224,20.84
2018-08-11,30.3,25.4,27.7,5.5,5.5,14.0,12.8,31.0,324,21.63
2018-08-12,31.2,26.3,28.7,1.3,1.3,8.0,15.7,35.6,277,23.61
2018-08-13,28.6,26.1,26.9,26.0,26.0,24.0,15.0,32.8,180,11.7
2018-08-14,28.8,25.7,27.0,34.8,34.8,23.0,19.9,41.4,185,13.88
2018-08-15,27.8,25.9,26.7,28.4,28.4,24.0,13.4,35.3,183,8.76
2018-08-16,28.8,26.2,27.1,13.2,13.2,24.0,13.4,30.2,193,14.34
2018-08-17,29.6,26.1,27.5,9.7,9.7,19.0,13.7,28.8,196,17.7
2018-08-18,28.2,25.9,26.8,21.2,21.2,24.0,12.5,30.6,203,11.46
2018-08-19,27.9,25.2,26.4,30.2,30.2,23.0,16.2,35.3,167,10.65
2018-08-20,29.7,26.0,27.4,10.1,10.1,17.0,16.2,33.8,180,18.37
2018-08-21,30.0,25.7,27.5,12.6,12.6,19.0,29.8,54.7,172,19.3
2018-08-22,29.4,25.9,27.4,12.9,12.9,23.0,30.8,61.9,155,14.96
2018-08-23,27.4,25.6,26.8,277.5,277.5,24.0,45.3,82.8,239,2.81
2018-08-24,27.7,25.8,26.7,114.0,114.0,24.0,35.9,66.6,259,2.7
2018-08-25,27.9,25.4,26.4,33.7,33.7,22.0,14.1,32.0,206,7.23
2018-08-26,27.5,25.5,26.2,36.6,36.6,24.0,19.7,37.8,180,6.89
2018-08-27,26.2,25.2,25.7,149.7,149.7,24.0,36.0,67.7,177,2.87
2018-08-28,26.3,25.2,25.7,127.2,127.2,24.0,30.8,63.0,167,1.81
2018-08-29,25.6,24.9,25.3,108.4,108.4,24.0,32.9,62.3,160,1.71
2018-08-30,27.6,24.1,26.2,31.6,31.6,18.0,24.0,46.8,161,6.13
2018-08-31,30.3,24.6,27.7,0.1,0.1,1.0,15.4,29.9,173,15.71
2018-09-01,30.3,25.7,27.6,0.9,0.9,6.0,11.7,28.4,349,20.28
2018-09-02,29.7,25.2,27.1,2.6,2.6,9.0,10.6,28.4,344,21.18
2018-09-03,29.8,24.8,27.5,0.6,0.6,6.0,15.5,34.9,308,22.64
2018-09-04,29.7,25.3,27.7,3.7,3.7,20.0,15.0,31.7,283,20.15
2018-09-05,30.0,25.3,27.6,4.2,4.2,12.0,9.2,25.2,157,18.75
2018-09-06,30.1,25.5,27.1,7.2,7.2,12.0,9.1,27.0,23,16.68
2018-09-07,30.2,25.4,27.5,2.5,2.5,9.0,11.5,28.8,161,22.09
2018-09-08,30.2,25.2,27.1,6.4,6.4,14.0,11.5,29.2,166,18.96
2018-09-09,30.1,24.7,27.0,2.2,2.2,8.0,16.4,36.4,51,20.6
2018-09-10,29.3,25.0,26.6,28.1,28.1,15.0,16.5,36.4,17,14.01
2018-09-11,30.8,25.2,27.4,3.7,3.7,15.0,10.4,41.4,4,16.52
2018-09-12,31.0,25.4,27.6,9.0,9.0,10.0,12.6,29.5,329,19.44
2018-09-13,30.3,26.0,28.0,1.8,1.8,6.0,11.1,29.5,266,20.02
2018-09-14,31.2,25.8,28.2,0.3,0.3,3.0,12.4,31.3,306,21.63
2018-09-15,29.7,25.9,27.4,6.4,6.4,19.0,17.9,34.9,14,7.7
2018-09-16,31.9,27.3,29.7,0.5,0.5,3.0,42.3,78.8,141,12.87
2018-09-17,30.5,26.2,28.1,6.5,6.5,12.0,17.4,38.9,320,17.49
2018-09-18,30.4,25.1,27.2,13.3,13.3,13.0,14.6,32.4,332,18.31
2018-09-19,29.5,25.8,27.5,0.7,0.7,3.0,16.3,36.0,228,20.29
2018-09-20,30.1,25.2,27.7,0.4,0.4,3.0,12.6,30.2,305,20.1
2018-09-21,29.9,25.2,27.8,0.3,0.3,3.0,14.7,34.2,320,21.03
2018-09-22,30.7,25.6,28.1,1.4,1.4,8.0,15.0,33.8,334,20.01
2018-09-23,29.8,25.4,27.7,3.2,3.2,12.0,11.3,28.4,306,18.0
2018-09-24,30.1,25.3,27.3,4.5,4.5,13.0,11.3,28.1,167,19.65
2018-09-25,30.1,25.5,27.6,0.9,0.9,4.0,11.8,30.6,162,20.93
2018-09-26,29.9,24.7,26.9,5.4,5.4,15.0,11.8,29.5,349,20.07
2018-09-27,30.2,24.0,26.7,0.3,0.3,3.0,15.9,35.3,356,21.22
2018-09-28,31.1,23.9,26.8,0.2,0.2,2.0,23.4,45.7,355,21.75
2018-09-29,29.4,24.4,26.4,0.0,0.0,0.0,36.5,69.5,352,22.14
2018-09-30,27.9,23.6,26.0,0.0,0.0,0.0,15.2,29.5,289,16.33
2018-10-01,28.5,25.0,26.7,0.0,0.0,0.0,19.7,41.0,241,17.74
2018-10-02,28.3,24.5,26.5,0.5,0.5,4.0,16.9,37.8,239,19.01
2018-10-03,26.9,22.5,25.0,0.0,0.0,0.0,11.1,28.1,250,20.32
2018-10-04,28.9,21.9,24.6,0.0,0.0,0.0,31.8,62.6,354,21.0
2018-10-05,28.7,22.8,25.1,0.0,0.0,0.0,33.4,61.9,342,20.75
2018-10-06,29.1,22.7,25.7,0.4,0.4,3.0,19.5,42.1,346,20.39
2018-10-07,28.6,23.5,25.9,0.4,0.4,4.0,8.9,24.5,137,18.17
2018-10-08,27.8,23.2,25.8,0.0,0.0,0.0,11.0,29.5,243,19.63
2018-10-09,27.5,23.9,25.8,3.0,3.0,8.0,12.1,29.9,231,18.23
2018-10-10,28.4,23.7,25.7,6.0,6.0,12.0,10.7,27.0,213,17.99
2018-10-11,28.1,22.3,25.1,19.7,19.7,18.0,15.2,28.4,346,15.71
2018-10-12,26.6,21.6,24.1,13.1,13.1,17.0,12.1,28.1,350,12.28
2018-10-13,27.6,21.6,24.9,0.3,0.3,3.0,12.7,31.7,333,19.09
2018-10-14,28.2,22.6,25.6,0.4,0.4,4.0,9.4,24.5,308,18.29
2018-10-15,28.1,23.1,25.8,0.0,0.0,0.0,14.1,32.4,325,20.41
2018-10-16,28.8,24.0,25.9,0.4,0.4,4.0,19.9,41.8,341,18.62
2018-10-17,28.8,22.3,24.9,0.2,0.2,1.0,14.9,31.0,351,18.78
2018-10-18,26.9,22.6,24.8,0.0,0.0,0.0,13.0,30.6,288,13.22
2018-10-19,27.5,24.0,25.4,6.5,6.5,16.0,10.5,27.0,235,14.14
2018-10-20,27.3,22.2,24.7,0.0,0.0,0.0,12.3,29.5,252,18.62
2018-10-21,27.2,23.6,25.1,0.5,0.5,4.0,12.1,29.5,228,17.61
2018-10-22,27.2,23.1,25.2,0.3,0.3,3.0,12.5,26.6,262,18.57
2018-10-23,28.7,22.9,25.4,0.1,0.1,1.0,15.0,33.5,349,17.86
2018-10-24,27.0,21.9,24.9,0.0,0.0,0.0,9.8,26.6,265,17.58
2018-10-25,27.9,22.6,25.2,0.0,0.0,0.0,9.8,26.6,312,18.85
2018-10-26,27.9,22.6,25.1,0.4,0.4,3.0,19.9,40.0,339,16.83
2018-10-27,28.6,20.6,24.5,0.0,0.0,0.0,20.2,37.1,340,18.06
2018-10-28,25.5,18.9,22.3,0.0,0.0,0.0,17.3,32.4,305,18.89
2018-10-29,26.7,18.3,22.2,0.0,0.0,0.0,11.5,28.1,331,19.87
2018-10-30,28.3,19.1,23.9,0.0,0.0,0.0,13.8,27.7,333,19.09
2018-10-31,25.9,21.4,23.5,1.5,1.5,3.0,16.7,33.1,344,7.12
2018-11-01,28.1,20.4,23.5,0.0,0.0,0.0,19.0,40.0,330,12.93
2018-11-02,26.1,22.0,23.7,9.2,9.2,13.0,18.3,48.2,313,7.88
2018-11-03,28.1,20.8,24.7,0.0,0.0,0.0,14.5,31.3,346,18.44
2018-11-04,28.1,22.7,25.1,0.0,0.0,0.0,14.3,32.8,331,17.46
2018-11-05,27.8,22.6,25.1,1.4,1.4,11.0,13.4,31.7,306,16.48
2018-11-06,27.4,22.8,25.0,0.3,0.3,2.0,13.0,31.0,299,15.75
2018-11-07,27.7,22.3,25.3,0.1,0.1,1.0,14.0,32.0,298,16.83
2018-11-08,27.8,22.9,25.3,0.1,0.1,1.0,15.2,33.8,314,17.18
2018-11-09,27.5,23.3,25.5,0.0,0.0,0.0,15.4,33.5,299,16.61
2018-11-10,27.0,21.7,24.3,0.0,0.0,0.0,20.0,42.8,300,15.99
2018-11-11,27.6,22.1,24.5,0.0,0.0,0.0,15.3,33.8,340,16.55
2018-11-12,28.6,21.7,24.5,0.0,0.0,0.0,17.3,36.0,356,13.94
2018-11-13,28.8,21.2,24.5,0.0,0.0,0.0,12.0,26.3,339,17.05
2018-11-14,27.0,21.0,23.8,0.2,0.2,2.0,13.3,32.0,320,16.52
2018-11-15,26.4,21.4,23.9,0.0,0.0,0.0,12.3,30.2,285,17.21
2018-11-16,27.7,21.7,24.8,0.0,0.0,0.0,14.2,32.4,325,15.68
2018-11-17,27.7,22.7,25.1,1.0,1.0,6.0,12.1,28.8,332,13.04
2018-11-18,27.5,22.2,24.9,0.0,0.0,0.0,12.9,30.6,331,15.95
2018-11-19,29.9,22.3,25.3,0.0,0.0,0.0,19.2,38.9,353,15.93
2018-11-20,26.3,21.2,23.7,0.1,0.1,1.0,17.8,37.8,323,14.99
2018-11-21,28.0,21.1,24.4,0.0,0.0,0.0,14.5,32.8,334,16.68
2018-11-22,28.2,20.6,23.8,0.0,0.0,0.0,21.7,43.6,356,17.19
2018-11-23,27.0,19.6,22.7,0.0,0.0,0.0,17.2,37.4,347,16.09
2018-11-24,25.9,18.1,22.3,0.0,0.0,0.0,12.2,31.0,317,17.29
2018-11-25,26.3,19.9,23.1,1.4,1.4,7.0,23.5,43.6,322,9.24
2018-11-26,24.2,20.4,22.1,1.0,1.0,2.0,20.9,42.5,0,5.13
2018-11-27,25.3,20.1,22.9,0.1,0.1,1.0,16.1,31.0,330,12.98
2018-11-28,25.0,21.0,22.8,0.0,0.0,0.0,14.2,31.3,355,7.28
2018-11-29,24.7,20.9,22.7,0.0,0.0,0.0,13.5,26.6,308,9.89
2018-11-30,25.4,20.7,23.1,0.8,0.8,3.0,13.3,31.3,285,13.61
2018-12-01,26.0,19.6,22.9,0.0,0.0,0.0,15.5,35.3,329,16.24
2018-12-02,25.9,19.0,22.6,0.0,0.0,0.0,11.8,29.2,320,16.57
2018-12-03,28.1,19.9,23.5,0.0,0.0,0.0,14.4,32.4,340,16.51
2018-12-04,30.3,20.2,24.9,0.0,0.0,0.0,16.5,34.9,349,15.84
2018-12-05,28.0,22.4,25.0,0.0,0.0,0.0,12.2,29.5,314,13.83
2018-12-06,28.4,22.0,25.0,0.2,0.2,2.0,13.0,27.7,340,14.39
2018-12-07,28.0,20.7,23.9,0.0,0.0,0.0,19.2,36.4,344,13.83
2018-12-08,27.6,18.6,22.6,0.0,0.0,0.0,18.0,35.3,351,14.58
2018-12-09,26.7,19.2,22.4,0.0,0.0,0.0,17.2,37.8,351,14.24
2018-12-10,27.6,19.4,23.0,0.0,0.0,0.0,21.0,42.1,349,15.07
2018-12-11,27.5,20.3,23.3,1.3,1.3,2.0,22.8,47.9,348,15.24
2018-12-12,25.3,18.0,20.9,0.0,0.0,0.0,21.6,42.8,347,12.59
2018-12-13,22.8,17.4,20.3,0.0,0.0,0.0,14.4,28.4,329,11.54
2018-12-14,25.1,18.4,21.6,0.0,0.0,0.0,15.6,33.5,334,14.84
2018-12-15,24.3,18.1,21.4,0.0,0.0,0.0,13.2,30.6,319,15.0
2018-12-16,27.1,19.6,22.5,0.0,0.0,0.0,22.4,45.7,349,15.0
2018-12-17,25.2,17.3,20.7,0.0,0.0,0.0,23.4,44.3,357,14.13
2018-12-18,23.6,17.1,20.4,0.0,0.0,0.0,17.4,38.5,262,15.22
2018-12-19,23.7,17.4,20.4,0.0,0.0,0.0,14.9,33.8,325,12.31
2018-12-20,26.0,17.0,21.4,0.0,0.0,0.0,9.8,25.2,353,16.2
2018-12-21,26.9,18.2,22.0,0.0,0.0,0.0,18.9,39.2,340,15.96
2018-12-22,27.9,19.4,23.4,0.0,0.0,0.0,18.0,36.4,347,14.41
2018-12-23,27.5,21.2,23.6,0.6,0.6,4.0,15.4,34.9,330,11.56
2018-12-24,26.0,19.0,22.3,0.1,0.1,1.0,16.6,34.6,343,12.25
2018-12-25,26.2,19.8,23.0,0.8,0.8,3.0,16.1,32.8,336,13.96
2018-12-26,28.0,20.7,23.5,0.0,0.0,0.0,23.7,47.5,349,13.46
2018-12-27,26.9,18.3,22.0,0.0,0.0,0.0,21.9,43.2,346,13.06
2018-12-28,23.0,16.8,19.9,0.0,0.0,0.0,18.4,37.8,344,10.71
2018-12-29,21.9,15.5,18.4,0.1,0.1,1.0,19.8,37.4,352,8.99
2018-12-30,22.2,15.6,19.1,0.0,0.0,0.0,14.8,31.3,325,11.38
2018-12-31,23.4,17.0,19.9,0.0,0.0,0.0,17.3,32.8,354,7.74
2019-01-01,23.3,17.0,20.0,0.0,0.0,0.0,13.3,25.9,352,5.96
2019-01-02,20.9,17.6,19.4,6.4,6.4,18.0,11.5,25.6,355,5.32
2019-01-03,23.8,18.3,20.9,0.7,0.7,5.0,11.8,27.0,343,8.46
2019-01-04,25.3,18.5,22.0,0.0,0.0,0.0,13.4,32.0,313,13.51
2019-01-05,27.2,19.9,23.0,0.8,0.8,5.0,11.6,28.8,339,12.74
2019-01-06,25.0,19.4,22.0,0.5,0.5,3.0,16.6,32.8,349,8.86
2019-01-07,25.5,18.3,22.0,0.0,0.0,0.0,16.4,35.3,332,15.29
2019-01-08,26.8,18.9,22.3,0.0,0.0,0.0,19.6,40.3,341,15.29
2019-01-09,25.6,18.7,21.9,0.0,0.0,0.0,13.9,30.6,337,14.93
2019-01-10,26.8,19.3,22.5,0.0,0.0,0.0,13.9,31.3,331,15.61
2019-01-11,26.3,19.4,22.7,0.0,0.0,0.0,12.7,31.3,334,16.04
2019-01-12,27.2,19.8,23.2,0.0,0.0,0.0,20.2,42.5,341,15.67
2019-01-13,25.5,19.6,22.3,1.3,1.3,9.0,14.5,34.6,336,12.21
2019-01-14,23.7,17.9,21.2,1.2,1.2,4.0,12.4,30.6,318,14.73
2019-01-15,26.2,19.2,22.0,0.7,0.7,5.0,17.2,37.8,328,14.71
2019-01-16,23.0,17.7,20.0,0.8,0.8,6.0,17.1,34.2,349,9.0
2019-01-17,23.7,16.2,19.2,0.0,0.0,0.0,21.9,46.4,353,14.55
2019-01-18,23.8,15.1,19.4,0.0,0.0,0.0,16.6,35.3,327,17.04
2019-01-19,22.9,18.6,20.6,1.7,1.7,10.0,9.8,23.0,3,5.9
2019-01-20,25.2,17.7,21.2,0.3,0.3,3.0,21.1,43.2,354,13.04
2019-01-21,18.5,15.7,17.3,4.4,4.4,11.0,19.5,37.4,355,3.84
2019-01-22,22.9,14.4,17.7,0.0,0.0,0.0,23.9,47.9,353,16.59
2019-01-23,22.5,13.0,17.8,0.0,0.0,0.0,18.4,37.4,341,16.5
2019-01-24,23.1,14.6,19.0,0.0,0.0,0.0,13.0,32.4,334,17.43
2019-01-25,23.7,15.7,19.3,0.0,0.0,0.0,22.4,45.4,346,17.01
2019-01-26,23.0,14.2,18.1,0.0,0.0,0.0,20.5,39.6,355,10.14
2019-01-27,22.0,14.9,18.4,0.0,0.0,0.0,13.8,32.8,331,16.38
2019-01-28,22.6,14.4,19.0,0.0,0.0,0.0,13.3,31.7,315,17.19
2019-01-29,24.0,16.3,20.1,0.0,0.0,0.0,17.1,38.2,319,17.46
2019-01-30,25.4,16.8,21.2,0.0,0.0,0.0,17.2,38.2,316,18.35
2019-01-31,26.6,17.1,22.4,0.0,0.0,0.0,22.0,44.6,341,15.6
2019-02-01,24.2,16.2,20.3,0.3,0.3,3.0,17.4,38.2,336,15.43
2019-02-02,24.8,16.7,20.9,0.0,0.0,0.0,11.3,29.9,320,18.49
2019-02-03,26.8,19.3,23.5,1.4,1.4,8.0,27.6,55.8,159,14.03
2019-02-04,26.1,21.4,23.4,1.2,1.2,8.0,15.0,32.8,230,13.5
2019-02-05,26.1,19.4,22.1,0.0,0.0,0.0,15.2,32.8,344,14.24
2019-02-06,25.5,18.5,22.2,0.0,0.0,0.0,16.2,38.5,327,19.14
2019-02-07,28.4,19.2,23.5,0.0,0.0,0.0,16.8,36.7,328,19.38
2019-02-08,25.9,18.5,22.2,0.0,0.0,0.0,15.5,36.4,339,19.61
2019-02-09,25.7,17.5,21.5,0.0,0.0,0.0,15.3,33.8,340,18.84
2019-02-10,26.5,16.8,21.2,0.0,0.0,0.0,25.0,51.8,342,17.78
2019-02-11,25.9,17.9,21.5,0.1,0.1,1.0,18.0,36.0,346,12.01
2019-02-12,26.6,17.0,21.7,0.0,0.0,0.0,20.5,44.6,335,18.88
2019-02-13,28.5,18.7,22.9,0.2,0.2,2.0,21.3,45.4,335,19.26
2019-02-14,27.9,19.5,22.9,0.3,0.3,2.0,21.0,45.0,339,17.82
2019-02-15,26.4,18.9,22.5,0.0,0.0,0.0,12.6,31.7,334,18.38
2019-02-16,27.3,19.9,23.3,0.0,0.0,0.0,17.4,39.2,336,17.68
2019-02-17,26.0,18.1,21.9,0.1,0.1,1.0,21.2,44.6,336,17.69
2019-02-18,27.2,18.1,23.1,1.1,1.1,6.0,29.7,58.7,154,18.84
2019-02-19,28.8,23.1,25.2,0.3,0.3,2.0,17.3,37.8,170,15.06
2019-02-20,27.9,20.9,24.6,0.5,0.5,5.0,22.4,46.4,178,18.63
2019-02-21,27.7,20.6,24.3,0.1,0.1,1.0,21.1,45.4,186,18.24
2019-02-22,27.9,20.0,23.3,0.0,0.0,0.0,27.8,55.8,344,19.79
2019-02-23,24.9,17.4,21.1,0.0,0.0,0.0,17.4,38.5,332,19.93
2019-02-24,24.6,18.2,20.8,1.2,1.2,4.0,20.1,41.0,347,13.21
2019-02-25,26.1,17.1,21.2,4.1,4.1,10.0,22.9,47.5,341,18.72
2019-02-26,26.2,17.6,21.8,0.0,0.0,0.0,16.8,37.8,322,20.37
2019-02-27,27.2,18.8,22.7,0.0,0.0,0.0,18.4,40.7,336,20.72
2019-02-28,28.0,21.4,24.1,0.0,0.0,0.0,19.0,42.1,340,20.29
2019-03-01,26.2,19.6,23.1,0.0,0.0,0.0,15.7,36.7,329,18.64
2019-03-02,26.5,19.3,23.0,0.0,0.0,0.0,16.6,37.4,226,19.39
2019-03-03,26.6,21.2,23.7,2.2,2.2,8.0,21.9,45.4,306,15.76
2019-03-04,25.6,18.0,22.3,0.0,0.0,0.0,16.3,37.4,328,21.38
2019-03-05,30.4,18.9,24.4,1.2,1.2,2.0,30.3,59.0,158,18.49
2019-03-06,27.4,19.1,23.5,4.5,4.5,6.0,21.9,47.2,325,20.0
2019-03-07,22.0,16.6,19.5,5.9,5.9,20.0,16.7,44.6,347,8.77
2019-03-08,22.5,16.4,19.1,3.8,3.8,11.0,13.6,29.5,345,6.58
2019-03-09,27.4,19.3,22.5,5.4,5.4,10.0,20.5,50.8,99,11.94
2019-03-10,24.8,19.4,22.2,11.2,11.2,16.0,18.6,45.4,339,9.96
2019-03-11,23.1,17.9,20.1,7.3,7.3,8.0,18.6,38.5,343,10.36
2019-03-12,24.3,17.6,21.2,0.0,0.0,0.0,14.4,33.8,284,20.89
2019-03-13,24.7,19.8,22.3,0.9,0.9,6.0,9.3,24.8,347,15.69
2019-03-14,26.3,19.3,22.6,0.1,0.1,1.0,21.7,47.2,339,18.11
2019-03-15,25.1,18.5,21.0,0.9,0.9,2.0,20.5,40.7,352,15.11
2019-03-16,25.2,19.4,22.7,0.0,0.0,0.0,15.7,35.6,222,17.65
2019-03-17,25.8,19.5,22.9,0.0,0.0,0.0,15.8,36.4,299,21.3
2019-03-18,27.0,19.6,23.2,0.0,0.0,0.0,15.9,35.6,331,19.81
2019-03-19,28.0,20.5,24.0,0.0,0.0,0.0,14.4,29.5,327,22.24
2019-03-20,28.6,20.8,24.8,0.0,0.0,0.0,24.5,49.3,193,21.75
2019-03-21,28.5,22.4,25.2,0.0,0.0,0.0,15.8,28.8,195,22.4
2019-03-22,28.0,21.4,24.7,0.0,0.0,0.0,17.5,38.9,325,21.02
2019-03-23,24.1,17.6,21.4,5.9,5.9,16.0,17.4,36.7,341,11.42
2019-03-24,24.9,17.2,21.5,1.2,1.2,4.0,16.5,36.0,305,14.42
2019-03-25,27.6,20.0,23.3,0.3,0.3,1.0,22.6,44.6,344,17.68
2019-03-26,26.8,18.8,22.9,0.0,0.0,0.0,16.3,37.4,331,22.82
2019-03-27,27.2,19.5,23.9,0.0,0.0,0.0,16.2,31.7,219,23.06
2019-03-28,28.4,22.9,25.5,0.0,0.0,0.0,15.6,36.4,189,20.15
2019-03-29,27.5,23.6,25.2,0.0,0.0,0.0,16.9,38.2,284,18.65
2019-03-30,27.6,21.8,24.3,2.0,2.0,6.0,17.7,39.6,320,19.3
2019-03-31,27.1,22.2,24.3,0.4,0.4,4.0,20.3,44.3,304,17.66
2019-04-01,26.7,19.6,23.1,0.6,0.6,4.0,18.0,42.5,336,20.49
2019-04-02,26.6,20.3,23.4,0.0,0.0,0.0,16.7,38.5,313,22.36
2019-04-03,28.8,20.8,24.3,0.1,0.1,1.0,25.6,51.5,343,22.26
2019-04-04,27.7,20.1,23.9,3.1,3.1,3.0,14.7,36.0,322,21.82
2019-04-05,28.1,21.4,24.3,0.9,0.9,3.0,26.0,53.6,331,22.3
2019-04-06,27.3,20.7,24.3,0.0,0.0,0.0,13.7,33.5,294,23.07
2019-04-07,28.4,22.4,25.3,0.0,0.0,0.0,18.9,41.4,304,22.65
2019-04-08,28.6,21.7,25.6,0.0,0.0,0.0,12.4,32.4,211,23.73
2019-04-09,30.3,23.2,26.8,0.0,0.0,0.0,24.9,51.8,168,24.18
2019-04-10,29.9,23.7,26.5,0.0,0.0,0.0,19.1,40.3,273,24.13
2019-04-11,29.1,22.9,26.2,0.0,0.0,0.0,16.0,35.3,268,22.96
2019-04-12,27.6,21.3,24.2,0.4,0.4,2.0,19.2,41.4,325,20.01
2019-04-13,29.1,22.8,25.6,0.0,0.0,0.0,20.9,46.4,320,21.13
2019-04-14,28.9,22.3,26.0,0.0,0.0,0.0,21.6,45.4,335,21.47
2019-04-15,27.5,22.5,24.9,8.8,8.8,6.0,17.6,36.0,316,15.98
2019-04-16,27.4,22.2,24.5,10.0,10.0,17.0,14.6,39.6,338,14.0
2019-04-17,28.2,20.9,24.5,5.4,5.4,3.0,20.4,43.9,327,22.61
2019-04-18,28.8,22.7,25.7,0.0,0.0,0.0,15.8,39.2,299,23.73
2019-04-19,30.1,24.0,26.6,5.1,5.1,7.0,22.4,47.5,168,17.98
2019-04-20,30.3,23.8,26.9,2.6,2.6,3.0,15.5,30.2,322,22.2
2019-04-21,29.6,24.8,26.9,1.7,1.7,8.0,11.3,32.4,223,19.81
2019-04-22,29.8,24.7,27.2,1.2,1.2,3.0,12.6,29.9,296,21.67
2019-04-23,29.9,24.8,27.1,0.2,0.2,2.0,15.1,36.0,281,22.59
2019-04-24,30.0,24.5,27.1,0.0,0.0,0.0,14.4,34.6,266,21.46
2019-04-25,30.1,24.3,27.0,0.0,0.0,0.0,17.2,37.4,280,25.29
2019-04-26,29.9,24.5,27.2,0.3,0.3,2.0,14.4,35.3,286,22.04
2019-04-27,29.8,24.5,26.8,0.8,0.8,3.0,17.5,39.2,321,19.02
2019-04-28,29.6,24.3,26.7,1.3,1.3,8.0,13.6,34.2,331,19.82
2019-04-29,30.9,23.8,27.5,0.7,0.7,4.0,15.2,34.9,181,23.9
2019-04-30,30.1,26.2,27.8,1.6,1.6,7.0,15.8,36.7,221,23.43
2019-05-01,27.3,23.6,25.3,26.3,26.3,20.0,16.7,43.9,314,12.98
2019-05-02,27.3,22.2,24.5,12.1,12.1,20.0,16.4,36.7,313,14.86
2019-05-03,27.4,21.9,24.7,3.3,3.3,9.0,16.3,32.4,273,19.41
2019-05-04,25.9,23.4,24.7,3.9,3.9,15.0,11.9,28.4,231,12.3
2019-05-05,27.0,22.8,24.4,9.5,9.5,16.0,14.8,31.7,296,11.21
2019-05-06,25.2,22.6,23.5,30.0,30.0,23.0,13.9,30.6,347,7.38
2019-05-07,26.4,22.4,24.0,2.7,2.7,11.0,13.2,28.4,340,9.04
2019-05-08,26.5,21.9,24.2,1.2,1.2,6.0,10.2,25.2,315,13.45
2019-05-09,27.7,22.7,25.3,7.4,7.4,14.0,11.6,32.0,306,16.01
2019-05-10,27.6,23.3,25.3,13.2,13.2,15.0,15.6,44.6,347,12.83
2019-05-11,29.6,24.0,26.7,0.4,0.4,3.0,14.6,32.8,326,21.24
2019-05-12,29.1,24.3,26.7,0.2,0.2,2.0,11.5,29.5,268,25.21
2019-05-13,29.3,24.8,27.1,0.5,0.5,4.0,14.0,33.8,282,24.32
2019-05-14,29.8,25.0,27.6,0.0,0.0,0.0,12.6,31.7,291,24.45
2019-05-15,28.1,26.1,27.1,5.9,5.9,10.0,14.1,33.1,210,16.77
2019-05-16,29.6,26.0,27.8,0.3,0.3,2.0,12.3,38.9,296,20.49
2019-05-17,29.4,25.6,27.6,3.6,3.6,15.0,11.2,37.4,290,19.35
2019-05-18,28.7,25.0,27.0,16.2,16.2,14.0,12.1,26.6,350,13.55
2019-05-19,30.0,26.0,28.1,0.6,0.6,5.0,10.3,33.1,237,21.66
2019-05-20,28.6,24.4,26.7,17.8,17.8,20.0,11.7,30.2,293,13.85
2019-05-21,27.7,24.7,26.2,6.8,6.8,11.0,21.3,43.9,242,16.14
2019-05-22,28.5,24.6,26.6,0.0,0.0,0.0,11.7,28.8,219,22.63
2019-05-23,28.0,24.1,25.9,7.7,7.7,14.0,12.7,30.6,281,15.96
2019-05-24,28.6,24.3,26.1,12.0,12.0,17.0,16.1,37.1,310,21.47
2019-05-25,28.8,24.1,26.7,2.3,2.3,15.0,15.2,34.9,300,23.35
2019-05-26,30.8,25.1,27.9,0.0,0.0,0.0,13.2,31.7,195,22.42
2019-05-27,28.3,25.9,27.1,7.2,7.2,10.0,21.0,38.2,167,13.09
2019-05-28,29.3,25.4,26.9,7.0,7.0,16.0,11.3,28.8,337,16.26
2019-05-29,27.5,25.0,25.9,8.0,8.0,20.0,11.7,27.7,205,13.01
2019-05-30,28.7,24.2,26.5,11.2,11.2,16.0,13.8,32.0,255,20.75
2019-05-31,29.3,25.1,26.6,8.9,8.9,14.0,11.5,29.9,181,20.33
2019-06-01,30.0,25.4,27.7,1.6,1.6,9.0,13.6,33.1,211,23.73
2019-06-02,30.2,25.6,27.9,3.2,3.2,10.0,9.3,34.9,275,22.36
2019-06-03,30.6,26.6,28.6,0.8,0.8,5.0,11.1,28.8,251,24.9
2019-06-04,29.1,26.5,27.9,1.9,1.9,6.0,11.2,30.6,247,12.21
2019-06-05,31.0,26.2,28.7,2.0,2.0,3.0,10.2,25.9,171,21.88
2019-06-06,32.0,26.6,29.5,0.0,0.0,0.0,24.0,48.6,174,26.21
2019-06-07,31.2,27.7,29.2,1.7,1.7,9.0,19.8,41.8,175,22.72
2019-06-08,31.2,27.5,29.2,0.2,0.2,2.0,13.7,32.4,267,25.05
2019-06-09,30.1,26.0,28.4,5.3,5.3,14.0,10.0,38.5,265,19.89
2019-06-10,30.8,26.2,27.7,15.5,15.5,20.0,10.7,38.9,205,17.79
2019-06-11,28.0,24.9,26.5,22.2,22.2,20.0,12.4,31.3,128,8.0
2019-06-12,29.4,25.2,27.5,12.7,12.7,11.0,11.7,31.3,195,14.65
2019-06-13,29.4,26.1,27.6,17.7,17.7,18.0,17.9,42.8,186,18.14
2019-06-14,29.0,24.9,26.5,69.1,69.1,21.0,18.8,45.7,247,12.61
2019-06-15,30.1,25.1,27.6,0.6,0.6,5.0,13.3,31.7,262,25.18
2019-06-16,29.4,25.6,26.8,21.4,21.4,12.0,9.9,46.8,281,11.4
2019-06-17,31.0,26.0,28.8,3.1,3.1,3.0,24.9,50.4,169,21.37
2019-06-18,31.9,27.5,29.5,0.0,0.0,0.0,17.3,36.4,166,25.66
2019-06-19,31.4,27.3,29.3,0.4,0.4,4.0,14.2,30.6,241,26.3
2019-06-20,30.9,27.1,28.9,0.3,0.3,3.0,15.0,34.9,294,24.91
2019-06-21,31.3,27.0,29.1,0.8,0.8,6.0,15.2,34.6,268,25.9
2019-06-22,31.5,27.2,29.3,2.8,2.8,11.0,12.3,29.9,264,22.95
2019-06-23,30.4,27.0,28.6,2.4,2.4,12.0,13.1,41.8,288,17.52
2019-06-24,29.9,26.7,28.1,4.8,4.8,12.0,9.3,24.5,197,10.26
2019-06-25,29.2,26.3,27.7,1.4,1.4,9.0,14.1,30.6,186,11.99
2019-06-26,29.5,25.6,27.1,6.2,6.2,16.0,12.5,31.3,166,15.9
2019-06-27,29.7,24.6,27.3,11.7,11.7,18.0,18.4,34.9,163,18.31
2019-06-28,30.9,26.7,28.5,3.2,3.2,12.0,15.2,34.2,172,23.08
2019-06-29,30.5,27.0,28.6,2.2,2.2,12.0,21.7,38.5,170,22.53
2019-06-30,30.7,27.8,29.2,1.2,1.2,7.0,26.8,54.4,168,22.13
2019-07-01,33.0,25.9,28.7,22.7,22.7,14.0,27.4,50.4,151,20.93
2019-07-02,27.5,26.3,26.8,57.2,57.2,24.0,31.1,60.1,160,8.31
2019-07-03,28.2,26.2,27.0,28.1,28.1,23.0,26.4,58.3,164,12.85
2019-07-04,29.7,26.4,27.9,7.8,7.8,16.0,14.6,36.4,162,15.23
2019-07-05,28.5,26.1,27.5,16.8,16.8,20.0,10.5,35.3,172,12.02
2019-07-06,29.8,26.5,27.7,12.4,12.4,24.0,13.7,38.2,180,15.17
2019-07-07,29.5,26.4,27.7,10.1,10.1,21.0,12.2,37.4,181,17.69
2019-07-08,29.2,26.2,27.3,17.3,17.3,24.0,13.2,37.1,184,16.09
2019-07-09,29.5,26.1,27.2,19.7,19.7,24.0,17.1,41.0,181,16.85
2019-07-10,29.4,25.9,27.3,31.5,31.5,24.0,15.8,41.4,203,17.85
2019-07-11,29.4,26.2,27.5,11.7,11.7,23.0,14.3,36.0,175,16.24
2019-07-12,30.9,26.1,28.4,7.3,7.3,17.0,15.6,34.2,186,24.49
2019-07-13,30.0,27.0,28.3,8.5,8.5,19.0,10.1,29.2,200,22.5
2019-07-14,30.8,27.0,28.8,3.1,3.1,16.0,17.3,38.2,250,23.5
2019-07-15,30.9,26.2,28.7,1.0,1.0,7.0,15.3,34.9,305,22.51
2019-07-16,32.0,26.7,28.9,8.2,8.2,11.0,17.4,37.4,328,22.8
2019-07-17,31.2,26.4,29.1,0.0,0.0,0.0,12.7,31.3,223,25.33
2019-07-18,29.8,27.5,28.4,8.7,8.7,15.0,22.0,41.4,168,17.79
2019-07-19,30.3,25.3,27.5,37.4,37.4,17.0,22.5,46.1,334,10.55
2019-07-20,28.6,24.0,26.7,31.6,31.6,22.0,21.3,52.2,132,10.48
2019-07-21,29.7,26.2,27.6,6.8,6.8,17.0,12.8,31.0,154,12.54
2019-07-22,29.5,26.7,28.1,3.9,3.9,7.0,26.7,53.3,173,15.26
2019-07-23,30.0,26.5,28.2,1.7,1.7,10.0,23.4,42.5,178,23.07
2019-07-24,30.7,26.5,28.4,3.1,3.1,15.0,14.1,32.8,180,23.08
2019-07-25,30.8,26.3,28.6,0.5,0.5,3.0,11.9,29.9,213,22.3
2019-07-26,30.7,26.8,28.6,2.4,2.4,12.0,10.8,27.0,245,20.07
2019-07-27,29.5,26.0,27.8,9.8,9.8,17.0,13.1,32.0,188,17.31
2019-07-28,31.8,26.5,28.5,5.0,5.0,9.0,20.4,40.0,173,22.18
2019-07-29,32.3,25.7,28.8,0.3,0.3,3.0,19.6,40.0,322,24.05
2019-07-30,31.4,26.4,29.3,8.8,8.8,8.0,11.5,34.2,282,23.47
2019-07-31,31.1,27.1,29.0,1.2,1.2,3.0,15.6,35.6,331,21.25
2019-08-01,31.3,26.8,28.5,18.5,18.5,9.0,10.9,27.0,337,12.23
2019-08-02,30.1,25.7,27.3,19.0,19.0,15.0,13.7,33.5,311,17.96
2019-08-03,30.3,25.5,27.7,3.5,3.5,10.0,11.1,28.4,332,20.15
2019-08-04,30.7,25.4,28.4,1.2,1.2,10.0,14.2,32.8,203,22.78
2019-08-05,30.5,27.3,28.4,35.5,35.5,12.0,10.7,27.4,250,16.76
2019-08-06,31.1,26.5,28.3,18.4,18.4,20.0,15.0,32.4,311,21.47
2019-08-07,31.0,26.5,28.3,5.2,5.2,14.0,10.5,27.0,170,19.93
2019-08-08,31.6,27.5,29.0,4.1,4.1,13.0,25.3,47.2,62,18.58
2019-08-09,30.9,27.7,29.1,14.8,14.8,14.0,41.1,78.5,311,18.18
2019-08-10,30.8,28.2,29.5,33.7,33.7,22.0,41.8,78.8,241,18.32
2019-08-11,29.7,26.3,27.9,22.7,22.7,24.0,16.0,36.0,252,17.19
2019-08-12,30.4,26.6,28.2,8.7,8.7,17.0,9.8,28.4,252,19.69
2019-08-13,29.6,25.2,26.9,34.3,34.3,21.0,11.5,29.5,107,10.96
2019-08-14,29.2,26.1,27.5,19.1,19.1,23.0,14.3,32.4,219,18.09
2019-08-15,29.0,26.3,27.4,41.2,41.2,24.0,24.6,50.0,239,16.12
2019-08-16,28.9,26.0,26.9,42.1,42.1,24.0,22.5,45.4,238,11.06
2019-08-17,28.4,25.4,26.7,22.9,22.9,24.0,17.4,34.2,243,11.78
2019-08-18,27.8,25.0,26.2,40.3,40.3,24.0,11.6,35.6,295,9.55
2019-08-19,28.0,24.6,26.1,27.0,27.0,24.0,20.6,44.3,176,7.35
2019-08-20,27.8,25.4,26.4,68.8,68.8,20.0,25.0,45.4,169,8.33
2019-08-21,28.6,25.4,26.9,23.7,23.7,16.0,28.4,53.6,180,9.74
2019-08-22,30.2,25.9,27.8,6.8,6.8,13.0,21.0,48.2,260,19.69
2019-08-23,30.9,26.5,28.3,5.6,5.6,18.0,14.6,34.2,319,21.38
2019-08-24,27.6,26.2,26.8,153.0,153.0,24.0,54.8,105.1,154,3.92
2019-08-25,29.3,26.1,27.5,40.9,40.9,20.0,47.7,106.9,159,14.32
2019-08-26,30.8,26.9,28.8,0.2,0.2,2.0,30.5,56.9,176,24.29
2019-08-27,31.7,26.3,28.5,2.3,2.3,7.0,19.9,41.8,337,23.16
2019-08-28,31.2,26.3,28.6,0.3,0.3,2.0,15.2,35.3,303,24.06
2019-08-29,31.3,26.9,28.6,7.1,7.1,11.0,13.0,31.7,168,20.44
2019-08-30,29.2,25.9,27.5,18.9,18.9,16.0,10.8,27.7,209,15.81
2019-08-31,29.8,25.1,27.6,2.2,2.2,13.0,13.6,32.4,259,20.24
2019-09-01,30.8,26.3,28.5,8.8,8.8,8.0,13.0,36.4,332,20.26
2019-09-02,30.4,26.3,28.2,8.0,8.0,12.0,12.9,37.1,342,19.52
2019-09-03,30.7,25.1,27.5,29.8,29.8,16.0,10.2,27.4,182,18.9
2019-09-04,28.8,25.0,26.5,25.0,25.0,16.0,13.4,29.5,324,13.46
2019-09-05,29.2,25.6,27.1,8.0,8.0,18.0,14.5,37.1,258,16.26
2019-09-06,29.5,26.0,27.3,12.5,12.5,20.0,13.5,30.2,216,17.71
2019-09-07,29.8,25.7,27.6,8.7,8.7,18.0,22.4,41.4,177,20.75
2019-09-08,29.8,25.4,27.7,8.2,8.2,12.0,16.6,32.8,186,21.13
2019-09-09,29.7,25.6,27.8,2.0,2.0,9.0,14.8,34.2,322,20.17
2019-09-10,28.3,25.6,27.0,5.4,5.4,13.0,9.5,23.4,8,10.74
2019-09-11,30.1,25.3,28.0,2.2,2.2,7.0,10.5,26.6,221,20.25
2019-09-12,31.0,25.8,28.3,0.4,0.4,4.0,14.8,34.9,203,22.84
2019-09-13,29.9,26.3,28.0,3.6,3.6,10.0,9.5,25.2,211,20.05
2019-09-14,30.7,26.0,28.4,1.2,1.2,9.0,15.9,33.1,178,21.35
2019-09-15,29.9,26.2,27.7,3.5,3.5,12.0,14.1,31.3,340,18.92
2019-09-16,29.8,26.2,27.6,4.3,4.3,10.0,13.8,27.7,161,10.17
2019-09-17,30.4,25.6,28.0,0.7,0.7,3.0,23.1,47.2,230,19.74
2019-09-18,29.3,25.7,27.7,1.6,1.6,9.0,13.9,25.9,245,19.55
2019-09-19,29.5,25.1,27.4,2.4,2.4,13.0,18.8,39.2,197,19.26
2019-09-20,29.9,23.7,26.1,0.1,0.1,1.0,33.6,65.2,357,22.08
2019-09-21,28.4,24.0,26.0,0.0,0.0,0.0,38.8,74.2,346,17.54
2019-09-22,30.3,24.0,26.7,0.0,0.0,0.0,18.4,38.2,349,23.28
2019-09-23,28.9,22.3,25.7,0.0,0.0,0.0,11.8,29.9,269,21.97
2019-09-24,28.4,22.9,25.9,0.0,0.0,0.0,15.9,36.7,246,22.4
2019-09-25,28.4,24.8,26.5,1.5,1.5,7.0,18.8,41.4,209,20.62
2019-09-26,28.5,24.9,26.7,0.1,0.1,1.0,12.3,29.9,219,19.67
2019-09-27,29.9,23.9,26.6,0.6,0.6,4.0,15.8,37.1,313,19.1
2019-09-28,29.8,23.7,26.8,0.1,0.1,1.0,11.4,29.2,175,21.23
2019-09-29,29.8,24.3,27.4,0.2,0.2,2.0,12.1,29.9,294,20.56
2019-09-30,29.7,24.9,27.2,0.5,0.5,3.0,21.2,39.6,319,11.22
2019-10-01,30.2,24.9,27.3,1.5,1.5,7.0,34.5,64.1,328,19.79
2019-10-02,29.9,25.1,27.3,1.8,1.8,6.0,11.6,29.5,218,20.56
2019-10-03,30.3,24.8,27.1,5.0,5.0,8.0,12.3,30.2,331,18.83
2019-10-04,29.5,23.8,26.5,11.9,11.9,11.0,13.7,32.4,350,18.76
2019-10-05,29.5,24.6,26.8,1.1,1.1,2.0,12.5,30.6,292,19.18
2019-10-06,29.7,24.4,26.9,4.2,4.2,6.0,15.2,33.8,251,14.99
2019-10-07,30.0,25.2,27.4,0.7,0.7,5.0,14.4,32.8,221,18.92
2019-10-08,29.1,25.1,27.1,1.4,1.4,8.0,11.4,28.8,282,18.0
2019-10-09,28.7,24.5,26.5,2.4,2.4,12.0,19.0,40.7,220,17.39
2019-10-10,28.4,24.2,26.0,3.9,3.9,15.0,12.3,30.2,177,17.08
2019-10-11,29.1,24.1,26.5,3.2,3.2,10.0,10.6,25.9,268,18.89
2019-10-12,28.8,24.8,26.6,2.1,2.1,11.0,11.4,29.2,229,19.21
2019-10-13,28.3,24.2,26.1,2.7,2.7,15.0,13.3,32.0,196,16.94
2019-10-14,28.2,24.9,26.5,4.6,4.6,13.0,19.1,40.7,225,16.06
2019-10-15,28.5,23.5,26.0,2.4,2.4,6.0,14.8,34.2,207,18.21
2019-10-16,28.1,23.3,25.8,0.0,0.0,0.0,18.7,41.0,215,19.35
2019-10-17,28.6,23.2,25.8,2.4,2.4,6.0,13.0,29.5,311,17.96
2019-10-18,28.1,21.9,25.2,0.0,0.0,0.0,19.2,42.5,293,15.55
2019-10-19,28.1,21.8,25.1,0.0,0.0,0.0,14.1,28.1,331,19.12
2019-10-20,27.2,23.0,24.9,1.2,1.2,6.0,17.7,38.9,242,17.12
2019-10-21,27.1,21.8,24.4,0.4,0.4,3.0,13.5,32.0,255,18.88
2019-10-22,27.0,22.2,24.6,1.0,1.0,9.0,9.7,26.6,232,16.87
2019-10-23,27.8,23.0,25.3,0.2,0.2,2.0,10.5,27.7,318,17.0
2019-10-24,28.2,23.0,25.3,0.1,0.1,1.0,14.7,35.6,269,16.25
2019-10-25,27.9,23.7,25.7,0.0,0.0,0.0,18.8,41.0,254,17.4
2019-10-26,27.3,24.2,25.5,0.8,0.8,7.0,17.9,38.9,232,16.57
2019-10-27,27.8,23.4,25.4,0.7,0.7,7.0,14.6,33.8,228,17.07
2019-10-28,29.4,23.3,25.8,0.0,0.0,0.0,21.4,42.8,336,18.63
2019-10-29,29.6,21.4,25.1,0.7,0.7,4.0,18.5,38.9,352,18.58
2019-10-30,28.6,22.3,25.2,0.2,0.2,2.0,14.1,31.7,1,16.46
2019-10-31,28.3,24.2,26.0,9.1,9.1,4.0,15.1,35.3,246,16.68
2019-11-01,29.1,23.7,26.2,0.1,0.1,1.0,12.7,32.4,295,15.56
2019-11-02,28.4,23.3,25.5,0.0,0.0,0.0,12.0,29.9,299,16.84
2019-11-03,29.4,22.8,25.9,0.0,0.0,0.0,15.6,33.1,336,17.78
2019-11-04,27.4,22.3,24.3,1.3,1.3,7.0,14.8,28.8,360,7.4
2019-11-05,26.8,21.6,24.3,0.0,0.0,0.0,13.5,30.2,267,15.92
2019-11-06,26.9,21.8,24.5,1.1,1.1,7.0,15.3,34.9,227,15.96
2019-11-07,27.2,22.1,24.6,0.1,0.1,1.0,16.9,33.8,323,13.71
2019-11-08,26.9,19.9,23.5,0.0,0.0,0.0,14.4,31.0,330,18.08
2019-11-09,26.5,19.3,23.2,0.0,0.0,0.0,13.4,31.7,276,17.06
2019-11-10,26.0,20.3,23.2,0.1,0.1,1.0,18.7,40.3,208,17.37
2019-11-11,26.2,20.8,23.2,0.2,0.2,2.0,16.2,37.1,290,16.89
2019-11-12,26.9,19.4,23.4,0.0,0.0,0.0,15.2,36.4,228,16.79
2019-11-13,26.8,21.5,23.8,0.6,0.6,3.0,20.9,43.6,335,14.03
2019-11-14,27.1,20.2,23.6,0.0,0.0,0.0,16.7,37.8,332,15.96
2019-11-15,26.0,21.2,23.5,0.0,0.0,0.0,17.6,39.2,228,15.61
2019-11-16,26.2,20.5,23.2,0.0,0.0,0.0,14.8,33.8,297,13.49
2019-11-17,28.5,20.4,24.0,0.0,0.0,0.0,21.2,44.3,342,17.76
2019-11-18,29.5,21.9,24.9,0.0,0.0,0.0,18.7,37.4,352,13.98
2019-11-19,26.8,20.2,23.0,0.0,0.0,0.0,17.9,35.3,348,11.78
2019-11-20,26.4,20.5,23.0,0.0,0.0,0.0,11.8,26.3,329,10.16
2019-11-21,27.4,20.8,23.9,0.0,0.0,0.0,18.4,33.8,349,15.28
2019-11-22,27.8,21.0,24.3,0.0,0.0,0.0,20.9,38.9,349,16.88
2019-11-23,27.2,21.3,24.3,0.0,0.0,0.0,15.0,33.5,326,12.98
2019-11-24,28.5,21.5,24.9,0.0,0.0,0.0,18.8,40.3,319,15.43
2019-11-25,28.0,22.2,24.8,1.0,1.0,6.0,14.1,33.5,294,15.1
2019-11-26,26.5,21.1,23.9,0.0,0.0,0.0,11.3,28.1,322,16.06
2019-11-27,26.3,20.8,23.6,0.0,0.0,0.0,13.7,31.0,325,15.71
2019-11-28,27.4,19.4,22.5,0.0,0.0,0.0,20.2,39.2,344,14.72
2019-11-29,24.5,18.6,21.5,0.0,0.0,0.0,15.1,34.9,266,15.66
2019-11-30,26.2,18.3,22.0,0.0,0.0,0.0,16.3,36.7,336,14.75
2019-12-01,26.4,20.2,22.9,0.0,0.0,0.0,20.9,42.8,347,15.74
2019-12-02,25.1,15.8,20.2,0.0,0.0,0.0,28.4,57.6,358,16.56
2019-12-03,22.3,14.8,18.9,0.0,0.0,0.0,12.3,28.4,330,11.13
2019-12-04,21.7,17.2,19.1,5.4,5.4,7.0,13.8,27.4,352,4.56
2019-12-05,19.8,15.8,17.0,10.0,10.0,19.0,21.0,42.5,352,6.99
2019-12-06,18.4,15.5,16.5,14.7,14.7,23.0,21.3,40.7,357,4.36
2019-12-07,21.5,14.2,17.2,3.7,3.7,6.0,20.9,40.3,358,10.38
2019-12-08,21.7,13.8,18.2,0.1,0.1,1.0,14.6,32.4,304,13.96
2019-12-09,22.7,14.2,18.8,0.0,0.0,0.0,15.1,33.5,297,14.67
2019-12-10,23.6,16.0,19.8,0.0,0.0,0.0,18.9,38.9,353,14.92
2019-12-11,24.9,16.8,19.9,0.0,0.0,0.0,22.0,44.6,345,16.56
2019-12-12,24.9,17.2,20.7,0.0,0.0,0.0,15.0,34.6,327,14.79
2019-12-13,25.4,17.5,20.9,0.0,0.0,0.0,18.5,38.9,350,16.3
2019-12-14,25.5,16.4,20.8,0.0,0.0,0.0,17.6,37.8,326,16.21
2019-12-15,25.5,18.3,22.2,0.0,0.0,0.0,14.8,33.5,281,16.02
2019-12-16,26.6,18.8,22.5,0.0,0.0,0.0,14.5,33.5,286,15.78
2019-12-17,27.8,18.4,22.9,0.0,0.0,0.0,14.5,32.0,340,15.96
2019-12-18,27.3,19.8,22.8,0.0,0.0,0.0,19.0,38.5,342,15.36
2019-12-19,26.1,18.4,21.9,0.2,0.2,1.0,23.9,47.9,345,14.91
2019-12-20,25.8,18.2,21.4,0.0,0.0,0.0,18.4,36.0,349,12.11
2019-12-21,25.5,18.7,21.8,0.0,0.0,0.0,14.7,34.6,334,13.4
2019-12-22,26.2,19.5,22.1,0.0,0.0,0.0,22.9,47.2,340,15.02
2019-12-23,25.8,17.5,21.2,0.0,0.0,0.0,16.7,36.4,332,15.92
2019-12-24,26.5,17.4,21.2,0.0,0.0,0.0,19.9,41.4,346,16.13
2019-12-25,25.6,18.5,21.6,0.0,0.0,0.0,12.6,30.2,323,12.96
2019-12-26,28.2,18.8,22.9,0.0,0.0,0.0,23.0,46.1,348,13.22
2019-12-27,23.2,17.6,20.1,0.0,0.0,0.0,17.7,36.0,346,8.67
2019-12-28,22.9,17.5,20.3,1.9,1.9,4.0,11.5,27.0,322,9.88
2019-12-29,22.1,19.0,20.4,15.9,15.9,19.0,18.8,58.3,345,9.46
2019-12-30,25.7,19.3,21.4,1.0,1.0,2.0,24.6,49.3,359,11.97
2019-12-31,23.3,17.8,20.4,2.8,2.8,9.0,18.8,37.1,348,9.95
2020-01-01,22.1,17.9,19.9,0.0,0.0,0.0,9.4,26.6,289,13.62
2020-01-02,23.9,18.0,20.5,0.0,0.0,0.0,16.4,36.0,326,14.16
2020-01-03,23.9,17.3,20.4,0.0,0.0,0.0,14.5,33.5,311,14.91
2020-01-04,23.4,17.8,20.6,0.0,0.0,0.0,13.8,32.0,307,13.82
2020-01-05,23.8,17.7,20.8,0.0,0.0,0.0,12.9,31.0,314,13.88
2020-01-06,24.3,17.7,20.7,0.0,0.0,0.0,15.9,35.6,326,15.43
2020-01-07,25.4,17.9,21.7,0.1,0.1,1.0,20.8,43.2,334,14.21
2020-01-08,25.9,18.6,21.7,0.0,0.0,0.0,17.6,37.8,323,15.9
2020-01-09,23.6,17.1,20.4,0.0,0.0,0.0,12.4,30.6,315,15.12
2020-01-10,23.8,18.4,20.6,0.0,0.0,0.0,12.4,30.6,319,12.9
2020-01-11,24.4,17.6,21.0,0.0,0.0,0.0,18.6,38.9,337,15.47
2020-01-12,23.9,16.6,19.6,0.0,0.0,0.0,23.4,47.9,351,16.33
2020-01-13,24.1,14.7,18.8,0.0,0.0,0.0,18.8,40.7,348,16.08
2020-01-14,26.2,15.9,20.0,0.0,0.0,0.0,22.0,43.9,356,16.23
2020-01-15,24.2,15.5,19.4,0.0,0.0,0.0,21.7,44.6,329,16.86
2020-01-16,25.5,16.0,20.2,0.0,0.0,0.0,21.5,43.6,346,17.05
2020-01-17,24.5,16.2,19.7,0.0,0.0,0.0,25.0,50.0,351,17.24
2020-01-18,22.8,14.1,18.3,0.0,0.0,0.0,17.7,34.9,338,16.93
2020-01-19,23.8,15.4,19.1,0.0,0.0,0.0,23.7,47.5,348,16.95
2020-01-20,25.4,14.8,19.8,0.0,0.0,0.0,19.1,40.7,353,17.43
2020-01-21,25.0,15.1,20.2,0.0,0.0,0.0,14.1,33.5,305,17.46
2020-01-22,26.2,17.7,22.4,0.0,0.0,0.0,22.7,42.8,188,16.25
2020-01-23,27.3,19.6,23.6,0.3,0.3,3.0,24.9,50.8,160,13.25
2020-01-24,26.3,20.6,23.2,0.1,0.1,1.0,17.2,38.5,322,15.22
2020-01-25,25.3,18.5,22.1,0.9,0.9,4.0,17.9,38.9,334,12.15
2020-01-26,26.2,18.0,20.6,11.2,11.2,10.0,33.7,65.2,352,13.36
2020-01-27,23.4,15.8,19.3,2.9,2.9,3.0,31.4,61.6,348,17.86
2020-01-28,18.1,14.0,16.3,11.6,11.6,15.0,24.9,46.1,1,4.22
2020-01-29,20.9,13.0,16.0,0.0,0.0,0.0,24.5,46.4,356,14.82
2020-01-30,19.9,11.3,14.7,0.0,0.0,0.0,26.7,49.3,358,19.04
2020-01-31,18.6,9.2,14.6,0.0,0.0,0.0,25.6,47.9,313,19.63
2020-02-01,20.8,12.6,17.0,0.0,0.0,0.0,14.8,35.3,326,18.12
2020-02-02,22.0,12.8,17.7,0.0,0.0,0.0,14.5,33.8,327,18.39
2020-02-03,22.6,14.3,18.7,0.2,0.2,2.0,15.2,36.0,330,17.9
2020-02-04,24.0,15.1,19.3,0.0,0.0,0.0,22.2,46.8,338,16.96
2020-02-05,24.5,16.0,19.6,0.0,0.0,0.0,18.6,37.1,341,18.19
2020-02-06,24.0,14.9,19.6,0.2,0.2,1.0,20.8,44.3,313,17.42
2020-02-07,25.9,16.7,20.4,0.0,0.0,0.0,24.4,49.3,350,18.52
2020-02-08,23.3,15.6,19.0,0.0,0.0,0.0,25.2,47.2,338,17.39
2020-02-09,21.7,14.8,18.3,0.0,0.0,0.0,16.3,31.3,338,14.64
2020-02-10,22.6,16.6,19.3,0.0,0.0,0.0,16.9,37.4,315,17.25
2020-02-11,23.5,18.6,20.9,0.8,0.8,5.0,15.3,34.2,330,10.64
2020-02-12,27.6,17.9,22.8,0.0,0.0,0.0,25.9,52.6,158,18.21
2020-02-13,26.7,20.7,23.2,3.7,3.7,6.0,31.4,62.6,159,15.92
2020-02-14,27.7,20.7,24.3,1.2,1.2,7.0,26.6,53.6,168,17.04
2020-02-15,28.8,22.0,25.3,0.0,0.0,0.0,34.2,67.3,163,19.32
2020-02-16,26.9,13.8,21.7,2.8,2.8,12.0,28.8,56.9,349,13.5
2020-02-17,18.4,12.6,14.7,3.7,3.7,18.0,24.1,45.4,3,5.76
2020-02-18,20.0,11.2,16.7,0.0,0.0,0.0,14.1,31.3,265,17.81
2020-02-19,21.5,14.0,18.0,0.0,0.0,0.0,20.4,44.3,309,18.44
2020-02-20,23.5,15.0,19.4,0.0,0.0,0.0,18.4,41.0,325,19.96
2020-02-21,24.5,16.3,20.3,0.0,0.0,0.0,15.7,36.7,326,20.6
2020-02-22,24.9,16.9,20.9,0.0,0.0,0.0,18.3,40.7,318,19.06
2020-02-23,24.4,17.8,21.0,0.0,0.0,0.0,15.7,37.1,288,18.06
2020-02-24,25.5,19.1,22.0,0.0,0.0,0.0,16.9,38.5,298,19.47
2020-02-25,28.0,18.8,23.4,0.0,0.0,0.0,17.7,40.3,327,20.7
2020-02-26,28.5,20.4,24.2,0.0,0.0,0.0,21.1,42.8,326,19.71
2020-02-27,26.8,19.4,23.2,0.1,0.1,1.0,16.3,37.4,319,17.06
2020-02-28,25.9,19.8,22.7,0.0,0.0,0.0,17.7,40.7,315,18.11
2020-02-29,26.8,20.6,23.5,1.1,1.1,7.0,11.9,36.0,290,18.01
2020-03-01,27.2,21.3,23.8,0.0,0.0,0.0,20.5,44.3,328,19.42
2020-03-02,26.0,18.5,22.3,0.0,0.0,0.0,16.0,37.8,323,18.79
2020-03-03,25.9,18.2,22.2,0.0,0.0,0.0,17.6,41.8,319,21.36
2020-03-04,27.0,19.2,23.0,0.2,0.2,2.0,21.8,43.9,331,18.13
2020-03-05,24.1,18.0,20.9,0.1,0.1,1.0,22.0,42.8,339,14.44
2020-03-06,23.8,19.0,21.3,0.0,0.0,0.0,11.5,28.8,302,11.95
2020-03-07,28.1,19.9,23.7,0.0,0.0,0.0,14.3,34.2,324,19.34
2020-03-08,27.8,20.1,23.9,0.0,0.0,0.0,13.2,33.5,307,21.3
2020-03-09,28.4,21.3,24.8,0.2,0.2,2.0,20.6,44.3,185,19.9
2020-03-10,26.6,19.9,23.8,4.0,4.0,7.0,23.4,45.0,338,12.27
2020-03-11,24.6,18.3,21.9,0.0,0.0,0.0,20.3,44.3,287,18.09
2020-03-12,28.4,20.3,24.6,1.3,1.3,4.0,20.0,40.7,195,19.0
2020-03-13,29.1,21.9,24.8,0.5,0.5,4.0,22.1,46.4,336,19.29
2020-03-14,22.7,18.2,20.7,1.1,1.1,8.0,15.4,33.1,350,5.86
2020-03-15,23.4,17.2,20.3,0.0,0.0,0.0,17.3,33.8,311,21.03
2020-03-16,25.3,17.1,21.8,0.0,0.0,0.0,16.4,38.5,293,20.3
2020-03-17,25.8,18.2,22.6,0.0,0.0,0.0,15.1,36.7,252,20.18
2020-03-18,27.6,19.1,23.5,0.0,0.0,0.0,21.4,46.4,192,19.6
2020-03-19,27.5,21.2,24.3,0.4,0.4,2.0,17.1,38.9,315,19.51
2020-03-20,26.6,20.5,23.9,0.0,0.0,0.0,16.7,38.5,310,20.59
2020-03-21,27.6,20.7,24.2,0.0,0.0,0.0,15.8,37.8,210,21.77
2020-03-22,27.7,22.4,24.9,0.0,0.0,0.0,17.1,39.2,284,21.13
2020-03-23,28.3,21.8,25.2,0.0,0.0,0.0,19.4,43.6,323,22.75
2020-03-24,27.1,21.0,24.4,0.0,0.0,0.0,21.1,45.0,309,20.22
2020-03-25,28.8,21.1,24.9,0.3,0.3,3.0,16.2,38.9,304,21.41
2020-03-26,31.1,21.5,26.3,0.0,0.0,0.0,31.5,62.6,164,22.15
2020-03-27,29.5,24.6,26.6,1.5,1.5,6.0,18.9,40.7,163,20.76
2020-03-28,28.3,19.0,23.9,4.9,4.9,9.0,28.0,56.9,349,17.46
2020-03-29,24.4,17.3,21.4,0.0,0.0,0.0,14.4,35.3,292,23.19
2020-03-30,29.4,19.6,24.1,0.0,0.0,0.0,14.5,35.3,324,21.8
2020-03-31,28.6,20.9,24.6,0.0,0.0,0.0,13.2,33.1,313,21.52
2020-04-01,27.9,22.1,24.6,0.3,0.3,3.0,22.7,47.2,335,18.72
2020-04-02,27.7,20.7,23.0,0.5,0.5,2.0,15.9,37.1,334,14.91
2020-04-03,26.5,20.8,23.6,0.0,0.0,0.0,19.4,42.8,318,21.31
2020-04-04,28.8,20.2,23.7,0.0,0.0,0.0,26.7,55.8,342,17.77
2020-04-05,25.7,18.9,22.3,0.0,0.0,0.0,15.1,36.0,320,20.96
2020-04-06,23.1,19.6,21.0,12.9,12.9,14.0,16.5,33.1,343,6.94
2020-04-07,26.7,19.3,22.2,24.6,24.6,8.0,25.2,51.5,342,20.24
2020-04-08,25.6,18.5,22.3,0.0,0.0,0.0,12.6,32.8,312,23.09
2020-04-09,28.1,19.9,23.6,0.0,0.0,0.0,26.9,54.7,328,23.14
2020-04-10,26.3,20.0,23.4,0.1,0.1,1.0,19.9,43.6,275,23.23
2020-04-11,27.2,21.5,24.3,0.0,0.0,0.0,17.1,39.6,313,22.57
2020-04-12,26.4,18.3,22.2,1.4,1.4,7.0,29.7,60.5,350,22.66
2020-04-13,25.4,15.9,20.3,0.0,0.0,0.0,24.5,52.2,346,25.84
2020-04-14,24.4,17.1,21.2,0.0,0.0,0.0,18.6,39.2,275,18.21
2020-04-15,26.3,17.8,22.5,0.0,0.0,0.0,24.7,52.2,331,24.52
2020-04-16,26.3,17.7,22.7,0.0,0.0,0.0,17.2,40.3,315,25.05
2020-04-17,28.6,19.0,24.3,0.0,0.0,0.0,16.9,40.0,292,25.58
2020-04-18,30.4,21.7,26.2,0.0,0.0,0.0,18.5,41.8,184,24.61
2020-04-19,29.4,24.4,26.4,0.0,0.0,0.0,18.6,38.5,180,15.88
2020-04-20,29.3,23.9,26.2,0.0,0.0,0.0,15.5,37.8,277,24.67
2020-04-21,29.1,23.4,26.0,0.0,0.0,0.0,15.1,34.9,300,19.47
2020-04-22,28.5,21.7,25.3,0.1,0.1,1.0,17.7,40.7,326,22.38
2020-04-23,27.1,21.6,24.0,0.3,0.3,2.0,15.3,34.2,331,12.74
2020-04-24,25.0,19.6,22.5,0.0,0.0,0.0,17.6,39.2,339,13.28
2020-04-25,26.4,21.0,23.6,0.0,0.0,0.0,16.8,37.1,324,16.4
2020-04-26,29.6,21.9,25.4,0.0,0.0,0.0,27.0,54.7,341,20.94
2020-04-27,28.4,21.6,25.1,0.0,0.0,0.0,17.2,41.0,292,23.87
2020-04-28,28.3,23.3,25.5,2.4,2.4,10.0,16.2,38.9,235,21.28
2020-04-29,28.4,23.1,25.4,0.6,0.6,3.0,17.0,39.2,260,23.97
2020-04-30,29.1,22.2,25.6,0.0,0.0,0.0,18.0,41.0,299,24.2
2020-05-01,30.4,23.4,27.0,0.0,0.0,0.0,22.9,49.0,308,22.96
2020-05-02,30.8,24.0,27.4,1.0,1.0,5.0,19.3,43.2,205,24.09
2020-05-03,30.0,24.7,27.1,0.0,0.0,0.0,18.1,41.0,245,24.58
2020-05-04,30.4,25.4,27.5,0.0,0.0,0.0,18.1,41.8,257,25.8
2020-05-05,30.4,24.2,27.3,0.0,0.0,0.0,16.8,39.2,211,26.05
2020-05-06,30.8,25.4,27.9,0.0,0.0,0.0,16.9,40.0,280,25.65
2020-05-07,30.7,25.6,28.2,0.0,0.0,0.0,16.3,38.9,286,24.97
2020-05-08,30.9,25.7,28.3,0.0,0.0,0.0,13.2,34.2,239,21.65
2020-05-09,31.1,26.2,28.5,0.1,0.1,1.0,18.4,42.1,274,24.29
2020-05-10,31.3,26.3,28.6,0.0,0.0,0.0,24.4,52.2,280,24.21
2020-05-11,31.0,26.5,28.8,5.9,5.9,11.0,12.0,32.4,295,20.24
2020-05-12,31.5,24.9,28.1,4.2,4.2,7.0,22.8,47.9,333,21.05
2020-05-13,30.2,24.3,27.6,0.3,0.3,2.0,14.4,35.3,288,24.97
2020-05-14,30.2,24.8,27.8,0.3,0.3,2.0,15.5,37.1,282,26.28
2020-05-15,33.9,25.1,29.5,0.0,0.0,0.0,33.9,66.6,179,26.44
2020-05-16,34.1,26.4,29.9,7.2,7.2,3.0,33.1,66.6,163,22.15
2020-05-17,33.2,26.2,28.7,13.0,13.0,11.0,22.1,48.6,330,21.34
2020-05-18,30.5,25.8,28.0,4.9,4.9,15.0,16.0,34.9,286,19.53
2020-05-19,27.7,23.8,25.6,35.3,35.3,20.0,15.2,35.3,242,10.09
2020-05-20,29.1,23.6,25.9,29.7,29.7,22.0,22.8,49.0,189,15.68
2020-05-21,27.9,24.1,25.6,33.8,33.8,21.0,15.9,36.4,164,6.98
2020-05-22,27.4,25.8,26.2,94.0,94.0,24.0,26.1,65.5,207,3.48
2020-05-23,27.9,25.7,26.8,19.1,19.1,20.0,31.0,57.6,245,11.94
2020-05-24,29.3,25.4,27.1,42.2,42.2,12.0,17.3,35.3,193,20.9
2020-05-25,29.4,25.3,27.5,1.8,1.8,6.0,16.5,33.5,198,22.42
2020-05-26,29.1,25.9,27.4,15.0,15.0,21.0,14.9,40.3,215,19.88
2020-05-27,28.5,25.5,26.8,18.5,18.5,16.0,23.0,50.0,226,11.82
2020-05-28,29.5,25.5,26.9,13.3,13.3,20.0,12.1,31.7,181,18.33
2020-05-29,29.7,25.5,27.5,5.8,5.8,9.0,14.8,37.1,174,22.36
2020-05-30,30.1,25.9,27.8,4.2,4.2,17.0,12.0,34.6,194,23.38
2020-05-31,30.3,25.8,28.2,0.0,0.0,0.0,12.4,30.6,298,25.64
2020-06-01,30.6,25.7,28.4,0.0,0.0,0.0,11.2,28.4,245,26.12
2020-06-02,30.6,26.1,28.4,0.0,0.0,0.0,11.5,28.8,269,26.68
2020-06-03,30.6,26.0,28.5,0.0,0.0,0.0,11.7,29.5,264,27.14
2020-06-04,31.3,25.8,28.5,0.0,0.0,0.0,11.7,28.4,291,25.88
2020-06-05,30.6,26.4,28.4,4.3,4.3,11.0,11.4,33.1,211,21.76
2020-06-06,30.3,26.3,28.0,9.7,9.7,11.0,14.5,42.8,229,17.99
2020-06-07,31.0,26.0,28.1,3.0,3.0,5.0,12.2,32.0,235,22.01
2020-06-08,30.5,25.8,27.5,8.8,8.8,12.0,15.2,34.2,172,11.49
2020-06-09,29.7,25.7,27.9,0.7,0.7,3.0,11.6,20.9,148,6.56
2020-06-10,31.0,26.4,28.8,2.4,2.4,11.0,14.1,31.3,168,22.66
2020-06-11,31.3,26.2,29.0,0.0,0.0,0.0,13.3,26.6,188,24.37
2020-06-12,32.0,26.3,29.2,1.3,1.3,4.0,15.7,46.4,322,24.26
2020-06-13,33.5,26.7,29.8,0.2,0.2,2.0,35.4,68.0,156,25.16
2020-06-14,31.5,27.8,29.3,0.2,0.2,2.0,33.2,62.6,167,25.61
2020-06-15,31.2,26.5,29.1,0.9,0.9,8.0,14.5,34.9,205,25.5
2020-06-16,31.1,26.3,28.9,0.1,0.1,1.0,16.8,37.4,312,26.13
2020-06-17,31.3,26.5,28.9,0.2,0.2,2.0,14.5,33.5,289,26.45
2020-06-18,31.7,26.9,29.2,0.1,0.1,1.0,15.8,36.0,282,26.28
2020-06-19,31.8,27.0,29.3,1.1,1.1,4.0,15.8,35.6,286,25.44
2020-06-20,31.9,26.4,29.3,0.3,0.3,2.0,14.5,33.8,270,26.15
2020-06-21,30.7,26.8,28.9,2.1,2.1,7.0,14.8,40.3,274,20.62
2020-06-22,31.5,27.6,29.5,5.1,5.1,14.0,15.7,35.6,284,21.43
2020-06-23,31.1,27.5,29.4,2.0,2.0,9.0,12.3,31.3,280,22.72
2020-06-24,31.7,27.3,29.3,1.2,1.2,8.0,16.4,37.1,258,22.81
2020-06-25,31.1,26.7,28.8,2.1,2.1,11.0,11.0,36.4,182,19.6
2020-06-26,31.7,27.7,29.4,0.8,0.8,2.0,10.6,26.3,172,20.34
2020-06-27,32.3,27.8,30.0,0.1,0.1,1.0,19.8,41.0,173,25.67
2020-06-28,32.2,27.7,30.0,0.8,0.8,7.0,22.9,42.1,172,24.81
2020-06-29,31.6,26.8,29.4,5.2,5.2,10.0,25.2,46.8,187,23.19
2020-06-30,30.5,26.8,28.3,10.2,10.2,24.0,19.8,38.5,172,20.26
2020-07-01,30.9,26.7,28.2,8.2,8.2,17.0,21.2,45.0,164,15.78
2020-07-02,30.8,27.3,28.5,3.8,3.8,13.0,18.9,42.1,161,17.09
2020-07-03,32.1,27.7,29.7,0.7,0.7,5.0,23.6,49.7,173,26.29
2020-07-04,31.8,27.1,29.3,0.1,0.1,1.0,11.4,29.5,184,24.34
2020-07-05,31.8,26.9,29.4,0.8,0.8,6.0,14.0,33.5,190,24.56
2020-07-06,30.4,27.4,28.9,2.4,2.4,7.0,11.2,30.6,198,21.6
2020-07-07,31.2,26.5,28.9,8.2,8.2,15.0,14.5,37.8,219,21.21
2020-07-08,31.5,26.8,29.3,3.7,3.7,13.0,10.7,31.3,236,22.77
2020-07-09,31.9,26.8,29.6,3.6,3.6,8.0,13.3,38.2,243,20.74
2020-07-10,32.4,28.0,30.2,0.0,0.0,0.0,10.9,33.5,242,24.92
2020-07-11,32.1,27.3,29.6,0.7,0.7,4.0,12.7,31.3,269,25.87
2020-07-12,32.6,26.8,29.7,0.9,0.9,5.0,15.1,34.6,300,25.83
2020-07-13,32.4,27.5,29.9,1.3,1.3,5.0,15.5,36.0,312,23.8
2020-07-14,32.3,27.5,29.5,2.4,2.4,11.0,12.2,30.6,302,21.57
2020-07-15,29.2,26.1,27.4,17.3,17.3,18.0,13.7,31.3,198,12.37
2020-07-16,31.2,26.1,28.7,7.0,7.0,14.0,10.9,31.3,275,21.74
2020-07-17,31.5,27.3,29.2,2.0,2.0,10.0,13.4,32.4,258,23.55
2020-07-18,32.1,27.6,29.9,0.0,0.0,0.0,12.0,29.5,246,25.34
2020-07-19,32.3,27.5,30.0,0.4,0.4,4.0,13.0,31.3,191,24.31
2020-07-20,31.9,27.2,29.6,3.1,3.1,8.0,17.6,36.4,169,22.41
2020-07-21,32.6,26.1,29.1,6.1,6.1,9.0,11.9,29.5,355,23.92
2020-07-22,32.3,26.7,29.3,2.7,2.7,4.0,12.3,31.3,310,23.41
2020-07-23,33.2,26.8,29.7,4.3,4.3,9.0,12.1,29.9,29,23.36
2020-07-24,32.4,27.2,29.8,0.9,0.9,4.0,13.3,33.1,200,23.63
2020-07-25,31.5,27.2,29.6,2.1,2.1,9.0,15.0,27.4,200,18.48
2020-07-26,31.5,27.4,29.3,4.3,4.3,16.0,11.6,28.8,195,20.33
2020-07-27,31.1,27.0,29.0,1.4,1.4,10.0,14.1,32.8,183,21.82
2020-07-28,30.6,26.7,28.4,14.7,14.7,14.0,15.5,33.1,184,15.79
2020-07-29,31.8,26.2,28.2,12.6,12.6,8.0,14.0,32.4,348,20.19
2020-07-30,31.2,26.1,28.7,7.6,7.6,11.0,11.2,30.6,320,13.6
2020-07-31,33.5,27.0,30.1,1.9,1.9,2.0,10.9,28.1,279,19.5
2020-08-01,32.1,27.4,29.5,3.3,3.3,8.0,14.1,39.2,296,23.63
2020-08-02,31.2,26.5,28.4,6.5,6.5,14.0,12.1,31.0,246,21.41
2020-08-03,28.5,26.0,26.9,58.8,58.8,24.0,21.2,43.6,204,13.46
2020-08-04,28.2,25.7,27.1,30.6,30.6,22.0,25.6,54.0,166,7.21
2020-08-05,33.2,27.2,29.4,5.1,5.1,8.0,23.1,41.8,180,21.48
2020-08-06,31.3,26.2,28.8,4.2,4.2,8.0,13.6,34.6,285,22.24
2020-08-07,31.2,26.6,28.8,1.7,1.7,5.0,12.2,30.6,297,21.74
2020-08-08,31.8,26.0,28.6,6.5,6.5,13.0,13.8,32.4,333,22.25
2020-08-09,31.0,26.4,28.6,2.4,2.4,11.0,18.4,40.7,322,22.05
2020-08-10,31.9,26.6,28.7,8.5,8.5,11.0,37.7,76.0,154,15.02
2020-08-11,28.3,26.3,27.4,13.2,13.2,19.0,38.5,74.2,161,11.71
2020-08-12,32.1,26.5,29.4,1.1,1.1,1.0,27.9,55.4,170,22.74
2020-08-13,30.8,25.6,27.9,8.1,8.1,7.0,12.3,31.0,349,20.18
2020-08-14,30.6,26.0,27.7,13.1,13.1,18.0,11.2,28.8,319,19.74
2020-08-15,30.0,24.8,27.5,4.8,4.8,8.0,10.5,27.0,311,20.8
2020-08-16,31.2,25.4,27.7,20.4,20.4,6.0,11.4,29.2,349,20.15
2020-08-17,30.8,25.8,28.2,3.9,3.9,6.0,15.2,35.3,283,21.38
2020-08-18,31.2,26.4,28.8,4.7,4.7,7.0,18.0,40.0,311,22.67
2020-08-19,32.2,26.6,28.4,23.5,23.5,7.0,11.9,31.3,342,19.16
2020-08-20,31.0,26.9,29.1,0.9,0.9,6.0,14.1,33.1,302,23.52
2020-08-21,31.4,26.3,28.3,7.9,7.9,13.0,14.3,30.6,185,21.79
2020-08-22,29.1,25.2,27.0,21.7,21.7,24.0,22.0,44.3,237,13.42
2020-08-23,30.2,25.8,27.7,18.0,18.0,17.0,20.5,46.4,302,21.37
2020-08-24,29.6,25.9,27.5,7.4,7.4,21.0,15.8,35.3,188,19.77
2020-08-25,29.1,26.3,27.3,15.0,15.0,22.0,14.7,33.8,257,13.28
2020-08-26,28.1,25.3,26.6,58.2,58.2,24.0,12.8,34.2,190,10.22
2020-08-27,28.9,25.6,26.9,43.3,43.3,23.0,21.6,47.5,175,14.09
2020-08-28,28.3,26.2,27.1,21.4,21.4,22.0,16.5,40.0,184,13.87
2020-08-29,30.4,26.2,28.2,2.3,2.3,9.0,10.7,27.7,189,20.02
2020-08-30,30.9,26.8,28.7,5.1,5.1,15.0,9.7,35.6,321,18.37
2020-08-31,30.5,26.4,27.9,4.8,4.8,11.0,13.2,32.8,177,19.57
2020-09-01,30.4,26.2,28.1,3.8,3.8,13.0,29.0,58.3,333,19.74
2020-09-02,30.3,26.1,27.8,8.6,8.6,20.0,11.8,29.5,176,17.15
2020-09-03,30.3,26.1,28.1,8.0,8.0,15.0,8.6,28.1,210,19.52
2020-09-04,30.1,26.1,27.8,1.3,1.3,8.0,11.2,28.8,187,20.89
2020-09-05,30.7,26.1,27.8,2.9,2.9,10.0,14.0,32.8,355,18.62
2020-09-06,31.1,23.1,26.7,0.0,0.0,0.0,21.9,43.9,347,25.31
2020-09-07,30.1,22.1,27.3,0.0,0.0,0.0,11.8,29.9,231,24.99
2020-09-08,30.9,25.5,28.2,0.0,0.0,0.0,19.8,42.8,336,23.76
2020-09-09,31.0,25.3,28.3,0.0,0.0,0.0,13.0,31.0,329,23.63
2020-09-10,30.9,26.2,28.2,0.5,0.5,3.0,9.0,24.8,58,19.69
2020-09-11,30.8,26.5,28.4,2.3,2.3,11.0,13.0,31.3,171,19.83
2020-09-12,30.2,26.3,28.0,4.9,4.9,8.0,8.4,24.8,146,16.65
2020-09-13,30.8,25.3,28.2,5.3,5.3,6.0,10.7,28.1,331,17.57
2020-09-14,31.3,26.0,28.7,2.9,2.9,11.0,10.1,27.4,238,20.93
2020-09-15,30.9,26.1,28.5,3.8,3.8,11.0,10.2,27.7,272,19.82
2020-09-16,31.6,25.9,28.8,1.4,1.4,6.0,15.1,34.6,304,21.99
2020-09-17,31.8,26.5,29.1,0.5,0.5,4.0,18.2,39.2,298,21.68
2020-09-18,32.2,26.9,29.0,3.7,3.7,10.0,9.4,28.4,209,20.54
2020-09-19,31.0,26.2,28.1,4.5,4.5,16.0,12.2,29.2,349,18.08
2020-09-20,31.0,25.8,28.0,5.2,5.2,13.0,9.0,28.1,286,19.67
2020-09-21,30.7,26.0,28.4,2.4,2.4,7.0,11.2,26.3,187,19.84
2020-09-22,30.3,26.2,28.2,3.1,3.1,15.0,16.2,33.1,209,18.45
2020-09-23,30.6,26.1,28.4,0.6,0.6,6.0,11.6,29.2,273,21.29
2020-09-24,30.6,25.9,28.0,1.0,1.0,5.0,17.9,38.2,342,19.45
2020-09-25,29.7,24.9,27.1,0.7,0.7,3.0,12.3,28.8,331,17.56
2020-09-26,29.9,24.7,27.5,0.0,0.0,0.0,13.6,32.8,258,20.73
2020-09-27,30.4,25.5,27.9,1.2,1.2,8.0,14.1,31.3,306,19.51
2020-09-28,30.7,24.3,27.5,0.0,0.0,0.0,18.7,40.7,338,21.44
2020-09-29,29.5,24.4,27.0,0.1,0.1,1.0,12.4,31.3,331,21.19
2020-09-30,30.4,24.6,27.6,0.1,0.1,1.0,13.3,31.0,282,20.38
2020-10-01,29.8,25.1,27.4,0.4,0.4,4.0,16.2,35.6,214,18.08
2020-10-02,29.8,25.0,27.5,0.3,0.3,3.0,17.7,38.9,223,20.66
2020-10-03,30.2,25.6,27.7,0.0,0.0,0.0,17.1,37.8,324,19.63
2020-10-04,30.2,25.3,27.5,0.0,0.0,0.0,13.4,32.8,256,22.0
2020-10-05,30.4,25.2,27.8,0.0,0.0,0.0,15.5,36.0,228,19.88
2020-10-06,29.8,24.7,27.4,0.5,0.5,3.0,11.9,30.2,20,17.22
2020-10-07,29.4,24.2,26.9,0.0,0.0,0.0,12.7,29.5,307,18.1
2020-10-08,29.0,24.9,26.8,0.0,0.0,0.0,16.4,34.9,211,14.21
2020-10-09,29.8,23.9,26.9,0.0,0.0,0.0,19.2,40.7,340,18.56
2020-10-10,30.4,23.5,27.0,0.2,0.2,2.0,17.0,38.9,339,18.49
2020-10-11,30.3,23.6,27.1,0.9,0.9,3.0,13.7,33.8,314,19.71
2020-10-12,30.8,24.8,27.9,0.0,0.0,0.0,15.8,36.0,296,20.02
2020-10-13,31.1,24.8,28.0,0.1,0.1,1.0,17.5,38.2,304,19.53
2020-10-14,30.7,25.4,27.9,0.4,0.4,4.0,14.8,35.3,279,17.82
2020-10-15,29.9,25.1,27.5,0.5,0.5,3.0,19.8,43.6,249,18.31
2020-10-16,29.9,24.4,27.4,1.4,1.4,7.0,14.2,33.1,286,16.05
2020-10-17,29.0,24.6,26.8,4.2,4.2,10.0,14.3,33.8,216,16.55
2020-10-18,28.7,23.4,26.0,1.9,1.9,17.0,13.4,31.7,352,16.46
2020-10-19,29.5,23.1,26.4,0.1,0.1,1.0,15.2,33.5,326,17.41
2020-10-20,31.0,23.2,26.7,0.0,0.0,0.0,20.2,41.4,332,20.08
2020-10-21,29.9,24.3,27.0,3.2,3.2,4.0,13.6,32.4,300,15.15
2020-10-22,29.7,21.5,26.0,7.7,7.7,13.0,24.6,47.2,351,11.94
2020-10-23,26.6,21.0,23.4,2.3,2.3,9.0,22.0,41.8,346,11.26
2020-10-24,26.2,21.9,24.5,0.0,0.0,0.0,9.9,23.0,298,6.94
2020-10-25,28.4,23.6,26.0,0.0,0.0,0.0,16.3,37.4,244,17.33
2020-10-26,28.8,24.5,26.7,0.0,0.0,0.0,15.0,34.6,260,18.54
2020-10-27,29.4,23.5,26.8,0.0,0.0,0.0,14.6,33.5,264,18.58
2020-10-28,29.3,23.7,27.0,0.1,0.1,1.0,14.4,34.9,264,18.25
2020-10-29,29.2,24.1,26.8,1.6,1.6,10.0,16.3,35.6,247,17.24
2020-10-30,28.6,22.6,25.5,2.3,2.3,7.0,15.9,35.3,337,13.13
2020-10-31,27.0,23.6,25.2,1.7,1.7,4.0,14.3,29.5,237,13.13
2020-11-01,28.3,21.9,25.1,0.0,0.0,0.0,17.2,36.7,281,16.48
2020-11-02,29.1,20.8,25.2,0.0,0.0,0.0,19.4,42.8,326,19.09
2020-11-03,28.8,21.2,25.1,0.0,0.0,0.0,19.4,40.0,335,16.83
2020-11-04,27.1,23.4,24.9,0.0,0.0,0.0,16.6,38.2,205,15.23
2020-11-05,27.4,22.5,25.1,0.1,0.1,1.0,14.5,33.8,272,16.92
2020-11-06,31.7,22.6,25.8,20.3,20.3,9.0,27.0,54.0,341,13.17
2020-11-07,28.0,24.1,25.7,37.5,37.5,17.0,23.2,44.3,121,5.02
2020-11-08,27.9,21.6,24.4,0.1,0.1,1.0,19.4,37.1,348,16.78
2020-11-09,25.2,21.8,22.9,4.4,4.4,9.0,12.0,24.5,334,6.4
2020-11-10,24.8,20.6,22.6,0.5,0.5,4.0,11.9,22.3,332,7.15
2020-11-11,26.4,21.0,23.6,0.0,0.0,0.0,10.2,28.1,314,15.94
2020-11-12,26.5,20.7,24.0,0.0,0.0,0.0,10.7,26.6,328,11.98
2020-11-13,25.5,22.7,24.2,0.2,0.2,2.0,14.4,27.4,358,5.08
2020-11-14,27.5,22.4,24.8,0.0,0.0,0.0,17.1,36.4,281,8.94
2020-11-15,26.4,22.2,24.1,0.1,0.1,1.0,10.8,26.3,267,10.08
2020-11-16,27.6,22.1,24.6,0.0,0.0,0.0,14.2,32.0,299,14.8
2020-11-17,27.8,22.0,24.7,0.0,0.0,0.0,15.6,34.9,308,16.14
2020-11-18,28.6,21.4,25.2,0.0,0.0,0.0,15.6,34.9,323,17.12
2020-11-19,29.4,22.2,25.6,0.0,0.0,0.0,11.6,28.8,310,16.27
2020-11-20,29.3,23.8,26.4,0.0,0.0,0.0,11.8,28.4,325,15.28
2020-11-21,27.8,23.9,25.7,0.1,0.1,1.0,14.0,32.8,259,13.53
2020-11-22,28.6,23.7,26.0,1.7,1.7,7.0,12.7,30.2,297,14.5
2020-11-23,26.9,22.5,24.9,0.4,0.4,4.0,12.6,32.0,305,14.02
2020-11-24,27.4,22.1,24.7,1.5,1.5,8.0,12.6,31.3,327,13.98
2020-11-25,27.5,21.7,24.3,0.0,0.0,0.0,13.6,31.0,316,14.9
2020-11-26,28.5,21.2,24.3,0.0,0.0,0.0,14.1,34.2,307,16.34
2020-11-27,27.8,20.6,24.0,0.7,0.7,4.0,17.8,36.4,318,15.25
2020-11-28,27.1,19.8,23.2,0.0,0.0,0.0,15.0,31.7,342,15.03
2020-11-29,25.6,19.8,22.9,0.3,0.3,2.0,15.0,33.1,335,13.86
2020-11-30,25.3,20.7,22.9,0.3,0.3,2.0,12.8,27.4,343,8.63
2020-12-01,25.5,20.2,23.0,0.4,0.4,3.0,14.2,33.8,258,13.84
2020-12-02,27.2,20.1,23.3,0.2,0.2,2.0,19.0,35.3,350,13.85
2020-12-03,25.6,18.4,21.0,0.0,0.0,0.0,19.9,39.2,357,9.29
2020-12-04,25.1,17.3,21.0,0.0,0.0,0.0,18.0,34.2,344,14.17
2020-12-05,26.6,18.6,21.8,0.0,0.0,0.0,19.1,34.9,350,13.8
2020-12-06,27.1,17.9,22.5,0.0,0.0,0.0,13.3,29.2,340,13.95
2020-12-07,27.8,20.7,23.6,0.0,0.0,0.0,18.4,37.4,347,12.91
2020-12-08,27.2,20.0,22.6,1.9,1.9,4.0,19.5,37.4,348,11.93
2020-12-09,25.4,19.8,22.2,2.6,2.6,6.0,15.8,30.2,329,12.31
2020-12-10,27.5,21.0,23.4,0.1,0.1,1.0,16.5,32.4,337,13.57
2020-12-11,27.3,20.1,23.8,0.0,0.0,0.0,19.2,40.0,340,14.1
2020-12-12,25.5,20.7,22.9,0.0,0.0,0.0,12.6,27.0,327,12.37
2020-12-13,26.3,19.6,22.6,0.0,0.0,0.0,12.8,30.6,307,15.69
2020-12-14,26.7,19.3,22.2,0.0,0.0,0.0,22.1,44.3,339,14.86
2020-12-15,24.3,16.4,20.0,0.0,0.0,0.0,17.1,34.2,341,13.95
2020-12-16,24.9,17.1,20.4,0.0,0.0,0.0,16.0,34.6,342,14.34
2020-12-17,24.7,16.4,20.3,0.0,0.0,0.0,14.8,31.3,340,14.79
2020-12-18,25.7,18.0,21.2,0.0,0.0,0.0,20.9,40.7,350,10.94
2020-12-19,26.6,17.2,20.8,0.0,0.0,0.0,23.7,46.8,352,15.1
2020-12-20,25.1,16.5,20.1,0.0,0.0,0.0,21.6,41.0,343,13.22
2020-12-21,20.1,17.8,18.9,2.4,2.4,13.0,14.1,28.8,353,3.65
2020-12-22,23.9,17.2,20.3,0.0,0.0,0.0,12.6,27.0,340,11.38
2020-12-23,25.4,19.1,21.5,1.2,1.2,4.0,22.1,44.3,349,11.13
2020-12-24,26.4,18.7,21.6,0.0,0.0,0.0,22.3,41.8,352,14.07
2020-12-25,23.0,17.4,20.2,0.0,0.0,0.0,13.6,29.2,296,14.28
2020-12-26,26.3,17.0,21.4,0.0,0.0,0.0,17.3,33.1,348,16.07
2020-12-27,26.9,18.9,22.5,0.0,0.0,0.0,18.9,40.0,353,11.02
2020-12-28,26.9,19.9,22.9,0.0,0.0,0.0,17.0,32.4,335,15.16
2020-12-29,27.4,19.3,22.7,0.0,0.0,0.0,22.7,45.4,346,14.2
2020-12-30,21.4,12.4,17.4,0.0,0.0,0.0,37.2,71.3,356,12.57
2020-12-31,16.7,10.4,13.6,0.0,0.0,0.0,20.8,40.0,348,10.17
2021-01-01,18.4,11.0,14.8,0.0,0.0,0.0,16.0,33.5,332,15.7
2021-01-02,21.2,12.3,17.0,0.0,0.0,0.0,13.9,32.8,332,16.57
2021-01-03,24.8,14.1,18.9,0.0,0.0,0.0,22.9,46.1,352,16.87
2021-01-04,25.3,15.4,19.5,0.0,0.0,0.0,20.9,41.4,348,16.25
2021-01-05,24.5,17.1,19.8,0.0,0.0,0.0,24.9,48.6,349,15.93
2021-01-06,21.2,15.9,18.7,0.0,0.0,0.0,15.6,33.1,327,13.11
2021-01-07,21.9,14.0,17.6,0.0,0.0,0.0,25.0,49.0,351,8.8
2021-01-08,15.9,10.2,12.4,0.5,0.5,5.0,24.9,48.2,357,5.86
2021-01-09,16.3,10.2,13.0,0.0,0.0,0.0,17.8,37.1,358,6.21
2021-01-10,18.9,10.4,15.3,0.1,0.1,1.0,16.5,37.4,323,15.43
2021-01-11,19.7,12.3,16.0,0.2,0.2,2.0,27.4,53.3,356,11.62
2021-01-12,18.9,10.8,14.3,0.5,0.5,3.0,31.3,59.4,360,12.29
2021-01-13,20.3,11.1,15.4,0.0,0.0,0.0,17.4,38.9,341,17.43
2021-01-14,21.5,11.7,16.7,0.0,0.0,0.0,14.1,33.5,333,17.79
2021-01-15,22.7,12.8,17.7,0.0,0.0,0.0,15.5,36.0,342,17.82
2021-01-16,22.5,12.9,18.0,0.0,0.0,0.0,13.4,33.1,314,17.73
2021-01-17,23.4,13.0,17.2,0.0,0.0,0.0,26.8,52.9,351,14.85
2021-01-18,19.6,11.5,16.0,0.0,0.0,0.0,17.4,34.9,328,16.97
2021-01-19,21.6,13.6,17.7,0.0,0.0,0.0,15.1,34.2,316,14.72
2021-01-20,24.5,15.1,19.7,0.0,0.0,0.0,20.7,44.3,326,17.17
2021-01-21,24.3,18.4,21.7,0.0,0.0,0.0,13.0,29.9,323,9.91
2021-01-22,23.5,20.0,21.6,12.2,12.2,6.0,18.1,37.8,333,6.03
2021-01-23,25.9,18.4,21.3,0.0,0.0,0.0,20.9,44.3,343,15.86
2021-01-24,23.9,16.7,20.2,0.0,0.0,0.0,16.4,37.1,318,16.91
2021-01-25,23.3,16.0,19.7,0.0,0.0,0.0,13.7,33.5,328,16.79
2021-01-26,23.3,17.3,20.5,0.0,0.0,0.0,16.1,35.3,288,17.46
2021-01-27,22.6,16.1,19.5,0.0,0.0,0.0,15.1,35.3,317,16.86
2021-01-28,24.7,15.5,18.9,0.0,0.0,0.0,30.5,62.6,352,18.47
2021-01-29,20.8,14.0,17.9,0.0,0.0,0.0,17.0,36.4,316,16.03
2021-01-30,21.5,16.2,18.9,0.4,0.4,3.0,17.3,38.9,290,16.55
2021-01-31,23.3,15.4,19.0,0.0,0.0,0.0,18.5,40.7,323,17.62
2021-02-01,24.0,14.1,19.1,0.0,0.0,0.0,17.1,38.2,331,19.15
2021-02-02,25.4,15.8,20.4,0.0,0.0,0.0,20.2,43.2,332,19.37
2021-02-03,23.4,15.1,19.8,0.0,0.0,0.0,14.1,33.1,292,18.39
2021-02-04,23.9,16.1,20.0,0.0,0.0,0.0,17.2,38.2,302,18.54
2021-02-05,23.6,16.5,19.9,0.3,0.3,3.0,16.9,38.2,287,17.95
2021-02-06,24.4,16.4,20.1,0.0,0.0,0.0,15.4,36.7,329,19.38
2021-02-07,25.5,16.1,20.7,0.0,0.0,0.0,19.8,41.8,312,19.94
2021-02-08,24.6,17.4,21.2,0.0,0.0,0.0,17.8,40.3,279,18.74
2021-02-09,23.8,16.9,20.5,0.0,0.0,0.0,18.0,41.0,315,16.83
2021-02-10,23.8,18.6,20.9,0.7,0.7,2.0,16.9,40.3,312,14.75
2021-02-11,26.4,17.4,20.6,4.5,4.5,7.0,31.9,59.8,346,15.61
2021-02-12,23.7,16.0,19.6,0.0,0.0,0.0,24.7,50.0,334,18.03
2021-02-13,24.6,17.5,20.6,0.0,0.0,0.0,20.5,43.6,332,16.4
2021-02-14,24.4,17.1,20.1,0.0,0.0,0.0,22.2,45.7,332,18.5
2021-02-15,24.7,16.4,20.2,0.0,0.0,0.0,17.4,40.3,325,19.78
2021-02-16,24.6,17.5,20.7,0.0,0.0,0.0,17.3,40.3,312,18.98
2021-02-17,25.4,16.7,20.4,0.0,0.0,0.0,26.3,53.3,347,19.86
2021-02-18,21.3,15.5,18.1,0.0,0.0,0.0,22.0,46.8,261,20.44
2021-02-19,20.7,15.2,18.1,0.0,0.0,0.0,16.0,37.4,242,18.88
2021-02-20,22.3,15.6,18.6,0.0,0.0,0.0,18.7,42.8,288,19.71
2021-02-21,23.2,14.4,19.2,0.0,0.0,0.0,16.3,38.2,323,21.02
2021-02-22,25.7,16.1,20.6,0.0,0.0,0.0,15.8,37.8,335,21.53
2021-02-23,25.8,18.3,21.7,0.0,0.0,0.0,17.2,37.4,329,12.73
2021-02-24,24.8,18.1,21.5,0.0,0.0,0.0,16.7,38.5,302,19.88
2021-02-25,25.1,20.1,22.4,0.0,0.0,0.0,19.2,42.5,326,18.68
2021-02-26,27.2,19.0,23.0,0.0,0.0,0.0,22.5,48.2,333,20.9
2021-02-27,26.8,18.4,21.9,0.0,0.0,0.0,24.2,49.3,333,18.82
2021-02-28,25.4,18.1,21.5,0.0,0.0,0.0,15.1,37.1,302,21.03
2021-03-01,27.5,19.0,23.1,0.0,0.0,0.0,18.7,42.8,335,20.94
2021-03-02,27.2,18.4,23.2,0.0,0.0,0.0,28.3,58.0,336,18.77
2021-03-03,23.8,18.0,20.8,0.1,0.1,1.0,15.9,37.8,313,18.99
2021-03-04,25.8,18.2,21.9,0.0,0.0,0.0,17.0,40.0,331,18.4
2021-03-05,25.8,19.7,23.0,0.0,0.0,0.0,13.2,33.5,321,15.73
2021-03-06,27.9,20.7,24.0,0.0,0.0,0.0,16.9,35.3,325,19.21
2021-03-07,26.0,19.4,22.5,0.0,0.0,0.0,20.7,45.7,338,18.34
2021-03-08,25.7,18.1,21.5,0.0,0.0,0.0,23.7,49.3,330,20.6
2021-03-09,26.3,18.3,22.3,0.0,0.0,0.0,18.9,42.8,324,21.28
2021-03-10,25.4,18.7,22.4,0.0,0.0,0.0,18.0,41.0,298,21.12
2021-03-11,25.5,19.2,22.1,0.0,0.0,0.0,17.4,40.3,294,20.96
2021-03-12,27.1,18.7,22.9,0.0,0.0,0.0,21.2,46.8,308,21.12
2021-03-13,24.5,19.6,22.5,0.0,0.0,0.0,15.8,35.3,291,19.41
2021-03-14,25.1,18.2,21.8,0.0,0.0,0.0,19.9,45.4,280,20.56
2021-03-15,25.4,19.6,22.4,0.0,0.0,0.0,19.4,44.6,298,21.3
2021-03-16,27.5,19.8,23.6,0.0,0.0,0.0,15.6,37.4,315,22.49
2021-03-17,29.2,20.4,24.8,0.0,0.0,0.0,20.9,45.7,332,22.4
2021-03-18,27.7,19.9,23.9,0.0,0.0,0.0,19.5,43.2,328,22.72
2021-03-19,28.0,20.0,23.7,0.0,0.0,0.0,17.4,40.3,316,22.38
2021-03-20,27.8,20.5,24.1,0.0,0.0,0.0,17.7,41.4,315,22.59
2021-03-21,27.9,18.2,23.0,0.0,0.0,0.0,25.7,53.3,337,22.31
2021-03-22,23.7,17.3,19.8,0.0,0.0,0.0,17.7,37.8,344,13.73
2021-03-23,23.9,18.0,21.0,0.1,0.1,1.0,18.6,40.3,298,15.65
2021-03-24,25.4,18.5,21.4,6.4,6.4,10.0,24.5,49.3,353,14.68
2021-03-25,26.7,16.6,21.6,0.0,0.0,0.0,24.8,50.8,334,23.22
2021-03-26,26.4,18.1,22.4,0.0,0.0,0.0,20.1,44.3,321,22.69
2021-03-27,29.0,20.5,24.6,0.0,0.0,0.0,14.0,35.3,304,22.0
2021-03-28,28.3,22.8,25.2,0.0,0.0,0.0,18.8,40.7,292,22.1
2021-03-29,27.9,22.1,25.1,0.0,0.0,0.0,15.5,37.8,273,23.19
2021-03-30,29.7,23.4,26.0,0.0,0.0,0.0,20.3,45.4,279,22.06
2021-03-31,28.8,22.7,25.9,0.0,0.0,0.0,14.8,36.4,293,23.32
2021-04-01,29.0,23.0,25.8,0.0,0.0,0.0,17.3,41.4,279,21.42
2021-04-02,29.6,23.4,26.0,0.0,0.0,0.0,19.4,43.9,309,23.99
2021-04-03,30.6,22.7,25.8,0.0,0.0,0.0,20.3,44.6,323,23.85
2021-04-04,29.1,22.6,26.0,0.0,0.0,0.0,19.5,43.6,318,22.49
2021-04-05,26.4,22.4,24.2,0.0,0.0,0.0,15.6,37.4,270,19.27
2021-04-06,25.3,20.8,23.4,0.0,0.0,0.0,17.1,38.9,275,17.5
2021-04-07,26.9,21.8,24.1,0.0,0.0,0.0,23.5,50.8,265,16.1
2021-04-08,27.2,20.6,23.8,0.2,0.2,2.0,22.2,44.6,319,13.87
2021-04-09,25.9,19.0,22.5,0.0,0.0,0.0,20.7,43.6,329,13.44
2021-04-10,27.2,19.5,23.3,0.0,0.0,0.0,19.0,41.8,324,23.52
2021-04-11,27.1,20.0,23.8,0.0,0.0,0.0,17.0,40.0,315,23.64
2021-04-12,28.4,21.6,24.8,0.0,0.0,0.0,18.7,43.2,310,24.24
2021-04-13,29.7,21.1,25.4,0.0,0.0,0.0,22.1,48.2,313,24.42
2021-04-14,28.8,22.7,25.5,0.0,0.0,0.0,20.4,43.9,327,20.95
2021-04-15,29.6,21.5,25.0,0.0,0.0,0.0,29.1,58.3,333,21.99
2021-04-16,28.3,21.2,24.9,0.0,0.0,0.0,18.2,40.3,316,24.56
2021-04-17,30.2,22.1,25.9,0.0,0.0,0.0,21.9,47.9,299,22.8
2021-04-18,28.4,23.3,25.6,0.9,0.9,8.0,17.1,40.0,226,21.44
2021-04-19,26.5,21.9,24.4,0.0,0.0,0.0,18.6,41.0,233,19.78
2021-04-20,27.6,22.5,25.0,0.1,0.1,1.0,20.4,45.7,254,22.86
2021-04-21,27.8,22.6,25.4,0.0,0.0,0.0,19.1,43.2,266,24.35
2021-04-22,29.1,23.1,25.7,0.0,0.0,0.0,20.3,45.4,309,23.75
2021-04-23,30.2,23.0,26.4,0.6,0.6,3.0,30.4,61.6,328,21.52
2021-04-24,28.5,23.1,25.9,0.0,0.0,0.0,17.8,38.2,214,24.86
2021-04-25,28.1,23.1,24.7,10.6,10.6,10.0,17.8,38.5,218,11.64
2021-04-26,26.0,22.2,23.8,5.9,5.9,19.0,23.2,46.8,267,13.23
2021-04-27,27.9,22.3,24.8,1.4,1.4,9.0,18.6,38.9,287,17.87
2021-04-28,27.6,21.2,24.9,0.0,0.0,0.0,15.5,37.4,296,22.27
2021-04-29,25.9,22.9,24.3,5.4,5.4,7.0,19.4,40.7,343,10.21
2021-04-30,27.8,21.9,24.8,0.3,0.3,2.0,15.8,38.2,288,25.42
2021-05-01,28.5,23.1,25.6,0.0,0.0,0.0,13.8,34.9,258,22.21
2021-05-02,29.3,21.9,26.1,0.0,0.0,0.0,15.5,37.4,299,20.66
2021-05-03,28.4,23.1,25.5,1.9,1.9,9.0,9.0,24.5,325,9.63
2021-05-04,31.7,23.3,27.5,0.0,0.0,0.0,30.8,61.6,170,25.45
2021-05-05,30.3,25.6,27.8,0.5,0.5,5.0,22.3,43.2,220,22.63
2021-05-06,29.8,24.0,26.9,0.0,0.0,0.0,16.5,39.2,314,25.9
2021-05-07,30.5,23.8,27.3,0.0,0.0,0.0,16.7,41.0,297,25.7
2021-05-08,31.5,25.3,28.0,0.0,0.0,0.0,19.2,41.8,193,25.78
2021-05-09,30.8,24.3,27.5,0.4,0.4,4.0,16.6,39.6,300,25.1
2021-05-10,30.8,25.0,27.7,0.0,0.0,0.0,13.4,33.5,196,22.21
2021-05-11,31.5,25.9,28.5,0.0,0.0,0.0,19.2,37.8,188,26.09
2021-05-12,31.7,26.0,28.6,0.0,0.0,0.0,16.5,39.2,213,26.82
2021-05-13,31.9,26.6,29.1,0.0,0.0,0.0,17.4,40.3,180,26.02
2021-05-14,33.5,26.9,29.7,0.0,0.0,0.0,33.3,65.5,174,27.49
2021-05-15,33.1,27.0,29.8,0.0,0.0,0.0,28.9,59.0,172,27.17
2021-05-16,32.6,27.4,29.4,0.0,0.0,0.0,28.5,52.6,175,27.1
2021-05-17,32.2,27.2,29.4,0.1,0.1,1.0,14.7,36.0,190,25.71
2021-05-18,32.3,27.0,29.4,0.4,0.4,2.0,18.9,42.5,182,25.73
2021-05-19,32.8,27.3,29.7,0.0,0.0,0.0,29.4,60.5,172,26.68
2021-05-20,32.4,27.7,29.7,0.0,0.0,0.0,23.2,42.8,178,24.96
2021-05-21,32.4,27.4,29.8,0.2,0.2,2.0,14.7,36.0,210,24.66
2021-05-22,33.0,27.1,29.8,0.0,0.0,0.0,17.6,41.0,246,24.6
2021-05-23,32.7,27.4,30.0,0.5,0.5,4.0,15.1,37.4,229,25.0
2021-05-24,32.5,27.9,30.0,0.7,0.7,4.0,12.8,32.8,211,23.73
2021-05-25,31.7,26.6,29.0,4.0,4.0,10.0,12.8,33.5,250,23.32
2021-05-26,31.6,26.9,29.2,0.6,0.6,6.0,15.0,36.4,215,24.37
2021-05-27,32.7,27.3,30.0,0.3,0.3,3.0,17.7,40.7,277,26.1
2021-05-28,32.7,27.6,30.1,1.8,1.8,7.0,18.8,42.1,273,24.47
2021-05-29,32.5,27.8,29.5,3.1,3.1,9.0,17.4,40.3,268,20.91
2021-05-30,29.7,25.8,27.6,12.7,12.7,17.0,16.8,40.0,318,13.56
2021-05-31,30.1,26.0,27.9,4.7,4.7,14.0,11.3,32.0,243,17.0
2021-06-01,30.5,26.2,28.1,4.7,4.7,11.0,12.7,31.7,188,17.99
2021-06-02,32.7,27.2,29.6,0.0,0.0,0.0,17.4,39.2,181,25.96
2021-06-03,33.5,25.6,30.0,0.9,0.9,3.0,27.4,50.4,176,26.21
2021-06-04,32.9,27.2,29.7,16.3,16.3,16.0,25.3,56.9,172,22.11
2021-06-05,27.4,25.0,26.2,68.2,68.2,21.0,14.1,34.2,186,5.73
2021-06-06,26.6,25.8,26.2,104.4,104.4,21.0,24.9,53.3,192,3.59
2021-06-07,29.7,25.8,27.7,2.4,2.4,10.0,20.3,44.6,185,13.73
2021-06-08,30.5,25.9,27.8,3.0,3.0,7.0,16.5,42.8,333,19.29
2021-06-09,31.2,25.6,28.3,0.7,0.7,4.0,10.7,36.7,306,22.6
2021-06-10,30.7,25.5,28.2,1.1,1.1,8.0,11.0,38.5,312,21.25
2021-06-11,31.4,25.9,28.7,3.1,3.1,6.0,14.2,36.0,303,22.5
2021-06-12,31.2,26.2,28.8,2.0,2.0,9.0,11.4,43.9,259,21.34
2021-06-13,31.1,26.2,28.3,2.6,2.6,14.0,15.6,31.3,167,20.89
2021-06-14,31.3,25.6,28.8,0.1,0.1,1.0,15.2,34.6,277,25.96
2021-06-15,30.6,26.7,28.3,5.6,5.6,16.0,13.7,36.0,244,20.96
2021-06-16,29.3,26.8,27.9,10.9,10.9,18.0,11.5,34.9,259,17.82
2021-06-17,30.1,26.6,28.0,8.7,8.7,23.0,10.9,30.6,280,20.87
2021-06-18,30.2,26.8,28.3,6.1,6.1,16.0,12.5,34.9,291,21.72
2021-06-19,29.6,26.3,28.0,9.2,9.2,22.0,11.0,34.6,301,18.24
2021-06-20,29.0,26.6,27.7,15.4,15.4,23.0,17.7,40.7,257,14.18
2021-06-21,28.7,25.5,26.7,24.5,24.5,24.0,10.9,41.4,134,11.06
2021-06-22,27.5,24.5,25.6,58.6,58.6,24.0,13.1,41.0,164,5.89
2021-06-23,26.9,23.9,25.6,51.8,51.8,22.0,14.8,37.4,156,2.83
2021-06-24,29.1,24.8,26.5,20.0,20.0,16.0,19.7,42.8,189,15.2
2021-06-25,29.5,25.1,26.4,28.6,28.6,23.0,12.7,36.4,207,14.01
2021-06-26,29.4,25.0,26.9,18.8,18.8,17.0,13.7,37.1,214,19.18
2021-06-27,29.3,24.4,26.4,34.7,34.7,24.0,15.0,41.0,194,15.73
2021-06-28,29.3,24.3,26.3,23.1,23.1,23.0,10.2,32.4,106,13.78
2021-06-29,30.1,25.8,27.1,24.4,24.4,21.0,10.2,30.6,253,14.55
2021-06-30,30.9,26.1,28.3,0.8,0.8,5.0,15.6,35.6,246,24.51
2021-07-01,30.8,26.3,28.5,0.8,0.8,2.0,12.1,28.4,239,25.96
2021-07-02,30.4,26.4,28.6,2.6,2.6,10.0,15.3,34.6,252,23.44
2021-07-03,30.9,25.9,28.5,0.0,0.0,0.0,15.6,34.6,190,25.89
2021-07-04,32.2,25.3,28.9,2.1,2.1,7.0,15.5,34.9,319,24.39
2021-07-05,31.4,26.5,28.6,14.8,14.8,11.0,11.4,33.1,290,21.0
2021-07-06,29.9,26.0,28.1,30.8,30.8,10.0,21.5,49.7,202,20.33
2021-07-07,31.6,27.9,29.6,0.0,0.0,0.0,30.0,55.1,174,27.15
2021-07-08,31.4,25.9,28.4,5.2,5.2,11.0,12.4,31.0,280,22.56
2021-07-09,31.7,25.0,28.8,0.3,0.3,3.0,12.6,28.8,251,25.48
2021-07-10,32.2,25.4,28.8,1.4,1.4,9.0,13.8,33.8,331,25.51
2021-07-11,31.8,26.1,29.1,2.1,2.1,5.0,10.5,27.4,310,22.87
2021-07-12,31.5,26.4,29.0,0.6,0.6,3.0,11.3,30.6,301,21.47
2021-07-13,31.4,26.8,28.9,8.1,8.1,12.0,8.9,28.4,294,22.07
2021-07-14,32.9,26.2,28.4,12.5,12.5,6.0,16.6,36.4,4,21.23
2021-07-15,31.2,25.8,27.7,13.9,13.9,14.0,8.7,26.6,339,18.5
2021-07-16,31.0,25.5,27.9,9.6,9.6,10.0,11.3,29.2,345,19.9
2021-07-17,30.6,25.9,28.1,7.2,7.2,9.0,11.3,28.4,12,21.56
2021-07-18,31.5,25.9,28.4,2.0,2.0,8.0,13.1,31.7,4,23.8
2021-07-19,30.7,26.3,28.0,15.0,15.0,16.0,9.4,25.2,260,18.63
2021-07-20,30.3,25.7,27.4,17.4,17.4,18.0,10.2,28.4,329,16.55
2021-07-21,31.0,26.0,28.5,2.8,2.8,11.0,14.3,33.5,195,22.81
2021-07-22,31.2,26.5,28.8,1.3,1.3,7.0,38.7,75.6,344,17.26
2021-07-23,30.8,27.3,28.8,3.2,3.2,11.0,39.8,78.8,338,20.54
2021-07-24,30.7,26.3,28.4,8.0,8.0,17.0,31.0,61.9,323,21.12
2021-07-25,30.1,26.8,28.0,34.1,34.1,24.0,21.1,39.6,264,17.58
2021-07-26,29.7,26.2,28.0,21.2,21.2,24.0,13.1,33.5,252,17.92
2021-07-27,30.8,26.9,28.7,7.8,7.8,12.0,14.5,34.6,207,23.76
2021-07-28,29.1,25.8,27.3,14.6,14.6,18.0,14.5,30.2,154,13.47
2021-07-29,29.5,25.4,27.4,20.4,20.4,20.0,13.8,33.5,158,15.1
2021-07-30,28.6,26.0,26.8,36.8,36.8,24.0,17.9,42.8,172,10.8
2021-07-31,26.8,25.6,26.3,79.6,79.6,24.0,21.1,43.2,182,4.27
2021-08-01,27.2,24.8,26.3,142.1,142.1,24.0,29.6,56.5,232,1.95
2021-08-02,28.4,25.8,27.0,49.1,49.1,23.0,24.8,47.9,253,8.95
2021-08-03,28.7,25.9,26.9,27.3,27.3,24.0,17.6,40.7,233,11.01
2021-08-04,29.0,26.1,27.0,45.0,45.0,24.0,28.7,60.8,166,11.58
2021-08-05,28.4,26.4,27.1,54.5,54.5,24.0,29.4,63.4,178,7.38
2021-08-06,28.6,26.8,27.4,87.9,87.9,24.0,39.9,76.0,204,5.97
2021-08-07,27.3,26.1,26.9,164.1,164.1,24.0,33.7,67.7,239,3.72
2021-08-08,27.8,25.5,26.5,61.8,61.8,22.0,13.2,27.4,201,8.13
2021-08-09,29.3,25.0,27.3,22.4,22.4,14.0,12.6,29.2,165,15.0
2021-08-10,29.3,25.9,27.6,7.4,7.4,19.0,18.6,38.5,170,15.74
2021-08-11,30.2,26.6,28.3,0.3,0.3,3.0,17.7,33.1,182,22.42
2021-08-12,30.0,26.0,27.6,8.4,8.4,12.0,10.7,27.0,204,18.88
2021-08-13,28.6,25.8,27.0,9.6,9.6,20.0,18.4,36.4,170,16.26
2021-08-14,28.0,25.5,26.6,29.9,29.9,23.0,18.2,38.9,194,15.61
2021-08-15,30.4,26.0,28.0,2.0,2.0,13.0,11.8,29.2,201,22.46
2021-08-16,31.0,25.6,28.3,0.8,0.8,8.0,12.3,30.2,193,23.8
2021-08-17,31.2,26.1,28.6,0.0,0.0,0.0,12.6,30.6,178,25.37
2021-08-18,30.7,26.1,28.5,0.0,0.0,0.0,12.6,31.3,179,22.15
2021-08-19,30.7,26.7,28.6,0.2,0.2,2.0,14.1,33.1,191,22.46
2021-08-20,30.5,26.5,28.3,0.4,0.4,4.0,10.6,27.7,186,22.37
2021-08-21,30.3,26.7,28.1,1.4,1.4,11.0,11.4,30.2,207,19.93
2021-08-22,30.5,26.0,28.3,0.0,0.0,0.0,11.6,29.5,251,22.73
2021-08-23,31.1,26.0,28.6,1.2,1.2,6.0,13.0,30.2,193,23.7
2021-08-24,30.4,26.8,28.4,1.3,1.3,11.0,14.5,33.5,177,21.16
2021-08-25,31.2,26.7,28.8,0.6,0.6,6.0,11.5,29.2,169,23.27
2021-08-26,31.6,25.6,28.1,6.2,6.2,11.0,12.5,30.2,349,22.5
2021-08-27,31.6,25.0,28.1,3.1,3.1,5.0,17.0,37.8,324,23.69
2021-08-28,31.3,25.8,28.4,0.1,0.1,1.0,16.5,36.0,313,24.1
2021-08-29,31.4,26.2,28.6,0.0,0.0,0.0,13.7,34.2,311,23.09
2021-08-30,28.7,26.0,27.6,6.4,6.4,8.0,13.1,28.4,354,7.1
2021-08-31,30.9,26.0,28.4,2.5,2.5,12.0,18.8,40.3,332,19.73
2021-09-01,31.0,25.8,28.1,6.0,6.0,11.0,10.8,28.8,9,20.85
2021-09-02,30.4,25.1,27.6,4.0,4.0,11.0,13.8,29.5,359,21.06
2021-09-03,30.1,24.9,27.5,4.2,4.2,12.0,9.4,25.6,302,20.96
2021-09-04,30.7,25.8,27.4,8.8,8.8,9.0,12.0,30.2,1,17.83
2021-09-05,30.6,25.6,27.4,12.8,12.8,10.0,10.4,27.4,357,18.78
2021-09-06,31.6,25.7,27.9,4.0,4.0,10.0,12.9,29.5,344,20.35
2021-09-07,31.1,25.7,28.1,5.5,5.5,10.0,10.9,27.7,306,21.56
2021-09-08,30.7,26.2,27.9,3.6,3.6,7.0,12.0,29.9,322,20.44
2021-09-09,30.6,25.8,28.4,0.4,0.4,3.0,10.9,28.1,257,21.54
2021-09-10,31.4,26.5,28.9,1.5,1.5,2.0,12.7,29.9,314,22.71
2021-09-11,31.2,27.0,28.6,14.3,14.3,11.0,14.3,33.1,269,14.74
2021-09-12,29.4,26.5,27.8,21.6,21.6,23.0,36.4,71.6,311,13.12
2021-09-13,28.7,25.6,27.3,26.5,26.5,21.0,12.5,32.0,214,13.82
2021-09-14,30.1,25.8,27.8,14.3,14.3,18.0,12.0,28.4,238,17.4
2021-09-15,30.4,25.1,27.5,9.4,9.4,9.0,12.0,31.0,233,19.24
2021-09-16,29.9,24.9,27.7,0.8,0.8,7.0,11.1,28.4,203,21.37
2021-09-17,30.8,26.0,28.5,0.4,0.4,4.0,11.9,29.5,194,22.98
2021-09-18,31.7,26.5,28.6,2.5,2.5,7.0,12.1,30.2,1,20.42
2021-09-19,31.8,26.6,28.8,0.3,0.3,3.0,11.3,28.8,319,21.16
2021-09-20,31.7,26.1,28.7,0.9,0.9,5.0,10.4,27.0,335,22.09
2021-09-21,30.8,26.1,28.3,3.8,3.8,8.0,10.2,27.0,354,19.2
2021-09-22,31.4,26.0,28.3,6.9,6.9,10.0,10.0,27.7,6,20.02
2021-09-23,31.0,25.7,28.3,1.7,1.7,9.0,12.6,30.6,330,19.55
2021-09-24,30.8,25.6,28.2,0.7,0.7,5.0,11.0,28.1,209,19.74
2021-09-25,30.9,25.7,28.4,2.6,2.6,7.0,9.9,30.6,175,19.61
2021-09-26,30.4,25.6,28.2,1.1,1.1,6.0,11.0,27.7,169,19.63
2021-09-27,30.6,25.6,28.2,0.2,0.2,2.0,11.1,28.1,315,20.98
2021-09-28,30.6,25.9,28.4,1.2,1.2,10.0,12.5,29.2,285,19.6
2021-09-29,30.3,26.3,28.4,0.6,0.6,4.0,11.5,28.4,246,19.53
2021-09-30,30.9,26.4,28.5,0.9,0.9,6.0,14.5,33.8,287,20.11
2021-10-01,30.1,25.8,27.9,3.0,3.0,12.0,10.1,26.3,273,19.04
2021-10-02,30.6,25.6,27.8,4.0,4.0,15.0,11.8,29.9,329,19.86
2021-10-03,30.8,25.7,27.9,0.2,0.2,2.0,14.5,33.8,277,20.85
2021-10-04,31.1,25.3,28.2,0.0,0.0,0.0,13.0,32.0,300,21.3
2021-10-05,30.8,24.4,27.9,0.1,0.1,1.0,13.8,31.3,276,21.84
2021-10-06,30.8,25.2,28.5,0.2,0.2,2.0,15.6,30.2,274,20.69
2021-10-07,30.8,26.5,27.8,29.5,29.5,11.0,14.3,33.1,360,12.97
2021-10-08,30.7,25.9,28.4,0.0,0.0,0.0,8.4,23.4,314,13.69
2021-10-09,30.7,26.8,28.5,0.3,0.3,3.0,12.7,35.3,297,19.13
2021-10-10,31.3,25.7,28.4,0.0,0.0,0.0,13.7,32.4,279,20.74
2021-10-11,30.6,25.8,27.2,39.2,39.2,13.0,11.0,27.0,344,10.38
2021-10-12,30.3,25.7,27.9,47.9,47.9,21.0,16.6,51.5,350,9.45
2021-10-13,29.3,25.7,27.3,47.9,47.9,17.0,10.0,24.8,13,6.92
2021-10-14,27.1,25.5,26.1,36.2,36.2,23.0,9.1,20.9,3,5.38
2021-10-15,30.4,24.3,26.9,1.8,1.8,8.0,12.2,29.5,321,19.21
2021-10-16,30.1,24.5,27.1,2.1,2.1,10.0,13.2,30.2,272,19.02
2021-10-17,28.8,23.2,25.7,3.7,3.7,10.0,11.7,28.4,359,18.43
2021-10-18,28.2,22.7,25.8,0.0,0.0,0.0,21.4,42.8,233,18.58
2021-10-19,28.4,23.3,25.7,0.5,0.5,3.0,13.0,30.2,207,19.14
2021-10-20,28.6,23.3,26.1,0.0,0.0,0.0,15.0,33.1,252,18.63
2021-10-21,29.7,23.3,26.3,0.0,0.0,0.0,22.8,43.2,349,19.18
2021-10-22,28.3,21.4,24.7,0.1,0.1,1.0,16.2,30.6,353,18.64
2021-10-23,28.0,22.6,25.3,0.3,0.3,2.0,12.3,28.8,279,17.64
2021-10-24,28.2,23.2,25.1,8.5,8.5,6.0,12.7,28.8,333,17.88
2021-10-25,28.8,21.7,24.8,0.2,0.2,2.0,12.4,28.8,0,17.89
2021-10-26,28.3,22.5,25.2,2.3,2.3,12.0,12.5,29.5,212,18.43
2021-10-27,28.2,23.0,25.4,2.7,2.7,8.0,9.3,25.2,193,18.27
2021-10-28,27.4,23.2,25.5,1.4,1.4,6.0,15.1,33.5,207,17.12
2021-10-29,26.9,22.4,24.7,0.0,0.0,0.0,17.9,37.4,251,18.75
2021-10-30,27.7,22.0,25.0,0.1,0.1,1.0,10.7,24.5,275,18.32
2021-10-31,27.3,21.7,24.8,0.0,0.0,0.0,14.8,32.8,333,18.28
2021-11-01,28.1,21.9,25.3,0.0,0.0,0.0,10.8,27.4,307,18.51
2021-11-02,28.0,22.1,25.3,0.3,0.3,1.0,11.5,28.1,307,17.52
2021-11-03,27.9,22.7,25.4,0.4,0.4,2.0,12.4,29.5,266,18.21
2021-11-04,28.0,22.7,25.4,6.4,6.4,8.0,13.5,31.0,308,16.9
2021-11-05,28.5,22.4,25.5,0.0,0.0,0.0,11.8,27.7,285,17.97
2021-11-06,30.1,23.5,26.3,0.0,0.0,0.0,16.1,31.3,353,18.09
2021-11-07,29.0,22.5,25.3,0.0,0.0,0.0,13.1,30.2,325,18.32
2021-11-08,29.3,20.4,24.7,0.1,0.1,1.0,25.8,50.4,350,17.24
2021-11-09,24.9,19.3,21.4,0.0,0.0,0.0,22.6,42.5,351,13.71
2021-11-10,25.0,18.0,21.1,0.0,0.0,0.0,18.0,37.1,358,17.88
2021-11-11,25.9,16.8,21.3,0.0,0.0,0.0,13.0,25.9,341,17.58
2021-11-12,25.7,19.8,22.8,0.0,0.0,0.0,14.4,27.7,320,13.18
2021-11-13,25.3,19.4,22.1,6.3,6.3,6.0,23.0,41.8,354,12.75
2021-11-14,26.7,18.1,21.8,0.0,0.0,0.0,21.2,40.7,350,17.92
2021-11-15,26.3,19.3,22.9,0.0,0.0,0.0,11.6,28.4,294,17.74
2021-11-16,27.1,20.5,23.8,0.0,0.0,0.0,18.6,37.8,326,17.2
2021-11-17,26.4,20.2,23.4,0.0,0.0,0.0,16.8,32.4,328,17.29
2021-11-18,28.6,21.0,23.9,0.0,0.0,0.0,20.6,41.4,353,17.16
2021-11-19,28.5,20.7,23.9,0.0,0.0,0.0,23.0,44.3,347,17.05
2021-11-20,27.8,20.5,24.0,0.0,0.0,0.0,12.0,28.8,309,16.47
2021-11-21,27.6,21.3,24.3,0.1,0.1,1.0,12.8,28.8,334,16.21
2021-11-22,28.0,20.1,23.3,0.0,0.0,0.0,30.5,57.2,347,16.3
2021-11-23,25.2,18.6,21.0,0.0,0.0,0.0,18.8,35.6,352,11.98
2021-11-24,24.0,16.7,20.7,0.0,0.0,0.0,14.4,29.9,337,16.52
2021-11-25,23.9,19.3,21.6,7.1,7.1,10.0,14.4,30.6,4,7.79
2021-11-26,27.5,20.0,22.8,2.7,2.7,5.0,21.4,41.8,351,14.36
2021-11-27,27.1,18.9,23.2,0.1,0.1,1.0,16.2,31.3,314,15.81
2021-11-28,24.5,22.5,23.2,6.4,6.4,16.0,9.7,23.4,340,3.47
2021-11-29,26.4,21.6,23.5,1.7,1.7,4.0,9.5,24.5,301,11.24
2021-11-30,27.2,20.0,23.2,3.9,3.9,6.0,29.5,55.4,355,14.16
2021-12-01,22.9,16.0,19.2,0.0,0.0,0.0,27.7,50.0,350,15.67
2021-12-02,23.4,14.4,18.9,0.0,0.0,0.0,15.3,30.2,332,16.59
2021-12-03,24.5,14.7,18.9,0.0,0.0,0.0,20.2,36.0,2,16.68
2021-12-04,23.1,13.9,18.9,0.0,0.0,0.0,11.6,27.0,328,16.92
2021-12-05,24.5,15.6,20.7,0.0,0.0,0.0,14.0,30.2,340,16.05
2021-12-06,26.6,16.1,20.7,0.0,0.0,0.0,16.3,28.4,2,16.43
2021-12-07,25.5,17.0,21.4,0.0,0.0,0.0,14.2,29.2,339,16.27
2021-12-08,24.8,18.0,21.4,0.4,0.4,3.0,18.7,39.6,226,14.79
2021-12-09,24.4,19.4,22.3,0.0,0.0,0.0,18.7,33.1,253,14.68
2021-12-10,25.1,17.6,21.5,0.6,0.6,3.0,13.4,31.0,285,15.42
2021-12-11,26.2,18.2,22.1,0.1,0.1,1.0,20.9,42.8,341,15.81
2021-12-12,26.0,18.1,21.6,0.1,0.1,1.0,16.4,32.4,344,15.4
2021-12-13,25.9,16.9,20.9,0.1,0.1,1.0,16.8,29.2,349,15.07
2021-12-14,25.4,17.4,21.1,0.0,0.0,0.0,12.5,29.5,331,15.48
2021-12-15,26.3,18.6,22.2,0.0,0.0,0.0,13.8,31.3,328,15.74
2021-12-16,26.0,18.1,22.0,0.0,0.0,0.0,14.2,32.4,326,16.03
2021-12-17,28.1,17.7,21.7,0.0,0.0,0.0,26.2,50.0,348,15.49
2021-12-18,21.9,15.7,18.8,0.0,0.0,0.0,16.9,33.5,352,6.81
2021-12-19,22.8,18.0,20.3,0.0,0.0,0.0,11.6,24.1,305,10.77
2021-12-20,22.1,19.9,21.0,11.5,11.5,17.0,12.0,26.6,293,6.88
2021-12-21,23.7,19.1,21.4,32.5,32.5,14.0,18.3,37.8,356,4.7
2021-12-22,25.5,19.4,22.0,0.0,0.0,0.0,18.3,32.4,349,10.47
2021-12-23,26.5,19.0,22.4,0.1,0.1,1.0,18.4,37.1,336,14.42
2021-12-24,25.6,19.7,22.1,0.0,0.0,0.0,25.2,48.6,342,14.89
2021-12-25,23.7,18.0,20.5,0.0,0.0,0.0,18.5,36.0,350,8.29
2021-12-26,22.3,15.9,18.5,0.3,0.3,2.0,17.8,32.8,348,10.06
2021-12-27,19.3,15.0,17.2,1.0,1.0,5.0,17.0,33.8,352,6.67
2021-12-28,23.0,14.5,18.6,0.0,0.0,0.0,15.5,31.0,338,15.74
2021-12-29,24.5,16.0,19.4,0.0,0.0,0.0,23.7,45.4,353,15.81
2021-12-30,25.1,15.4,19.4,0.0,0.0,0.0,20.2,36.4,355,14.67
2021-12-31,24.0,14.8,18.9,0.0,0.0,0.0,18.2,38.2,354,15.13
2022-01-01,24.6,15.3,19.4,0.0,0.0,0.0,18.4,33.5,356,15.88
2022-01-02,24.8,15.1,19.4,0.0,0.0,0.0,17.4,31.3,344,16.36
2022-01-03,25.9,15.6,20.0,0.0,0.0,0.0,16.6,33.1,356,16.38
2022-01-04,24.9,16.1,20.4,0.0,0.0,0.0,14.3,30.6,337,15.93
2022-01-05,25.9,19.0,21.9,0.1,0.1,1.0,13.8,27.7,348,10.56
2022-01-06,24.3,17.2,20.5,0.5,0.5,2.0,21.4,42.5,351,11.27
2022-01-07,24.0,15.7,19.1,0.4,0.4,3.0,20.7,40.3,353,12.01
2022-01-08,24.1,15.9,19.7,0.0,0.0,0.0,16.7,32.4,342,16.26
2022-01-09,24.1,15.6,19.3,0.0,0.0,0.0,22.3,42.8,349,16.2
2022-01-10,24.3,15.2,19.1,0.0,0.0,0.0,22.3,42.5,344,15.93
2022-01-11,21.5,15.2,18.1,0.0,0.0,0.0,30.2,55.4,353,15.51
2022-01-12,20.3,15.3,17.3,0.0,0.0,0.0,18.4,37.1,353,10.39
2022-01-13,22.2,14.1,17.3,0.0,0.0,0.0,26.1,50.8,353,17.22
2022-01-14,20.9,11.9,16.7,0.0,0.0,0.0,19.2,36.0,335,16.91
2022-01-15,24.3,15.1,19.1,0.0,0.0,0.0,16.5,33.8,345,17.08
2022-01-16,25.3,16.1,20.7,0.0,0.0,0.0,17.8,36.0,335,17.02
2022-01-17,24.0,17.5,20.2,0.1,0.1,1.0,22.9,44.3,347,10.31
2022-01-18,23.6,16.4,19.4,0.4,0.4,2.0,19.1,37.4,353,11.41
2022-01-19,24.8,16.7,19.8,0.1,0.1,1.0,18.5,38.5,350,12.6
2022-01-20,24.1,16.0,20.1,0.5,0.5,3.0,13.0,29.9,333,16.15
2022-01-21,25.2,17.7,20.6,0.4,0.4,3.0,17.0,31.0,348,12.43
2022-01-22,22.9,17.6,19.5,12.7,12.7,14.0,18.0,34.9,349,6.46
2022-01-23,25.6,17.2,21.2,0.0,0.0,0.0,15.0,31.3,331,15.37
2022-01-24,25.4,18.3,20.9,0.0,0.0,0.0,17.9,36.7,351,12.91
2022-01-25,25.4,17.5,21.0,0.0,0.0,0.0,14.3,32.4,341,16.15
2022-01-26,25.4,17.7,21.3,0.0,0.0,0.0,16.3,32.8,330,17.07
2022-01-27,25.1,18.2,21.1,0.0,0.0,0.0,17.6,35.6,339,17.36
2022-01-28,21.8,18.8,19.9,19.4,19.4,14.0,14.4,26.6,354,3.94
2022-01-29,20.2,17.8,18.8,6.2,6.2,12.0,17.6,32.4,358,4.44
2022-01-30,21.9,13.3,17.4,0.0,0.0,0.0,29.4,56.2,354,16.57
2022-01-31,20.9,11.7,17.0,0.0,0.0,0.0,14.5,33.5,330,17.0
2022-02-01,22.8,16.9,19.6,0.0,0.0,0.0,15.8,34.9,355,10.77
2022-02-02,24.3,16.7,20.2,0.0,0.0,0.0,19.4,38.2,340,17.9
2022-02-03,23.9,17.1,19.8,1.6,1.6,4.0,17.3,37.1,347,13.98
2022-02-04,24.2,15.6,18.8,0.0,0.0,0.0,28.1,52.6,348,16.89
2022-02-05,22.4,13.6,17.5,0.0,0.0,0.0,21.4,41.4,342,18.37
2022-02-06,23.1,13.5,17.9,0.0,0.0,0.0,18.9,36.7,342,17.95
2022-02-07,24.8,15.2,19.2,6.5,6.5,5.0,35.7,63.7,10,11.53
2022-02-08,24.5,16.2,20.0,0.2,0.2,1.0,30.2,54.7,352,18.67
2022-02-09,23.6,17.0,19.6,0.0,0.0,0.0,19.4,36.7,346,15.93
2022-02-10,25.3,15.8,19.6,0.0,0.0,0.0,15.6,30.6,345,19.44
2022-02-11,24.7,16.0,19.9,0.0,0.0,0.0,18.0,37.1,344,19.85
2022-02-12,25.0,17.2,20.3,0.0,0.0,0.0,19.0,38.9,350,18.89
2022-02-13,24.4,17.2,20.7,0.0,0.0,0.0,20.1,37.4,335,16.92
2022-02-14,20.8,16.1,18.1,2.3,2.3,6.0,22.5,43.2,355,12.88
2022-02-15,22.7,16.1,19.1,0.2,0.2,1.0,17.4,37.4,343,15.97
2022-02-16,23.7,14.5,18.9,0.0,0.0,0.0,17.1,35.6,343,20.28
2022-02-17,22.5,15.4,19.0,2.0,2.0,6.0,16.4,31.3,350,8.65
2022-02-18,23.8,17.0,19.8,4.4,4.4,8.0,17.1,34.6,344,16.38
2022-02-19,23.6,15.6,19.2,5.4,5.4,7.0,18.4,37.1,345,12.9
2022-02-20,15.4,12.1,13.5,0.8,0.8,5.0,24.0,45.0,353,6.17
2022-02-21,18.9,12.2,15.4,0.0,0.0,0.0,15.7,28.8,348,10.04
2022-02-22,21.8,15.8,18.3,0.0,0.0,0.0,14.1,32.8,346,11.51
2022-02-23,16.9,14.3,15.8,13.2,13.2,18.0,26.4,49.7,354,6.16
2022-02-24,21.2,14.0,17.2,0.0,0.0,0.0,18.7,34.2,349,14.97
2022-02-25,21.3,14.9,18.1,0.0,0.0,0.0,14.3,30.6,339,19.7
2022-02-26,23.6,15.5,19.0,0.0,0.0,0.0,18.9,37.8,344,19.73
2022-02-27,24.1,16.2,20.4,0.0,0.0,0.0,13.7,31.3,323,20.49
2022-02-28,26.0,17.1,21.5,0.0,0.0,0.0,11.9,29.2,327,21.31
2022-03-01,27.2,18.4,22.5,0.0,0.0,0.0,13.8,32.0,321,19.71
2022-03-02,27.2,19.2,22.7,0.1,0.1,1.0,22.1,43.9,333,20.68
2022-03-03,25.9,18.8,21.8,0.0,0.0,0.0,18.8,39.2,324,20.32
2022-03-04,27.8,18.7,22.9,0.0,0.0,0.0,18.1,37.4,344,20.59
2022-03-05,26.5,19.6,22.6,0.0,0.0,0.0,20.6,42.8,335,21.17
2022-03-06,25.5,18.7,22.3,0.0,0.0,0.0,14.4,32.8,310,20.69
2022-03-07,21.9,14.3,19.0,2.0,2.0,6.0,35.6,65.5,354,9.62
2022-03-08,20.9,11.6,17.3,0.0,0.0,0.0,24.9,47.5,303,22.44
2022-03-09,25.3,16.0,20.3,0.0,0.0,0.0,22.9,46.1,333,21.56
2022-03-10,26.2,15.7,20.7,0.0,0.0,0.0,19.6,40.3,326,21.97
2022-03-11,27.4,16.3,22.0,0.0,0.0,0.0,23.7,47.2,342,22.29
2022-03-12,26.0,19.2,22.8,0.0,0.0,0.0,19.6,41.4,271,22.17
2022-03-13,28.3,17.9,23.1,0.0,0.0,0.0,15.7,36.4,314,21.03
2022-03-14,28.7,21.0,24.7,0.0,0.0,0.0,17.4,37.8,320,20.97
2022-03-15,27.3,20.7,24.3,0.1,0.1,1.0,14.8,34.6,275,21.45
2022-03-16,26.6,21.3,24.0,0.0,0.0,0.0,15.4,35.6,301,19.7
2022-03-17,27.8,21.1,24.4,0.9,0.9,7.0,18.7,49.3,335,15.38
2022-03-18,27.6,22.4,24.9,0.0,0.0,0.0,24.9,50.0,325,19.54
2022-03-19,26.5,21.3,23.8,0.5,0.5,2.0,15.6,35.6,251,15.24
2022-03-20,26.8,21.4,24.0,0.0,0.0,0.0,17.3,37.8,311,20.69
2022-03-21,28.5,21.8,25.2,1.1,1.1,6.0,21.0,38.5,221,19.06
2022-03-22,30.1,22.3,25.9,8.3,8.3,5.0,20.9,41.0,345,20.5
2022-03-23,23.0,18.3,20.4,22.5,22.5,14.0,19.6,42.8,356,5.64
2022-03-24,23.4,18.9,21.2,3.0,3.0,12.0,11.0,21.6,325,8.17
2022-03-25,30.1,20.1,25.1,0.3,0.3,3.0,35.2,65.5,151,19.13
2022-03-26,30.0,24.3,26.9,0.1,0.1,1.0,16.9,31.0,200,21.25
2022-03-27,28.3,22.5,25.1,2.0,2.0,10.0,15.0,33.1,305,18.73
2022-03-28,25.6,19.7,22.1,3.6,3.6,6.0,21.9,43.6,348,14.81
2022-03-29,27.0,18.9,22.8,0.0,0.0,0.0,16.4,32.8,337,16.87
2022-03-30,28.2,21.0,24.5,0.0,0.0,0.0,16.8,34.9,331,15.88
2022-03-31,28.4,21.7,25.2,0.0,0.0,0.0,15.8,29.5,317,22.67
2022-04-01,24.2,18.5,21.4,23.1,23.1,13.0,20.7,39.2,346,12.72
2022-04-02,19.5,15.8,17.7,2.9,2.9,12.0,19.2,36.7,355,5.02
2022-04-03,21.2,15.2,17.4,4.3,4.3,13.0,14.5,30.2,355,7.61
2022-04-04,25.0,16.0,21.0,0.0,0.0,0.0,16.1,35.6,326,23.08
2022-04-05,27.2,18.3,22.5,0.0,0.0,0.0,15.3,34.2,324,22.95
2022-04-06,25.2,20.0,22.5,0.0,0.0,0.0,15.1,34.9,310,23.46
2022-04-07,25.3,18.8,22.8,0.2,0.2,2.0,13.6,32.4,285,23.23
2022-04-08,25.8,21.7,23.5,0.9,0.9,5.0,18.7,40.3,233,19.74
2022-04-09,26.7,20.4,23.9,0.3,0.3,2.0,17.4,38.2,275,22.4
2022-04-10,28.4,21.3,25.1,0.7,0.7,2.0,18.5,38.9,318,19.13
2022-04-11,27.9,23.0,25.4,3.8,3.8,7.0,18.2,37.8,292,22.68
2022-04-12,29.4,23.4,26.1,0.0,0.0,0.0,17.7,38.9,304,23.58
2022-04-13,28.3,22.6,25.5,0.3,0.3,2.0,15.1,35.6,277,22.83
2022-04-14,28.7,22.8,25.8,0.3,0.3,2.0,23.7,47.9,323,21.99
2022-04-15,26.5,20.7,24.2,0.0,0.0,0.0,15.3,36.0,290,24.54
2022-04-16,26.7,20.1,23.7,0.0,0.0,0.0,18.1,40.0,262,23.7
2022-04-17,25.7,21.4,23.7,0.0,0.0,0.0,14.8,34.6,294,19.68
2022-04-18,27.6,21.8,24.5,0.0,0.0,0.0,18.9,39.2,321,20.63
2022-04-19,27.7,21.2,24.0,0.0,0.0,0.0,21.9,43.2,334,16.89
2022-04-20,27.2,20.6,24.0,0.0,0.0,0.0,19.4,41.8,311,23.84
2022-04-21,29.9,21.5,25.6,0.0,0.0,0.0,15.5,36.0,315,23.98
2022-04-22,30.5,22.8,26.6,1.7,1.7,4.0,16.6,37.8,272,23.86
2022-04-23,29.9,24.5,26.9,9.5,9.5,5.0,24.1,48.6,172,19.76
2022-04-24,30.1,25.1,27.6,0.9,0.9,4.0,16.9,31.3,185,22.05
2022-04-25,31.9,25.1,28.5,0.0,0.0,0.0,31.3,61.2,169,25.39
2022-04-26,31.3,26.6,28.5,0.0,0.0,0.0,28.0,49.7,173,24.61
2022-04-27,31.2,25.9,28.4,0.0,0.0,0.0,14.4,34.9,214,25.24
2022-04-28,32.2,25.5,28.5,0.7,0.7,5.0,25.1,50.8,196,24.53
2022-04-29,31.4,25.7,28.6,2.2,2.2,11.0,15.6,29.2,212,23.53
2022-04-30,30.9,25.2,27.7,0.4,0.4,2.0,19.1,40.7,310,24.17
2022-05-01,28.9,21.8,25.3,0.5,0.5,2.0,19.7,38.5,341,13.88
2022-05-02,21.2,18.6,20.0,33.7,33.7,17.0,17.3,31.7,356,4.26
2022-05-03,26.8,18.2,22.8,1.5,1.5,7.0,15.9,30.2,323,16.29
2022-05-04,28.3,21.4,25.0,1.1,1.1,3.0,16.1,34.9,317,19.58
2022-05-05,30.1,22.2,25.9,0.1,0.1,1.0,20.4,42.1,335,24.44
2022-05-06,28.9,22.9,26.2,0.0,0.0,0.0,13.7,33.1,292,25.56
2022-05-07,30.1,24.8,27.2,1.3,1.3,8.0,16.1,37.1,311,20.22
2022-05-08,29.4,24.7,26.5,5.4,5.4,10.0,12.0,29.5,277,18.29
2022-05-09,28.2,23.3,25.7,10.3,10.3,7.0,17.2,35.6,339,14.85
2022-05-10,29.9,23.7,26.7,1.6,1.6,7.0,12.4,36.4,281,24.25
2022-05-11,29.5,24.3,26.2,23.1,23.1,7.0,17.7,38.5,166,14.25
2022-05-12,28.4,25.3,26.8,3.4,3.4,8.0,17.7,35.6,176,10.9
2022-05-13,28.9,23.9,26.8,2.9,2.9,12.0,12.9,31.3,116,11.39
2022-05-14,27.6,23.5,24.8,58.3,58.3,23.0,13.4,36.7,152,6.47
2022-05-15,28.7,23.3,25.2,33.0,33.0,19.0,17.3,40.0,158,17.23
2022-05-16,24.6,20.1,22.1,32.5,32.5,23.0,17.7,38.9,351,9.09
2022-05-17,26.6,19.7,23.2,7.5,7.5,6.0,14.5,30.6,331,21.41
2022-05-18,29.1,21.5,25.5,0.0,0.0,0.0,16.4,36.0,322,24.22
2022-05-19,27.2,23.2,25.1,7.0,7.0,11.0,12.7,32.4,168,12.66
2022-05-20,28.8,23.4,26.2,14.8,14.8,15.0,17.9,38.2,338,21.53
2022-05-21,28.8,23.1,26.1,0.1,0.1,1.0,12.2,31.7,291,24.49
2022-05-22,28.5,24.0,26.4,1.4,1.4,7.0,13.3,32.0,306,23.61
2022-05-23,28.0,24.5,26.0,3.8,3.8,10.0,10.2,28.1,284,15.4
2022-05-24,28.9,24.2,25.9,22.8,22.8,19.0,20.4,41.4,160,15.6
2022-05-25,28.3,24.8,26.0,19.6,19.6,15.0,18.2,37.4,163,11.96
2022-05-26,27.7,24.5,25.8,36.2,36.2,22.0,18.1,38.5,173,11.67
2022-05-27,28.4,24.2,25.8,33.0,33.0,21.0,13.0,35.3,178,16.47
2022-05-28,31.3,24.2,27.9,0.0,0.0,0.0,9.7,24.1,190,26.56
2022-05-29,30.8,26.3,28.4,0.4,0.4,3.0,13.8,33.8,195,25.42
2022-05-30,30.6,26.7,28.5,1.1,1.1,9.0,13.9,30.6,199,24.9
2022-05-31,29.6,26.4,28.0,1.6,1.6,10.0,16.9,37.4,178,20.24
2022-06-01,31.3,26.8,28.8,0.3,0.3,2.0,13.5,32.8,188,25.46
2022-06-02,30.4,26.6,28.5,0.3,0.3,3.0,11.5,28.4,272,23.79
2022-06-03,30.3,25.1,27.5,7.9,7.9,16.0,16.2,37.8,190,21.22
2022-06-04,28.7,24.9,26.6,7.1,7.1,16.0,11.1,31.0,178,19.5
2022-06-05,30.1,25.6,27.6,9.3,9.3,11.0,9.6,29.2,180,21.68
2022-06-06,30.8,24.9,26.9,9.2,9.2,21.0,15.6,39.2,158,21.86
2022-06-07,29.2,24.0,25.8,22.4,22.4,19.0,13.3,32.8,162,15.41
2022-06-08,28.7,24.4,26.0,9.0,9.0,14.0,18.3,36.0,172,14.83
2022-06-09,29.7,24.1,26.9,7.0,7.0,8.0,18.6,33.8,163,16.21
2022-06-10,30.3,25.4,27.5,3.8,3.8,11.0,14.0,35.3,158,18.43
2022-06-11,30.4,25.6,27.7,12.1,12.1,13.0,13.6,33.5,158,21.47
2022-06-12,30.8,25.7,28.4,0.6,0.6,3.0,13.0,29.2,192,23.53
2022-06-13,30.8,26.6,28.5,1.3,1.3,9.0,15.3,33.5,198,23.09
2022-06-14,30.8,26.1,28.6,2.6,2.6,10.0,15.4,33.1,215,23.69
2022-06-15,30.9,26.3,28.1,2.4,2.4,8.0,11.9,28.4,184,22.55
2022-06-16,31.1,25.3,28.2,3.1,3.1,1.0,14.1,32.0,237,24.39
2022-06-17,30.9,26.7,28.7,0.3,0.3,3.0,10.9,29.5,206,24.07
2022-06-18,32.2,26.0,29.2,0.0,0.0,0.0,14.5,32.0,189,27.02
2022-06-19,31.9,26.9,29.3,1.3,1.3,8.0,13.0,29.9,198,26.15
2022-06-20,31.7,26.8,29.3,0.7,0.7,1.0,12.4,31.0,213,25.36
2022-06-21,31.9,26.5,29.2,0.7,0.7,4.0,10.7,27.7,187,24.08
2022-06-22,32.5,26.3,29.4,0.4,0.4,4.0,17.3,33.8,161,22.79
2022-06-23,32.4,27.4,29.6,1.8,1.8,5.0,20.1,38.2,177,25.51
2022-06-24,32.3,26.5,29.1,2.9,2.9,8.0,28.9,52.9,164,22.65
2022-06-25,30.8,27.0,28.8,8.3,8.3,6.0,27.5,49.3,171,16.23
2022-06-26,31.6,26.0,29.2,2.5,2.5,5.0,23.4,40.3,191,24.97
2022-06-27,32.3,25.8,28.8,3.5,3.5,10.0,12.0,30.2,342,24.62
2022-06-28,31.9,26.4,28.9,6.1,6.1,8.0,17.0,32.8,281,22.91
2022-06-29,31.0,26.3,28.4,7.2,7.2,7.0,16.6,32.4,52,14.9
2022-06-30,30.8,25.9,28.7,15.6,15.6,9.0,13.2,32.0,285,21.59
2022-07-01,31.1,26.1,28.6,0.2,0.2,2.0,11.5,24.8,285,14.71
2022-07-02,30.0,25.9,27.4,18.8,18.8,24.0,19.9,36.7,152,11.22
2022-07-03,30.1,24.8,27.3,11.3,11.3,13.0,13.6,27.4,149,17.76
2022-07-04,29.9,25.9,27.4,14.1,14.1,20.0,17.1,37.1,161,15.78
2022-07-05,28.9,25.7,27.2,9.5,9.5,18.0,17.0,36.4,157,13.52
2022-07-06,30.3,26.2,28.1,3.6,3.6,11.0,22.1,38.2,161,19.88
2022-07-07,32.2,26.3,29.2,0.8,0.8,5.0,24.1,42.8,164,23.97
2022-07-08,31.6,25.9,29.0,1.2,1.2,6.0,10.9,32.4,331,25.64
2022-07-09,32.8,25.8,29.4,1.3,1.3,4.0,18.9,39.2,158,26.41
2022-07-10,32.3,26.2,29.3,0.4,0.4,2.0,20.5,41.0,172,26.58
2022-07-11,31.8,26.5,29.3,0.2,0.2,2.0,15.5,32.4,181,26.45
2022-07-12,31.7,26.9,29.3,0.6,0.6,5.0,11.8,30.2,186,24.62
2022-07-13,32.3,26.4,29.3,4.6,4.6,13.0,22.5,45.7,335,24.83
2022-07-14,31.7,26.6,28.9,6.1,6.1,17.0,23.0,46.1,170,22.68
2022-07-15,31.0,26.4,29.1,2.1,2.1,11.0,11.3,29.5,247,19.88
2022-07-16,30.5,26.1,28.3,3.5,3.5,12.0,14.3,32.8,294,17.04
2022-07-17,30.5,26.5,28.7,4.3,4.3,14.0,11.1,29.5,264,21.28
2022-07-18,31.3,26.1,29.2,2.9,2.9,14.0,13.5,30.6,202,24.12
2022-07-19,32.0,27.9,29.9,0.1,0.1,1.0,22.9,45.7,172,23.56
2022-07-20,32.5,27.9,30.5,0.0,0.0,0.0,30.3,57.6,170,27.29
2022-07-21,32.3,26.4,29.6,0.2,0.2,2.0,13.3,30.6,214,26.83
2022-07-22,31.2,26.6,29.2,0.1,0.1,1.0,13.5,31.3,221,25.12
2022-07-23,31.5,25.8,29.2,0.0,0.0,0.0,13.5,31.0,282,27.37
2022-07-24,31.9,26.9,29.6,0.7,0.7,4.0,17.7,37.1,294,25.02
2022-07-25,31.7,27.3,29.8,0.4,0.4,3.0,12.0,29.5,295,23.57
2022-07-26,31.9,26.9,29.8,0.2,0.2,2.0,12.9,31.0,246,24.19
2022-07-27,31.8,27.5,29.4,0.8,0.8,5.0,10.5,29.2,314,25.17
2022-07-28,32.3,27.1,29.4,0.0,0.0,0.0,14.6,36.0,334,24.22
2022-07-29,31.8,26.3,29.3,0.9,0.9,6.0,14.7,34.2,343,23.1
2022-07-30,31.4,27.2,28.7,8.7,8.7,7.0,16.6,42.5,343,21.95
2022-07-31,31.8,25.8,28.6,3.5,3.5,13.0,12.2,31.7,13,19.16
2022-08-01,30.7,26.0,28.3,16.5,16.5,15.0,11.7,24.1,201,13.59
2022-08-02,28.3,24.5,27.2,9.9,9.9,15.0,27.0,47.9,150,9.73
2022-08-03,31.3,26.3,28.3,3.6,3.6,12.0,24.8,47.5,152,17.53
2022-08-04,32.8,25.9,28.9,0.0,0.0,0.0,30.8,58.7,160,24.57
2022-08-05,32.6,25.8,29.0,0.4,0.4,3.0,13.2,29.2,316,23.76
2022-08-06,31.9,26.4,29.2,1.2,1.2,2.0,14.5,33.1,299,22.96
2022-08-07,31.7,25.9,28.9,9.2,9.2,9.0,15.6,33.8,343,23.32
2022-08-08,31.5,25.5,28.3,7.9,7.9,6.0,11.2,29.9,312,20.39
2022-08-09,31.4,26.2,28.3,26.3,26.3,10.0,10.9,32.4,318,19.72
2022-08-10,32.3,25.8,28.5,1.7,1.7,5.0,10.4,25.2,312,23.79
2022-08-11,30.6,25.2,27.0,17.3,17.3,13.0,11.0,26.3,66,21.81
2022-08-12,30.7,25.5,27.9,8.7,8.7,11.0,12.6,28.8,280,20.07
2022-08-13,31.7,25.7,28.6,1.0,1.0,8.0,13.0,30.6,335,23.25
2022-08-14,31.5,26.4,29.0,0.6,0.6,5.0,14.0,32.8,336,22.73
2022-08-15,30.6,26.9,28.4,17.3,17.3,13.0,11.8,32.8,264,20.42
2022-08-16,31.8,26.0,28.8,5.9,5.9,8.0,12.0,26.6,272,22.62
2022-08-17,31.3,26.3,28.3,4.8,4.8,11.0,19.2,39.6,157,21.65
2022-08-18,29.4,26.3,27.6,6.5,6.5,14.0,14.5,34.2,164,15.74
2022-08-19,31.5,26.9,29.5,0.0,0.0,0.0,30.9,58.7,163,25.61
2022-08-20,31.8,27.5,29.5,0.0,0.0,0.0,20.9,39.6,177,24.97
2022-08-21,31.5,26.5,28.9,0.0,0.0,0.0,20.0,42.1,323,24.49
2022-08-22,31.6,26.4,29.3,0.0,0.0,0.0,14.6,31.7,290,25.42
2022-08-23,32.4,27.5,29.7,1.6,1.6,10.0,16.2,33.8,345,22.17
2022-08-24,33.3,27.7,30.3,1.1,1.1,4.0,32.4,62.3,153,22.36
2022-08-25,32.1,28.3,30.2,0.0,0.0,0.0,23.4,43.6,168,25.15
2022-08-26,32.2,27.4,29.6,0.0,0.0,0.0,19.6,40.7,327,24.48
2022-08-27,32.4,27.0,29.7,0.0,0.0,0.0,13.1,31.3,294,23.34
2022-08-28,31.5,26.9,28.9,14.2,14.2,11.0,8.3,22.0,358,16.32
2022-08-29,30.0,26.4,28.1,8.2,8.2,8.0,11.4,28.4,290,20.16
2022-08-30,30.9,25.9,28.4,1.8,1.8,9.0,11.6,28.1,182,21.82
2022-08-31,31.3,26.4,29.0,3.3,3.3,7.0,11.2,28.8,300,22.44
2022-09-01,32.0,26.5,28.8,2.3,2.3,7.0,30.3,53.3,354,19.29
2022-09-02,30.5,26.7,28.4,1.1,1.1,8.0,40.8,79.9,351,16.33
2022-09-03,30.1,27.1,28.1,3.8,3.8,15.0,42.7,81.0,340,17.71
2022-09-04,30.9,26.0,28.5,9.7,9.7,15.0,32.4,60.1,320,19.49
2022-09-05,31.3,24.9,28.4,8.9,8.9,19.0,17.8,37.4,190,20.75
2022-09-06,31.2,25.8,28.2,7.4,7.4,13.0,16.3,34.9,166,19.32
2022-09-07,30.4,25.7,27.9,6.8,6.8,13.0,11.2,24.1,353,15.34
2022-09-08,29.7,24.9,27.7,3.1,3.1,9.0,14.1,31.0,197,17.63
2022-09-09,30.0,26.0,28.0,2.4,2.4,10.0,15.1,33.5,237,21.39
2022-09-10,29.7,25.8,27.5,4.4,4.4,10.0,16.2,31.3,183,18.87
2022-09-11,31.3,23.8,27.4,1.8,1.8,5.0,22.0,43.2,349,20.73
2022-09-12,30.4,25.9,27.8,0.9,0.9,7.0,38.3,70.6,341,20.54
2022-09-13,30.0,25.9,27.8,1.0,1.0,5.0,31.8,62.6,335,22.58
2022-09-14,31.5,25.0,28.1,0.0,0.0,0.0,13.0,31.0,332,24.03
2022-09-15,31.4,24.7,28.2,0.0,0.0,0.0,11.5,29.2,291,23.99
2022-09-16,30.5,25.3,27.7,0.8,0.8,3.0,12.5,29.2,236,22.74
2022-09-17,30.8,25.0,27.8,0.0,0.0,0.0,21.9,45.4,332,23.07
2022-09-18,30.7,25.2,27.8,0.1,0.1,1.0,13.8,33.1,310,22.91
2022-09-19,30.5,25.3,27.8,2.6,2.6,7.0,12.5,30.6,178,22.54
2022-09-20,30.2,25.4,27.2,3.3,3.3,10.0,15.8,34.9,195,18.82
2022-09-21,29.8,24.8,26.8,2.2,2.2,11.0,11.9,27.7,231,19.72
2022-09-22,29.5,24.3,26.9,1.4,1.4,5.0,17.2,30.6,215,21.28
2022-09-23,30.1,24.6,27.5,0.9,0.9,5.0,20.6,41.4,207,20.68
2022-09-24,30.1,24.9,27.6,0.3,0.3,2.0,14.5,31.7,267,20.72
2022-09-25,31.6,24.9,28.2,0.3,0.3,3.0,14.5,31.7,336,21.0
2022-09-26,31.0,25.7,28.4,0.0,0.0,0.0,16.6,37.1,266,21.59
2022-09-27,30.6,25.7,28.2,1.8,1.8,10.0,20.7,42.1,269,20.17
2022-09-28,30.8,25.0,27.7,5.9,5.9,10.0,11.7,29.2,242,21.13
2022-09-29,31.2,25.2,27.9,2.9,2.9,9.0,12.4,31.0,338,20.78
2022-09-30,32.0,25.5,28.5,2.8,2.8,6.0,12.3,29.9,329,20.58
2022-10-01,31.4,25.5,28.4,0.0,0.0,0.0,13.9,32.8,275,21.69
2022-10-02,32.1,25.6,28.7,0.5,0.5,2.0,14.8,33.8,290,21.24
2022-10-03,31.6,26.1,28.6,0.1,0.1,1.0,13.0,32.0,289,21.65
2022-10-04,31.4,26.3,28.4,0.1,0.1,1.0,15.9,36.4,323,20.31
2022-10-05,31.4,25.4,28.2,1.3,1.3,9.0,15.8,37.4,279,20.16
2022-10-06,30.6,25.2,27.8,1.9,1.9,8.0,11.7,29.2,181,19.86
2022-10-07,30.8,25.3,27.3,11.0,11.0,9.0,11.4,28.4,151,18.54
2022-10-08,29.7,24.6,26.6,9.2,9.2,13.0,14.3,32.4,205,15.65
2022-10-09,30.2,24.3,27.0,10.2,10.2,10.0,13.7,28.1,353,18.07
2022-10-10,30.4,21.7,25.5,0.0,0.0,0.0,22.8,41.4,353,18.26
2022-10-11,28.0,20.6,24.3,0.0,0.0,0.0,21.1,42.8,290,19.22
2022-10-12,30.6,22.3,25.8,0.0,0.0,0.0,16.6,33.1,351,19.7
2022-10-13,29.8,22.9,26.3,0.0,0.0,0.0,16.0,31.7,326,20.51
2022-10-14,29.5,23.4,26.6,0.8,0.8,2.0,16.2,29.5,336,20.21
2022-10-15,29.6,23.9,26.7,0.0,0.0,0.0,11.9,26.3,352,12.97
2022-10-16,30.3,24.4,26.9,2.4,2.4,7.0,13.7,25.6,317,13.07
2022-10-17,31.6,23.9,27.7,7.3,7.3,10.0,16.6,32.8,313,17.26
2022-10-18,28.2,22.3,24.9,0.0,0.0,0.0,18.8,33.1,347,17.31
2022-10-19,27.9,21.7,24.9,0.0,0.0,0.0,11.8,28.8,306,19.73
2022-10-20,28.8,23.3,26.3,0.0,0.0,0.0,13.8,31.7,263,18.53
2022-10-21,28.6,22.8,25.9,0.1,0.1,1.0,12.3,28.1,319,19.58
2022-10-22,29.3,24.3,26.7,0.1,0.1,1.0,14.0,32.4,311,16.82
2022-10-23,30.0,24.8,26.7,19.9,19.9,14.0,14.0,31.7,352,16.25
2022-10-24,28.1,22.8,25.6,3.5,3.5,5.0,16.0,36.7,227,16.34
2022-10-25,27.1,23.6,25.5,0.0,0.0,0.0,19.4,37.8,221,11.59
2022-10-26,27.2,23.3,25.1,0.6,0.6,3.0,17.5,37.4,238,16.47
2022-10-27,27.8,22.4,25.3,0.0,0.0,0.0,14.8,32.0,292,17.68
2022-10-28,29.9,22.3,25.7,0.4,0.4,3.0,17.8,36.7,312,18.14
2022-10-29,29.9,23.0,26.3,0.0,0.0,0.0,19.6,39.2,317,18.66
2022-10-30,28.5,22.9,25.6,6.3,6.3,8.0,12.2,25.2,333,8.14
2022-10-31,25.8,21.7,24.1,56.4,56.4,23.0,24.3,42.8,350,5.46
2022-11-01,28.2,21.1,24.5,12.9,12.9,6.0,21.6,43.9,340,17.02
2022-11-02,28.4,22.5,25.4,0.0,0.0,0.0,15.6,27.4,323,17.02
2022-11-03,29.2,23.1,25.9,0.1,0.1,1.0,12.1,25.9,335,17.99
2022-11-04,28.5,22.4,25.2,10.4,10.4,4.0,14.8,30.2,339,17.48
2022-11-05,27.6,21.4,23.8,8.7,8.7,8.0,14.2,29.9,351,14.04
2022-11-06,27.4,20.7,23.8,1.1,1.1,2.0,13.3,29.2,340,16.93
2022-11-07,27.0,21.3,24.2,13.2,13.2,4.0,13.1,27.0,335,16.12
2022-11-08,28.5,21.9,24.9,0.3,0.3,2.0,15.5,33.5,349,15.72
2022-11-09,27.3,21.7,24.5,0.0,0.0,0.0,12.6,29.9,310,17.75
2022-11-10,27.8,22.4,25.2,0.0,0.0,0.0,11.7,28.4,309,18.02
2022-11-11,28.4,22.7,25.3,0.0,0.0,0.0,15.6,33.1,332,17.39
2022-11-12,28.4,22.7,25.2,0.0,0.0,0.0,15.5,32.8,320,17.94
2022-11-13,29.4,23.1,25.8,0.0,0.0,0.0,16.1,32.4,335,17.5
2022-11-14,27.5,22.8,25.2,0.3,0.3,3.0,11.5,28.1,273,16.17
2022-11-15,27.8,22.7,25.0,0.0,0.0,0.0,11.3,28.1,309,16.52
2022-11-16,27.5,21.7,24.5,0.0,0.0,0.0,16.3,34.6,312,14.94
2022-11-17,28.6,22.2,24.9,0.0,0.0,0.0,17.3,35.6,325,17.02
2022-11-18,29.5,21.9,25.0,0.0,0.0,0.0,17.9,37.1,326,17.17
2022-11-19,28.1,22.0,25.0,0.0,0.0,0.0,17.0,35.6,336,17.07
2022-11-20,28.1,22.4,25.2,0.2,0.2,2.0,14.1,32.0,307,16.47
2022-11-21,28.3,23.1,25.2,0.0,0.0,0.0,14.7,32.4,302,14.92
2022-11-22,28.4,23.4,25.4,1.1,1.1,5.0,13.9,35.3,303,14.65
2022-11-23,29.4,22.8,25.5,0.8,0.8,3.0,18.0,38.2,346,13.19
2022-11-24,27.4,22.4,25.0,0.0,0.0,0.0,13.3,29.9,329,13.71
2022-11-25,28.1,22.9,25.2,0.0,0.0,0.0,15.9,32.0,335,15.92
2022-11-26,28.6,22.9,25.1,0.0,0.0,0.0,19.7,40.7,347,16.01
2022-11-27,27.3,22.2,24.6,0.0,0.0,0.0,12.1,28.4,314,11.76
2022-11-28,29.5,21.9,25.9,0.0,0.0,0.0,20.9,38.9,169,16.55
2022-11-29,29.9,23.1,26.3,0.0,0.0,0.0,14.2,32.0,179,16.43
2022-11-30,29.0,20.9,25.5,0.0,0.0,0.0,19.5,41.4,354,15.18
2022-12-01,28.1,19.7,23.0,0.0,0.0,0.0,21.9,40.3,349,15.0
2022-12-02,27.9,19.3,22.9,0.0,0.0,0.0,19.1,36.7,352,15.28
2022-12-03,29.3,20.2,24.0,0.0,0.0,0.0,18.5,33.8,345,16.27
2022-12-04,28.7,21.2,23.9,0.0,0.0,0.0,21.7,41.0,347,14.5
2022-12-05,27.8,19.1,22.2,0.0,0.0,0.0,23.4,45.0,357,15.09
2022-12-06,24.9,17.8,21.3,0.0,0.0,0.0,15.1,33.1,333,12.73
2022-12-07,27.5,19.1,22.7,0.0,0.0,0.0,22.4,45.0,350,15.97
2022-12-08,28.1,17.4,21.7,0.0,0.0,0.0,24.0,46.1,354,16.43
2022-12-09,26.6,17.9,21.1,0.0,0.0,0.0,23.9,46.4,352,16.24
2022-12-10,27.0,17.1,21.7,0.0,0.0,0.0,22.2,43.9,344,16.08
2022-12-11,26.8,17.7,21.6,0.0,0.0,0.0,21.0,40.3,347,15.44
2022-12-12,25.4,18.1,20.5,0.3,0.3,2.0,24.1,47.2,353,10.69
2022-12-13,24.7,17.5,20.8,0.0,0.0,0.0,17.9,37.1,344,11.03
2022-12-14,24.4,16.7,20.1,0.0,0.0,0.0,20.2,37.1,345,12.39
2022-12-15,25.0,17.2,20.7,0.0,0.0,0.0,18.9,37.8,337,14.89
2022-12-16,28.8,18.9,22.8,2.9,2.9,1.0,23.2,43.9,346,15.22
2022-12-17,19.3,12.8,16.6,7.4,7.4,19.0,33.8,62.3,357,3.79
2022-12-18,18.3,12.0,14.3,0.0,0.0,0.0,30.2,58.0,359,10.23
2022-12-19,20.7,11.6,16.4,0.0,0.0,0.0,15.4,32.4,330,13.35
2022-12-20,23.3,13.7,18.7,0.0,0.0,0.0,16.3,35.3,314,15.27
2022-12-21,23.6,16.7,19.4,0.0,0.0,0.0,30.4,57.6,351,16.08
2022-12-22,23.7,13.8,17.9,0.0,0.0,0.0,25.6,49.7,355,17.03
2022-12-23,22.0,13.4,17.0,0.0,0.0,0.0,23.1,40.7,349,16.81
2022-12-24,21.4,11.0,15.7,0.0,0.0,0.0,22.3,41.0,350,16.06
2022-12-25,20.4,9.7,15.5,0.0,0.0,0.0,15.1,34.2,314,16.97
2022-12-26,21.2,12.8,17.3,0.0,0.0,0.0,17.3,37.1,336,16.08
2022-12-27,23.1,12.7,18.1,0.0,0.0,0.0,13.4,32.0,334,16.47
2022-12-28,24.0,14.6,19.2,0.0,0.0,0.0,16.2,36.0,339,15.99
2022-12-29,22.3,16.8,19.1,0.0,0.0,0.0,20.3,40.3,355,5.76
2022-12-30,22.9,16.5,19.0,0.0,0.0,0.0,20.7,40.3,355,6.09
2022-12-31,24.5,14.5,19.3,1.3,1.3,3.0,18.0,34.2,343,11.64
2023-01-01,23.3,17.5,20.2,3.0,3.0,7.0,11.2,24.1,354,5.89
2023-01-02,21.7,18.5,19.9,3.0,3.0,7.0,20.5,39.6,352,5.41
2023-01-03,25.4,17.2,20.4,0.0,0.0,0.0,19.7,41.0,345,12.11
2023-01-04,24.4,15.0,19.5,0.0,0.0,0.0,14.0,31.7,339,15.93
2023-01-05,25.7,16.0,20.2,0.0,0.0,0.0,19.8,38.2,339,15.13
2023-01-06,26.9,17.3,20.7,0.0,0.0,0.0,23.3,45.7,356,15.91
2023-01-07,24.1,16.2,20.4,0.1,0.1,1.0,13.4,31.7,315,14.53
2023-01-08,23.9,19.3,21.4,0.7,0.7,3.0,14.0,32.8,294,13.58
2023-01-09,25.2,17.8,21.4,0.0,0.0,0.0,18.1,38.9,318,14.65
2023-01-10,24.3,19.4,21.3,0.6,0.6,4.0,20.9,42.1,322,10.23
2023-01-11,25.1,19.2,21.6,0.4,0.4,3.0,19.8,40.3,329,13.29
2023-01-12,25.7,19.4,22.1,0.0,0.0,0.0,14.0,30.6,330,14.22
2023-01-13,28.1,18.5,23.6,0.0,0.0,0.0,27.0,53.3,176,16.47
2023-01-14,27.5,21.6,24.5,0.0,0.0,0.0,20.1,37.1,192,15.28
2023-01-15,26.1,17.2,22.4,1.3,1.3,3.0,23.5,46.1,338,16.11
2023-01-16,22.9,14.1,17.8,1.0,1.0,3.0,21.9,44.3,342,14.43
2023-01-17,23.1,13.7,17.8,0.0,0.0,0.0,25.0,49.0,345,17.43
2023-01-18,24.2,13.7,18.5,0.0,0.0,0.0,24.0,48.2,353,17.31
2023-01-19,24.0,13.7,19.0,0.0,0.0,0.0,19.6,40.3,335,16.7
2023-01-20,25.1,15.1,19.9,0.0,0.0,0.0,16.7,36.0,337,16.78
2023-01-21,23.7,16.4,19.9,0.0,0.0,0.0,16.6,36.7,319,16.95
2023-01-22,25.6,16.7,21.1,0.0,0.0,0.0,15.3,34.9,342,17.0
2023-01-23,24.7,18.6,21.2,0.0,0.0,0.0,21.9,43.2,342,13.91
2023-01-24,20.1,11.9,16.3,0.0,0.0,0.0,36.1,68.0,356,15.86
2023-01-25,18.7,10.8,14.9,0.0,0.0,0.0,14.5,32.4,334,17.51
2023-01-26,22.1,12.7,17.5,0.0,0.0,0.0,20.7,42.8,347,18.31
2023-01-27,22.0,11.7,16.4,0.0,0.0,0.0,32.4,61.6,358,18.48
2023-01-28,18.6,9.5,13.9,0.0,0.0,0.0,24.9,46.1,347,13.48
2023-01-29,20.6,12.2,15.9,0.0,0.0,0.0,21.4,40.7,344,14.14
2023-01-30,21.2,12.2,17.0,0.0,0.0,0.0,14.8,34.2,306,18.9
2023-01-31,21.8,14.0,17.5,0.0,0.0,0.0,19.5,38.9,330,19.11
2023-02-01,26.0,14.2,20.4,0.0,0.0,0.0,13.6,29.2,355,9.98
2023-02-02,26.1,17.6,21.8,0.0,0.0,0.0,20.9,42.1,340,18.01
2023-02-03,24.2,15.9,20.1,0.0,0.0,0.0,18.4,38.2,336,13.83
2023-02-04,25.3,16.6,20.5,0.0,0.0,0.0,22.8,45.4,333,17.87
2023-02-05,26.2,17.5,21.3,0.0,0.0,0.0,14.9,34.9,338,15.53
2023-02-06,27.3,18.4,22.2,0.0,0.0,0.0,20.1,42.1,340,15.81
2023-02-07,27.2,20.2,23.2,0.0,0.0,0.0,18.7,40.3,335,18.72
2023-02-08,27.2,18.3,22.2,0.0,0.0,0.0,20.4,43.2,330,18.62
2023-02-09,27.8,18.5,22.9,0.8,0.8,3.0,21.3,42.8,200,18.45
2023-02-10,27.6,19.6,23.7,0.2,0.2,2.0,14.0,33.1,270,18.44
2023-02-11,26.3,19.2,23.1,0.0,0.0,0.0,14.1,33.5,303,18.64
2023-02-12,29.0,19.7,24.2,0.0,0.0,0.0,30.6,59.0,167,19.6
2023-02-13,28.7,21.1,24.9,0.0,0.0,0.0,15.8,35.6,271,18.93
2023-02-14,24.0,16.2,19.9,0.2,0.2,1.0,21.6,44.3,347,13.78
2023-02-15,23.1,14.7,18.0,0.0,0.0,0.0,24.5,45.0,349,14.4
2023-02-16,22.4,15.2,18.8,0.0,0.0,0.0,15.7,37.4,315,19.56
2023-02-17,25.0,16.6,20.4,0.0,0.0,0.0,22.8,46.4,339,18.79
2023-02-18,25.5,16.0,20.9,0.0,0.0,0.0,16.9,37.4,298,19.25
2023-02-19,28.3,18.6,22.2,0.0,0.0,0.0,28.2,55.4,332,18.54
2023-02-20,22.8,17.5,19.9,0.0,0.0,0.0,16.3,30.2,341,8.18
2023-02-21,22.7,15.5,19.0,0.0,0.0,0.0,18.1,34.9,327,16.74
2023-02-22,23.2,14.1,18.1,0.0,0.0,0.0,26.1,52.6,335,20.43
2023-02-23,25.8,15.6,19.7,0.0,0.0,0.0,27.3,53.3,341,20.97
2023-02-24,26.4,16.3,20.1,0.0,0.0,0.0,26.2,51.5,345,20.53
2023-02-25,24.6,14.3,18.6,0.0,0.0,0.0,24.0,48.2,342,19.15
2023-02-26,22.4,14.3,18.0,0.0,0.0,0.0,25.0,50.0,341,18.18
2023-02-27,22.1,15.2,18.5,0.0,0.0,0.0,17.8,38.5,311,19.24
2023-02-28,23.6,15.9,19.6,0.0,0.0,0.0,21.1,45.4,323,19.96
2023-03-01,26.2,15.4,20.3,0.0,0.0,0.0,24.2,49.0,342,21.52
2023-03-02,25.2,15.5,19.8,0.0,0.0,0.0,23.9,47.2,333,21.51
2023-03-03,22.0,15.8,19.0,0.0,0.0,0.0,19.6,41.4,279,20.83
2023-03-04,23.2,15.3,19.7,0.2,0.2,2.0,19.0,40.0,337,19.97
2023-03-05,22.6,14.9,19.2,0.0,0.0,0.0,19.3,41.4,264,21.1
2023-03-06,23.3,16.6,20.2,0.0,0.0,0.0,20.6,42.8,258,19.64
2023-03-07,24.3,16.1,20.1,0.0,0.0,0.0,18.2,42.8,306,20.2
2023-03-08,24.3,15.5,20.2,0.0,0.0,0.0,19.4,42.1,324,21.12
2023-03-09,25.3,16.2,20.5,0.0,0.0,0.0,23.9,48.6,327,22.31
2023-03-10,24.8,17.5,21.5,0.0,0.0,0.0,19.0,41.8,286,21.77
2023-03-11,24.9,19.0,21.7,0.0,0.0,0.0,19.7,42.1,296,19.68
2023-03-12,24.8,17.7,21.8,0.0,0.0,0.0,19.1,39.6,319,18.93
2023-03-13,22.9,15.9,19.8,0.0,0.0,0.0,15.1,35.6,316,20.98
2023-03-14,23.0,17.6,20.8,0.0,0.0,0.0,11.8,30.2,277,20.62
2023-03-15,25.9,17.4,21.5,0.0,0.0,0.0,21.5,44.6,326,20.99
2023-03-16,26.1,17.0,22.1,0.0,0.0,0.0,17.7,38.9,320,21.85
2023-03-17,26.4,18.3,22.3,0.0,0.0,0.0,17.6,39.6,328,21.19
2023-03-18,27.1,19.4,22.8,0.0,0.0,0.0,23.1,47.5,328,20.48
2023-03-19,26.6,19.0,22.7,0.0,0.0,0.0,19.5,41.8,329,22.38
2023-03-20,26.6,19.9,23.1,0.0,0.0,0.0,15.6,36.0,249,20.28
2023-03-21,28.0,20.9,24.2,0.0,0.0,0.0,15.0,35.3,212,20.48
2023-03-22,28.1,22.0,24.7,0.0,0.0,0.0,13.7,33.5,242,22.18
2023-03-23,28.1,21.3,24.4,0.0,0.0,0.0,13.3,31.3,250,22.75
2023-03-24,29.0,19.9,24.8,0.0,0.0,0.0,17.9,39.6,322,22.98
2023-03-25,28.2,21.5,24.5,0.3,0.3,2.0,25.2,46.1,328,22.64
2023-03-26,27.3,20.5,23.3,1.0,1.0,2.0,19.0,42.1,341,17.38
2023-03-27,26.1,18.6,22.2,0.1,0.1,1.0,20.4,38.5,323,21.25
2023-03-28,26.6,18.5,22.5,0.0,0.0,0.0,22.9,47.2,340,19.85
2023-03-29,27.3,19.1,22.9,0.0,0.0,0.0,24.8,50.8,342,21.82
2023-03-30,28.6,19.2,23.4,0.0,0.0,0.0,27.5,54.4,338,22.59
2023-03-31,28.0,19.7,23.7,0.0,0.0,0.0,21.3,43.2,327,20.93
2023-04-01,27.1,20.6,23.6,1.4,1.4,2.0,18.8,38.5,329,17.91
2023-04-02,28.2,20.5,24.1,0.0,0.0,0.0,20.9,44.3,308,23.15
2023-04-03,27.4,21.9,24.5,0.0,0.0,0.0,20.9,43.9,301,22.22
2023-04-04,30.2,21.7,25.3,0.0,0.0,0.0,32.2,59.0,189,23.8
2023-04-05,29.8,20.4,25.4,0.0,0.0,0.0,29.2,57.6,173,23.69
2023-04-06,28.8,23.9,26.3,0.0,0.0,0.0,25.7,44.6,178,21.03
2023-04-07,27.9,21.5,24.9,0.6,0.6,4.0,23.8,46.8,333,14.92
2023-04-08,25.2,19.9,22.5,0.0,0.0,0.0,19.8,37.1,239,20.1
2023-04-09,24.9,21.5,22.9,0.0,0.0,0.0,20.5,43.2,247,18.86
2023-04-10,26.3,19.9,23.1,0.0,0.0,0.0,18.0,40.0,309,23.33
2023-04-11,27.5,20.2,23.8,0.0,0.0,0.0,18.2,40.7,308,24.38
2023-04-12,29.0,21.0,24.7,0.0,0.0,0.0,25.4,51.8,313,24.82
2023-04-13,28.3,20.7,24.5,0.0,0.0,0.0,21.3,45.4,316,24.33
2023-04-14,30.1,21.6,25.9,0.0,0.0,0.0,15.6,36.7,303,24.44
2023-04-15,29.0,24.4,26.2,0.0,0.0,0.0,24.6,50.8,309,22.64
2023-04-16,28.8,23.7,26.0,0.7,0.7,3.0,13.8,32.0,265,23.73
2023-04-17,30.0,22.4,26.3,0.0,0.0,0.0,17.9,40.7,308,24.87
2023-04-18,32.2,23.5,27.8,0.0,0.0,0.0,30.6,58.0,175,20.38
2023-04-19,30.3,23.2,26.5,7.2,7.2,13.0,25.6,45.4,164,22.39
2023-04-20,26.8,22.7,24.0,90.6,90.6,19.0,20.6,40.7,226,7.73
2023-04-21,27.7,22.4,24.7,23.9,23.9,13.0,11.4,29.9,33,17.07
2023-04-22,28.9,23.1,25.8,0.3,0.3,3.0,12.7,29.2,312,21.23
2023-04-23,28.0,23.1,25.4,0.2,0.2,2.0,12.8,28.8,276,19.1
2023-04-24,27.9,23.3,25.0,2.6,2.6,11.0,13.0,28.8,352,13.5
2023-04-25,25.9,21.9,23.8,5.7,5.7,12.0,11.8,26.6,351,14.11
2023-04-26,28.7,20.9,24.7,0.4,0.4,1.0,18.8,38.9,339,23.84
2023-04-27,27.4,21.9,24.9,0.1,0.1,1.0,17.1,36.7,312,22.88
2023-04-28,29.0,21.7,25.3,0.0,0.0,0.0,18.9,40.7,318,24.74
2023-04-29,30.3,22.4,26.4,0.0,0.0,0.0,16.7,38.2,317,25.18
2023-04-30,29.3,23.9,26.5,0.2,0.2,2.0,18.7,40.7,336,23.91
2023-05-01,27.5,22.4,25.3,0.1,0.1,1.0,12.3,31.7,279,24.17
2023-05-02,29.0,22.8,26.2,0.0,0.0,0.0,17.9,39.6,305,25.06
2023-05-03,29.9,23.0,26.6,0.0,0.0,0.0,14.5,32.4,288,25.24
2023-05-04,32.8,23.2,28.1,0.0,0.0,0.0,30.7,57.6,173,26.42
2023-05-05,31.1,26.3,28.4,0.3,0.3,2.0,26.6,52.9,165,25.67
2023-05-06,31.9,25.7,28.5,0.0,0.0,0.0,17.7,37.4,168,25.76
2023-05-07,30.9,23.9,27.0,8.4,8.4,11.0,17.8,45.4,319,13.63
2023-05-08,28.7,23.6,25.7,17.1,17.1,17.0,17.4,38.5,268,14.59
2023-05-09,25.6,22.2,24.0,0.8,0.8,3.0,11.2,25.2,298,9.27
2023-05-10,27.2,21.9,24.5,0.2,0.2,2.0,15.6,35.6,268,22.66
2023-05-11,28.0,23.5,25.7,0.2,0.2,2.0,15.5,34.9,267,20.58
2023-05-12,27.7,23.7,25.8,2.0,2.0,7.0,15.8,33.1,287,18.35
2023-05-13,28.2,23.1,25.2,1.3,1.3,6.0,14.5,28.8,338,14.18
2023-05-14,27.3,23.1,24.8,3.1,3.1,10.0,15.0,29.9,351,9.51
2023-05-15,26.3,23.1,24.4,6.7,6.7,21.0,8.6,20.9,296,7.62
2023-05-16,28.7,23.3,25.6,0.4,0.4,3.0,15.5,32.8,316,17.41
2023-05-17,31.7,23.9,27.5,0.0,0.0,0.0,21.4,44.6,204,26.63
2023-05-18,30.3,24.9,27.0,5.5,5.5,7.0,12.4,38.9,173,19.95
2023-05-19,29.7,24.5,27.5,2.7,2.7,7.0,12.6,32.4,187,23.36
2023-05-20,30.4,25.2,27.6,0.7,0.7,2.0,12.5,32.4,226,24.07
2023-05-21,31.4,25.2,28.4,0.1,0.1,1.0,13.2,31.3,211,25.19
2023-05-22,31.1,26.1,28.4,1.2,1.2,5.0,12.0,34.6,267,23.34
2023-05-23,29.4,24.0,26.3,37.9,37.9,13.0,16.1,37.1,171,18.11
2023-05-24,29.2,23.9,26.4,2.3,2.3,8.0,15.8,34.6,343,21.15
2023-05-25,30.1,24.6,27.4,0.7,0.7,4.0,14.7,35.3,321,24.08
2023-05-26,30.4,24.7,27.2,16.9,16.9,14.0,17.8,37.8,326,22.74
2023-05-27,29.1,24.6,26.3,13.1,13.1,18.0,17.5,36.4,267,17.51
2023-05-28,30.5,24.2,27.1,0.1,0.1,1.0,18.4,38.9,305,25.04
2023-05-29,30.0,24.0,27.4,0.3,0.3,1.0,12.9,30.6,278,26.39
2023-05-30,31.4,25.5,28.8,0.2,0.2,1.0,12.8,30.2,259,23.71
2023-05-31,32.9,26.2,29.4,1.1,1.1,2.0,16.4,36.0,344,24.37
2023-06-01,32.1,26.3,28.4,0.7,0.7,3.0,42.9,79.9,334,25.24
2023-06-02,31.4,25.9,28.7,0.1,0.1,1.0,16.1,39.2,228,25.14
2023-06-03,31.6,26.0,28.8,1.4,1.4,9.0,15.3,31.3,194,26.0
2023-06-04,31.7,26.3,28.4,6.4,6.4,10.0,12.0,30.6,344,23.67
2023-06-05,31.5,25.2,28.4,2.2,2.2,8.0,13.0,31.7,143,24.85
2023-06-06,32.4,25.6,28.9,0.0,0.0,0.0,22.8,46.4,174,27.3
2023-06-07,31.6,26.4,29.0,0.9,0.9,5.0,18.8,40.0,174,25.8
2023-06-08,31.1,26.7,28.9,0.4,0.4,3.0,20.4,43.6,172,23.32
2023-06-09,31.0,26.6,28.9,2.2,2.2,12.0,12.0,29.5,201,24.16
2023-06-10,31.2,26.1,28.4,3.2,3.2,11.0,16.0,35.6,183,22.39
2023-06-11,30.4,25.7,27.9,10.0,10.0,14.0,16.1,29.9,191,16.53
2023-06-12,29.3,25.5,26.9,33.6,33.6,21.0,22.4,44.3,171,12.5
2023-06-13,29.2,25.8,26.9,25.3,25.3,21.0,17.7,38.5,190,11.19
2023-06-14,30.7,25.0,27.7,7.9,7.9,13.0,17.2,39.2,227,19.19
2023-06-15,27.4,25.5,26.4,26.4,26.4,18.0,21.8,40.3,171,6.8
2023-06-16,29.0,24.9,27.6,21.8,21.8,18.0,30.0,55.8,164,11.37
2023-06-17,30.5,26.9,28.8,0.7,0.7,6.0,22.7,40.0,166,16.66
2023-06-18,32.0,27.1,29.4,0.2,0.2,2.0,20.1,37.4,172,26.26
2023-06-19,32.1,26.4,29.2,1.1,1.1,4.0,15.5,32.8,282,26.52
2023-06-20,31.4,26.2,29.1,2.1,2.1,12.0,18.1,39.2,295,25.47
2023-06-21,31.5,27.0,29.3,1.3,1.3,6.0,16.2,36.4,276,25.71
2023-06-22,31.6,26.5,29.1,2.0,2.0,5.0,13.8,32.8,243,25.54
2023-06-23,31.7,27.4,29.3,1.4,1.4,6.0,14.5,32.8,184,25.52
2023-06-24,32.8,27.3,30.0,0.0,0.0,0.0,32.0,60.8,172,26.82
2023-06-25,34.3,25.5,29.7,1.6,1.6,6.0,11.9,31.7,207,26.26
2023-06-26,32.4,26.4,29.2,1.1,1.1,4.0,14.7,33.8,304,23.3
2023-06-27,32.1,25.6,28.8,7.5,7.5,7.0,17.3,37.4,328,24.99
2023-06-28,31.3,26.6,28.7,1.7,1.7,7.0,8.2,22.3,334,12.02
2023-06-29,31.7,26.5,28.8,4.7,4.7,6.0,29.9,55.1,170,18.8
2023-06-30,31.6,26.7,28.7,5.7,5.7,9.0,28.9,50.4,169,23.0
2023-07-01,31.0,27.4,28.7,4.8,4.8,14.0,30.2,51.8,167,20.7
2023-07-02,31.7,27.2,29.4,2.4,2.4,8.0,24.8,47.9,166,24.68
2023-07-03,31.5,27.4,29.5,1.1,1.1,5.0,14.8,30.6,178,25.51
2023-07-04,32.5,26.9,29.6,0.0,0.0,0.0,14.9,31.7,263,26.99
2023-07-05,31.8,27.2,29.6,0.8,0.8,4.0,14.7,32.8,285,26.17
2023-07-06,31.7,27.8,29.8,0.2,0.2,2.0,16.4,35.6,280,25.71
2023-07-07,32.5,27.8,30.0,0.2,0.2,2.0,15.5,33.1,289,26.71
2023-07-08,32.4,27.5,30.1,0.0,0.0,0.0,15.3,34.9,295,26.86
2023-07-09,32.3,27.1,29.9,0.3,0.3,3.0,16.3,36.7,277,25.35
2023-07-10,32.0,27.7,29.8,2.6,2.6,9.0,13.0,33.1,227,24.95
2023-07-11,32.6,27.9,29.9,1.8,1.8,8.0,22.0,38.9,194,21.53
2023-07-12,33.3,26.6,29.2,7.6,7.6,6.0,13.4,33.5,2,22.51
2023-07-13,33.3,26.6,29.5,1.0,1.0,7.0,15.8,37.8,354,23.67
2023-07-14,34.4,26.6,30.0,0.6,0.6,4.0,18.2,39.2,324,23.71
2023-07-15,33.4,27.7,30.0,4.7,4.7,8.0,17.0,37.8,296,24.48
2023-07-16,31.0,26.9,28.6,42.3,42.3,10.0,18.9,39.6,53,14.21
2023-07-17,33.8,26.1,30.5,0.0,0.0,0.0,27.5,50.8,159,26.2
2023-07-18,33.0,27.8,29.9,0.7,0.7,2.0,19.2,35.3,162,21.4
2023-07-19,32.0,26.1,28.4,26.3,26.3,10.0,11.6,27.7,325,17.03
2023-07-20,30.8,26.2,28.0,9.7,9.7,12.0,8.0,24.5,38,22.47
2023-07-21,31.2,25.8,28.9,1.4,1.4,7.0,17.3,30.6,323,25.82
2023-07-22,31.6,25.7,28.9,0.5,0.5,4.0,12.5,29.9,318,25.18
2023-07-23,31.6,25.6,28.8,1.6,1.6,5.0,14.0,31.7,349,24.66
2023-07-24,33.0,26.7,29.7,1.1,1.1,7.0,16.8,35.3,346,24.25
2023-07-25,32.5,26.5,29.4,4.6,4.6,6.0,19.6,40.7,337,25.1
2023-07-26,32.1,27.0,29.0,6.9,6.9,20.0,10.6,28.8,328,12.9
2023-07-27,29.1,26.5,27.4,90.2,90.2,24.0,61.3,112.0,111,3.52
2023-07-28,27.7,25.8,26.6,119.2,119.2,23.0,70.6,124.6,157,3.2
2023-07-29,30.4,27.3,28.8,0.0,0.0,0.0,34.6,59.4,163,22.08
2023-07-30,30.7,26.1,27.6,25.6,25.6,14.0,10.4,23.8,337,17.13
2023-07-31,30.8,25.4,27.6,10.1,10.1,7.0,15.6,32.4,358,19.08
2023-08-01,30.4,25.8,28.0,2.4,2.4,6.0,9.9,23.8,162,23.76
2023-08-02,30.4,26.8,28.7,6.2,6.2,10.0,31.8,58.0,329,20.02
2023-08-03,30.7,26.5,28.7,5.1,5.1,15.0,27.2,47.5,292,20.45
2023-08-04,28.2,24.7,26.7,41.3,41.3,24.0,24.3,42.5,277,4.87
2023-08-05,27.9,24.6,26.1,46.1,46.1,24.0,14.8,31.0,50,9.53
2023-08-06,28.3,24.2,26.7,18.2,18.2,23.0,12.6,28.8,82,14.4
2023-08-07,29.8,25.1,27.2,8.9,8.9,16.0,13.6,32.8,186,20.57
2023-08-08,29.5,24.9,27.2,12.5,12.5,16.0,15.1,26.3,93,17.22
2023-08-09,29.6,25.7,27.4,8.1,8.1,16.0,13.2,33.1,129,18.63
2023-08-10,29.1,24.7,26.8,20.0,20.0,16.0,10.7,28.4,148,15.57
2023-08-11,28.9,24.7,27.1,11.6,11.6,11.0,15.5,31.7,163,15.28
2023-08-12,30.7,24.8,27.7,12.8,12.8,10.0,16.2,32.8,160,22.43
2023-08-13,30.4,26.6,28.1,4.0,4.0,8.0,21.0,40.7,183,22.9
2023-08-14,29.3,25.3,27.6,11.1,11.1,12.0,11.2,31.7,186,21.02
2023-08-15,29.9,25.5,28.0,4.6,4.6,11.0,9.8,28.8,271,21.75
2023-08-16,29.1,25.8,27.5,14.0,14.0,17.0,10.6,28.1,310,18.06
2023-08-17,28.2,24.4,26.5,39.6,39.6,14.0,12.1,27.0,171,10.16
2023-08-18,28.5,24.7,26.3,43.6,43.6,13.0,18.6,42.1,168,11.63
2023-08-19,28.6,25.0,26.9,10.8,10.8,14.0,19.0,39.6,166,17.46
2023-08-20,30.4,25.7,28.2,4.6,4.6,6.0,14.1,28.8,183,23.9
2023-08-21,30.2,25.9,28.2,0.7,0.7,5.0,11.3,26.3,216,24.62
2023-08-22,30.5,26.5,28.5,0.5,0.5,3.0,10.1,26.3,257,23.5
2023-08-23,30.8,26.1,28.7,0.1,0.1,1.0,10.8,26.3,237,24.57
2023-08-24,30.9,26.5,28.1,3.7,3.7,7.0,9.7,22.7,60,18.6
2023-08-25,31.6,26.2,28.5,1.8,1.8,4.0,13.6,31.0,351,23.81
2023-08-26,30.6,26.0,28.0,1.1,1.1,8.0,10.5,25.2,57,20.17
2023-08-27,30.5,25.5,28.4,0.3,0.3,3.0,13.7,32.8,276,23.46
2023-08-28,31.5,25.8,28.6,0.2,0.2,2.0,8.3,21.6,60,23.6
2023-08-29,32.5,26.7,29.3,6.0,6.0,9.0,15.3,33.5,5,22.09
2023-08-30,30.6,26.7,28.5,4.4,4.4,13.0,13.6,31.0,236,13.57
2023-08-31,30.7,26.1,27.9,20.0,20.0,18.0,9.2,25.2,50,11.11
2023-09-01,30.8,26.0,28.0,14.8,14.8,14.0,24.6,44.6,132,13.19
2023-09-02,30.1,25.9,28.1,3.4,3.4,14.0,13.5,31.0,308,16.71
2023-09-03,28.4,26.6,27.4,63.5,63.5,16.0,26.0,63.0,279,4.35
2023-09-04,28.3,26.0,27.1,54.7,54.7,24.0,45.2,82.4,188,10.26
2023-09-05,29.9,25.9,27.5,5.7,5.7,18.0,30.7,57.6,162,20.74
2023-09-06,29.9,26.1,27.7,3.3,3.3,14.0,22.5,39.2,168,19.31
2023-09-07,29.5,25.7,26.9,25.9,25.9,16.0,9.6,25.2,158,13.48
2023-09-08,28.1,25.6,26.3,35.5,35.5,24.0,18.1,36.7,175,10.43
2023-09-09,27.4,24.7,25.8,26.3,26.3,21.0,21.1,42.1,162,8.79
2023-09-10,27.0,24.2,25.4,41.0,41.0,23.0,25.7,50.0,159,9.58
2023-09-11,29.0,24.4,26.7,1.0,1.0,8.0,10.1,25.9,212,19.04
2023-09-12,29.2,24.7,27.1,0.2,0.2,2.0,14.6,31.7,204,22.98
2023-09-13,29.7,24.9,27.6,0.0,0.0,0.0,11.2,26.3,308,22.73
2023-09-14,29.8,24.5,27.6,0.1,0.1,1.0,13.0,29.2,304,22.46
2023-09-15,30.1,25.0,27.4,1.5,1.5,6.0,9.7,24.5,157,20.98
2023-09-16,30.2,25.0,27.9,0.6,0.6,3.0,8.5,23.8,173,22.64
2023-09-17,30.1,25.6,28.0,1.9,1.9,7.0,11.7,27.0,283,20.46
2023-09-18,31.4,26.2,28.5,1.3,1.3,3.0,16.8,35.6,332,21.65
2023-09-19,31.0,25.8,28.3,5.5,5.5,7.0,12.1,29.5,285,21.11
2023-09-20,30.7,26.1,28.1,1.0,1.0,5.0,12.2,28.8,330,22.06
2023-09-21,31.4,26.3,28.7,0.6,0.6,4.0,15.5,32.8,340,22.25
2023-09-22,31.2,26.1,28.5,0.1,0.1,1.0,12.3,29.2,333,21.39
2023-09-23,30.7,25.7,28.0,4.2,4.2,8.0,15.0,33.8,235,19.23
2023-09-24,30.3,25.7,28.3,3.8,3.8,9.0,13.5,30.2,325,20.14
2023-09-25,30.0,25.6,27.8,2.2,2.2,8.0,14.1,31.3,190,20.42
2023-09-26,30.6,26.3,28.2,1.2,1.2,7.0,12.1,28.1,296,19.11
2023-09-27,30.2,25.4,27.5,5.1,5.1,12.0,14.8,28.4,155,17.41
2023-09-28,30.6,25.8,27.8,0.9,0.9,6.0,10.9,26.3,178,19.67
2023-09-29,30.8,25.6,28.2,0.5,0.5,5.0,10.5,25.9,178,21.68
2023-09-30,31.1,26.2,28.6,0.3,0.3,3.0,11.2,27.4,170,21.93
2023-10-01,30.7,26.3,28.3,1.0,1.0,4.0,11.8,26.3,202,20.87
2023-10-02,31.3,25.6,28.3,1.1,1.1,6.0,13.1,24.5,132,20.34
2023-10-03,31.4,23.7,27.2,0.0,0.0,0.0,28.6,53.6,353,21.61
2023-10-04,29.7,26.7,27.8,1.5,1.5,6.0,55.4,96.1,347,8.98
2023-10-05,29.0,26.0,27.4,32.7,32.7,18.0,64.5,117.7,17,3.97
2023-10-06,28.1,25.6,26.7,43.8,43.8,19.0,45.1,78.1,143,6.35
2023-10-07,29.0,24.9,26.7,2.9,2.9,6.0,11.9,37.4,319,13.07
2023-10-08,29.4,24.7,26.6,28.7,28.7,10.0,9.4,32.0,335,16.28
2023-10-09,29.2,24.9,26.8,1.9,1.9,7.0,14.5,31.7,304,18.75
2023-10-10,29.7,24.4,27.1,0.0,0.0,0.0,11.5,27.7,332,20.44
2023-10-11,29.4,24.6,26.7,11.1,11.1,10.0,9.9,25.6,353,18.91
2023-10-12,28.4,24.8,26.5,0.6,0.6,4.0,12.6,28.8,210,19.29
2023-10-13,28.4,24.3,26.4,0.4,0.4,3.0,12.0,25.9,218,19.48
2023-10-14,28.3,24.0,26.1,0.9,0.9,4.0,9.7,24.1,193,19.57
2023-10-15,27.8,24.0,25.7,4.2,4.2,12.0,9.0,21.6,173,13.99
2023-10-16,28.3,24.8,25.9,1.1,1.1,8.0,10.1,24.1,287,11.02
2023-10-17,27.0,23.9,25.4,2.2,2.2,12.0,8.7,19.1,347,6.79
2023-10-18,27.3,23.2,25.6,0.2,0.2,2.0,8.0,19.1,282,8.37
2023-10-19,28.6,23.5,26.3,0.8,0.8,3.0,18.1,35.6,292,18.17
2023-10-20,28.6,24.3,26.3,1.4,1.4,7.0,14.4,29.5,339,15.9
2023-10-21,28.7,22.8,25.8,0.0,0.0,0.0,13.5,28.8,331,19.31
2023-10-22,28.6,23.3,25.7,1.4,1.4,4.0,13.0,30.6,254,19.09
2023-10-23,28.8,23.4,25.8,0.2,0.2,2.0,13.2,30.2,282,19.08
2023-10-24,28.7,23.9,26.3,0.1,0.1,1.0,15.1,31.3,316,18.93
2023-10-25,28.7,24.2,26.3,0.0,0.0,0.0,12.6,29.5,231,19.03
2023-10-26,28.3,24.2,26.3,2.4,2.4,9.0,14.3,31.3,290,18.35
2023-10-27,28.7,23.3,26.2,0.0,0.0,0.0,13.6,29.5,245,17.41
2023-10-28,28.7,23.8,25.9,2.7,2.7,5.0,14.7,28.1,294,17.18
2023-10-29,27.8,22.7,25.1,2.2,2.2,9.0,9.7,24.8,274,17.55
2023-10-30,29.0,22.9,25.4,0.1,0.1,1.0,10.9,23.8,358,15.91
2023-10-31,27.9,22.0,25.0,0.1,0.1,1.0,12.3,28.8,304,18.67
2023-11-01,27.8,22.8,25.3,1.2,1.2,5.0,11.8,28.4,227,17.36
2023-11-02,28.4,22.2,25.3,0.2,0.2,2.0,16.3,34.9,331,18.48
2023-11-03,29.5,22.0,25.7,0.0,0.0,0.0,16.0,32.8,338,19.11
2023-11-04,29.6,22.0,25.7,0.0,0.0,0.0,16.5,33.8,336,18.82
2023-11-05,29.0,22.3,25.9,0.0,0.0,0.0,12.5,29.2,297,18.49
2023-11-06,30.4,23.3,26.7,0.0,0.0,0.0,19.1,37.1,331,18.13
2023-11-07,29.1,23.9,26.5,0.6,0.6,4.0,15.6,28.8,219,16.55
2023-11-08,27.9,23.1,25.8,0.0,0.0,0.0,11.5,28.1,263,17.33
2023-11-09,28.7,22.8,25.9,0.0,0.0,0.0,12.6,29.5,302,17.38
2023-11-10,31.7,23.7,27.2,0.0,0.0,0.0,17.1,32.0,351,17.8
2023-11-11,29.4,23.4,26.2,0.3,0.3,3.0,15.0,27.0,349,16.11
2023-11-12,29.0,22.0,25.1,1.2,1.2,7.0,17.3,32.4,358,14.97
2023-11-13,28.1,20.8,23.7,1.1,1.1,3.0,20.1,36.7,343,16.69
2023-11-14,26.7,20.4,23.3,0.0,0.0,0.0,17.2,36.4,330,16.26
2023-11-15,26.8,20.8,23.8,0.0,0.0,0.0,14.8,32.4,308,16.65
2023-11-16,28.9,21.2,24.2,0.3,0.3,3.0,28.7,54.4,351,16.05
2023-11-17,25.4,17.6,21.0,0.0,0.0,0.0,29.2,51.5,358,15.55
2023-11-18,23.8,15.6,19.5,0.0,0.0,0.0,14.7,32.0,345,17.52
2023-11-19,24.1,15.6,20.6,0.0,0.0,0.0,12.8,29.5,281,14.11
2023-11-20,25.2,17.0,21.3,0.0,0.0,0.0,15.0,33.5,308,17.37
2023-11-21,26.2,19.9,22.7,0.0,0.0,0.0,17.1,36.7,294,17.6
2023-11-22,26.4,18.6,22.5,0.0,0.0,0.0,16.1,33.8,333,17.5
2023-11-23,27.3,18.8,22.8,0.0,0.0,0.0,21.7,41.8,347,17.74
2023-11-24,26.5,19.4,23.2,0.0,0.0,0.0,13.0,28.4,262,16.35
2023-11-25,25.5,18.8,22.6,0.1,0.1,1.0,13.4,30.2,245,16.26
2023-11-26,26.0,19.3,22.6,0.0,0.0,0.0,21.6,40.7,335,16.6
2023-11-27,27.5,19.2,23.2,0.0,0.0,0.0,16.3,31.0,352,10.11
2023-11-28,26.4,20.3,23.6,0.1,0.1,1.0,11.8,28.4,285,15.31
2023-11-29,27.5,21.5,24.5,0.3,0.3,3.0,13.0,28.8,318,12.35
2023-11-30,29.6,22.1,25.0,0.0,0.0,0.0,14.4,31.0,349,14.1
2023-12-01,26.7,19.5,22.8,0.0,0.0,0.0,17.3,31.7,353,11.34
2023-12-02,27.2,18.2,22.2,0.0,0.0,0.0,18.0,34.6,345,16.07
2023-12-03,27.3,19.6,22.8,0.8,0.8,2.0,16.6,32.4,352,12.15
2023-12-04,26.0,19.8,22.6,0.3,0.3,2.0,17.0,35.6,1,10.84
2023-12-05,27.0,19.9,22.6,0.0,0.0,0.0,20.9,40.3,346,15.18
2023-12-06,26.6,19.3,22.2,0.0,0.0,0.0,25.5,47.5,356,14.97
2023-12-07,25.1,18.3,22.0,0.0,0.0,0.0,15.1,29.2,290,15.77
2023-12-08,25.5,19.9,22.9,0.1,0.1,1.0,12.1,29.5,290,14.93
2023-12-09,27.9,20.3,23.8,0.0,0.0,0.0,16.3,34.2,340,16.1
2023-12-10,29.8,21.2,24.9,0.0,0.0,0.0,11.2,27.7,292,13.56
2023-12-11,27.8,22.5,25.2,0.0,0.0,0.0,10.5,26.6,236,13.13
2023-12-12,29.6,22.1,25.3,0.7,0.7,4.0,16.6,34.6,347,14.97
2023-12-13,27.8,20.6,23.9,0.2,0.2,2.0,17.0,33.5,328,15.06
2023-12-14,28.1,20.4,24.0,0.0,0.0,0.0,16.8,34.2,303,15.2
2023-12-15,28.2,21.9,24.4,0.0,0.0,0.0,14.1,31.7,282,14.99
2023-12-16,27.5,17.0,22.6,1.1,1.1,2.0,24.3,47.2,346,14.86
2023-12-17,20.9,16.5,18.6,2.6,2.6,8.0,16.2,31.3,358,4.5
2023-12-18,25.3,16.3,21.3,0.1,0.1,1.0,15.9,32.8,315,15.54
2023-12-19,26.5,18.7,22.4,1.2,1.2,2.0,23.1,41.0,354,7.96
2023-12-20,20.2,16.9,18.1,12.0,12.0,14.0,22.1,39.6,359,4.26
2023-12-21,20.7,13.9,17.1,0.4,0.4,1.0,21.3,39.2,355,7.46
2023-12-22,20.4,12.6,16.1,0.1,0.1,1.0,18.4,36.0,0,12.6
2023-12-23,19.4,15.1,17.2,3.2,3.2,14.0,11.2,20.5,2,3.97
2023-12-24,24.0,14.4,18.4,0.0,0.0,0.0,24.0,46.1,356,14.55
2023-12-25,22.9,12.6,17.4,0.0,0.0,0.0,17.6,29.5,356,15.63
2023-12-26,22.0,13.8,18.5,0.0,0.0,0.0,9.4,24.5,304,12.04
2023-12-27,24.4,17.6,20.8,8.0,8.0,4.0,14.8,31.7,347,9.48
2023-12-28,24.7,19.0,21.2,2.8,2.8,5.0,22.9,44.6,0,11.52
2023-12-29,26.2,18.2,21.4,0.0,0.0,0.0,17.9,33.8,347,15.44
2023-12-30,26.2,18.3,21.5,0.8,0.8,3.0,22.1,41.4,354,12.68
2023-12-31,27.8,19.7,22.9,4.0,4.0,2.0,14.8,31.3,343,15.75
2024-01-01,24.7,17.8,20.8,0.5,0.5,4.0,16.2,30.2,340,14.18
2024-01-02,23.2,16.2,20.0,0.0,0.0,0.0,14.3,33.1,298,15.05
2024-01-03,24.5,15.4,19.4,0.0,0.0,0.0,27.0,51.5,355,16.43
2024-01-04,22.3,13.6,18.0,0.0,0.0,0.0,13.7,31.3,317,15.04
2024-01-05,22.8,16.9,19.3,0.0,0.0,0.0,15.5,34.2,332,16.07
2024-01-06,24.4,15.5,19.3,0.0,0.0,0.0,17.6,36.0,342,16.46
2024-01-07,24.9,15.3,19.6,0.0,0.0,0.0,12.3,24.8,354,11.73
2024-01-08,24.4,15.7,19.9,0.0,0.0,0.0,14.1,29.5,344,11.98
2024-01-09,26.9,17.6,21.1,0.0,0.0,0.0,24.0,46.1,350,15.25
2024-01-10,25.8,16.1,19.7,0.0,0.0,0.0,29.3,54.7,357,16.52
2024-01-11,21.2,13.7,17.6,0.0,0.0,0.0,15.5,34.6,271,16.64
2024-01-12,22.4,15.0,19.4,0.0,0.0,0.0,13.6,31.7,297,16.24
2024-01-13,23.4,15.4,19.5,0.0,0.0,0.0,16.6,36.7,314,16.76
2024-01-14,23.9,16.4,20.4,0.0,0.0,0.0,18.1,37.4,316,15.51
2024-01-15,25.8,15.9,20.3,0.1,0.1,1.0,19.6,38.5,343,17.06
2024-01-16,24.6,15.5,19.6,1.5,1.5,4.0,11.0,26.3,352,14.22
2024-01-17,24.2,15.8,20.3,0.0,0.0,0.0,14.0,32.4,294,16.23
2024-01-18,26.8,17.8,22.1,0.0,0.0,0.0,19.1,40.3,330,16.66
2024-01-19,27.4,19.6,23.4,0.0,0.0,0.0,17.3,37.8,303,15.84
2024-01-20,27.2,19.3,22.5,0.4,0.4,3.0,20.8,41.0,346,16.03
2024-01-21,25.6,17.5,21.3,0.5,0.5,2.0,17.5,32.8,347,14.36
2024-01-22,25.2,14.9,19.1,2.3,2.3,3.0,23.4,44.3,345,16.86
2024-01-23,15.9,10.7,13.0,0.4,0.4,1.0,28.5,50.8,359,9.31
2024-01-24,18.9,11.5,15.3,0.0,0.0,0.0,16.6,33.1,339,15.02
2024-01-25,21.1,14.4,17.0,0.0,0.0,0.0,17.6,33.8,350,10.13
2024-01-26,22.0,12.4,17.0,0.0,0.0,0.0,19.9,40.3,345,17.82
2024-01-27,23.3,13.6,18.1,0.0,0.0,0.0,22.2,44.3,349,17.16
2024-01-28,24.3,13.6,18.6,0.0,0.0,0.0,19.6,35.3,350,16.57
2024-01-29,23.3,14.2,18.9,0.0,0.0,0.0,17.4,38.5,338,17.88
2024-01-30,25.5,16.9,21.3,0.1,0.1,1.0,13.6,32.0,322,17.04
2024-01-31,26.3,17.9,22.1,0.0,0.0,0.0,15.9,35.6,318,17.51
2024-02-01,25.9,17.4,22.3,0.0,0.0,0.0,16.2,36.0,305,18.31
2024-02-02,28.4,18.6,22.5,0.0,0.0,0.0,19.5,41.0,337,17.07
2024-02-03,26.3,17.8,21.9,0.0,0.0,0.0,17.9,37.8,325,17.9
2024-02-04,27.8,19.8,23.7,0.2,0.2,1.0,19.3,38.5,188,11.94
2024-02-05,28.3,20.3,23.6,2.0,2.0,5.0,21.7,43.2,343,18.16
2024-02-06,26.6,18.8,22.0,0.2,0.2,2.0,21.5,42.1,333,16.42
2024-02-07,26.6,16.6,20.9,2.0,2.0,2.0,23.3,44.3,345,17.4
2024-02-08,23.7,15.4,18.9,2.0,2.0,6.0,18.9,36.7,342,15.79
2024-02-09,22.6,14.6,18.0,0.3,0.3,2.0,23.0,45.0,351,16.77
2024-02-10,21.7,14.2,18.0,0.0,0.0,0.0,19.9,34.6,351,8.55
2024-02-11,22.6,13.4,18.1,0.0,0.0,0.0,14.8,34.2,332,19.05
2024-02-12,22.4,13.7,18.3,0.0,0.0,0.0,19.9,42.5,318,19.54
2024-02-13,23.7,13.4,19.0,0.0,0.0,0.0,20.3,42.5,328,20.54
2024-02-14,28.4,15.8,21.6,0.0,0.0,0.0,15.8,33.5,347,20.8
2024-02-15,28.3,16.5,22.6,0.0,0.0,0.0,14.9,33.1,338,19.92
2024-02-16,25.9,17.1,21.2,0.0,0.0,0.0,22.9,46.4,339,18.97
2024-02-17,25.3,16.0,20.5,0.0,0.0,0.0,17.5,39.2,339,20.32
2024-02-18,29.1,16.8,23.2,0.0,0.0,0.0,34.0,58.7,171,19.99
2024-02-19,28.3,21.8,25.1,0.0,0.0,0.0,32.7,58.3,168,19.74
2024-02-20,28.8,22.8,25.6,0.0,0.0,0.0,28.1,47.9,171,20.15
2024-02-21,30.0,23.5,26.2,0.0,0.0,0.0,35.8,66.6,165,21.12
2024-02-22,28.6,22.4,25.2,0.1,0.1,1.0,22.7,41.8,193,20.11
2024-02-23,28.9,18.7,22.8,0.1,0.1,1.0,26.1,50.4,342,20.17
2024-02-24,25.2,16.7,21.2,0.0,0.0,0.0,22.4,46.1,329,20.18
2024-02-25,24.7,16.9,20.6,0.0,0.0,0.0,27.3,53.3,335,20.45
2024-02-26,23.9,15.3,19.6,0.0,0.0,0.0,21.4,43.2,340,20.52
2024-02-27,24.2,16.4,19.9,0.0,0.0,0.0,18.3,35.6,343,15.2
2024-02-28,25.2,16.5,20.7,0.0,0.0,0.0,17.7,38.5,335,20.91
2024-02-29,27.4,17.6,22.7,0.6,0.6,2.0,19.1,38.5,315,21.18
2024-03-01,23.6,15.6,19.1,0.0,0.0,0.0,26.7,49.0,354,12.88
2024-03-02,20.6,14.2,16.8,0.7,0.7,3.0,18.4,35.3,354,8.34
2024-03-03,23.2,14.4,18.8,0.0,0.0,0.0,18.8,39.6,337,20.43
2024-03-04,26.9,15.8,22.3,0.0,0.0,0.0,26.9,52.2,181,21.23
2024-03-05,28.6,23.3,25.9,0.2,0.2,1.0,18.8,37.4,163,20.48
2024-03-06,28.1,22.8,25.3,0.8,0.8,5.0,19.2,41.0,304,19.16
2024-03-07,23.3,18.1,20.7,2.2,2.2,10.0,17.0,31.7,347,6.88
2024-03-08,24.3,16.8,20.0,0.2,0.2,2.0,18.0,32.4,344,14.45
2024-03-09,22.8,16.0,19.5,0.1,0.1,1.0,17.0,36.7,322,17.85
2024-03-10,21.3,17.4,19.6,1.0,1.0,3.0,12.2,26.6,334,8.36
2024-03-11,24.6,18.2,21.3,0.7,0.7,6.0,21.2,41.0,331,16.82
2024-03-12,26.0,16.7,21.0,0.2,0.2,1.0,26.3,47.5,327,22.57
2024-03-13,24.0,17.8,21.3,0.1,0.1,1.0,20.2,42.8,297,17.87
2024-03-14,25.0,18.5,21.5,0.1,0.1,1.0,14.7,33.5,300,17.97
2024-03-15,25.8,18.4,22.3,0.0,0.0,0.0,19.3,41.0,313,21.69
2024-03-16,26.8,18.6,23.1,0.0,0.0,0.0,13.9,33.1,304,21.63
2024-03-17,28.4,19.8,24.0,0.0,0.0,0.0,16.5,37.1,323,21.6
2024-03-18,26.2,19.9,22.8,0.0,0.0,0.0,15.2,32.0,333,15.54
2024-03-19,27.1,18.9,22.2,0.0,0.0,0.0,26.0,52.6,349,21.35
2024-03-20,24.1,18.2,21.3,0.0,0.0,0.0,23.9,49.0,230,22.1
2024-03-21,23.0,18.8,21.2,0.3,0.3,2.0,18.7,38.5,254,12.61
2024-03-22,28.5,17.0,23.6,0.0,0.0,0.0,26.4,51.5,162,22.98
2024-03-23,28.9,23.3,26.0,0.4,0.4,4.0,28.9,55.4,165,21.39
2024-03-24,30.3,24.5,27.0,0.0,0.0,0.0,24.5,49.0,168,22.38
2024-03-25,29.8,24.4,26.7,0.0,0.0,0.0,30.0,54.4,176,23.17
2024-03-26,29.7,23.2,26.1,0.0,0.0,0.0,20.0,43.2,307,22.06
2024-03-27,27.9,22.2,25.0,0.0,0.0,0.0,16.4,37.8,316,19.23
2024-03-28,29.5,22.3,25.5,1.7,1.7,5.0,22.4,50.0,332,16.67
2024-03-29,28.2,23.8,25.7,0.0,0.0,0.0,17.7,32.8,313,16.07
2024-03-30,29.6,24.0,26.3,0.4,0.4,2.0,12.8,31.7,246,20.06
2024-03-31,30.0,23.4,27.0,0.0,0.0,0.0,14.5,39.2,220,19.98
2024-04-01,29.5,23.8,26.7,0.3,0.3,1.0,16.9,38.5,291,21.0
2024-04-02,31.1,23.0,27.1,0.0,0.0,0.0,24.9,49.0,181,23.51
2024-04-03,31.1,24.5,27.8,0.0,0.0,0.0,16.4,33.8,188,23.97
2024-04-04,30.2,22.5,26.7,0.0,0.0,0.0,15.3,35.6,281,24.11
2024-04-05,30.8,22.1,26.6,0.0,0.0,0.0,15.9,37.1,320,24.49
2024-04-06,30.3,22.7,26.3,0.0,0.0,0.0,19.2,41.8,306,23.38
2024-04-07,31.1,23.5,26.8,0.9,0.9,3.0,13.9,33.5,201,22.25
2024-04-08,31.4,24.1,27.3,0.1,0.1,1.0,19.9,40.7,326,21.64
2024-04-09,29.2,23.1,25.8,0.7,0.7,4.0,19.9,42.1,328,18.67
2024-04-10,28.2,22.4,25.3,0.0,0.0,0.0,16.6,37.1,305,21.05
2024-04-11,29.3,22.9,26.0,0.0,0.0,0.0,16.8,37.4,307,21.62
2024-04-12,29.4,24.0,26.7,0.2,0.2,2.0,13.6,33.5,284,21.01
2024-04-13,29.9,24.4,27.2,0.0,0.0,0.0,15.8,37.1,272,22.74
2024-04-14,30.9,24.4,27.7,0.0,0.0,0.0,19.4,40.3,204,22.08
2024-04-15,29.8,25.1,27.1,0.0,0.0,0.0,18.2,40.0,306,23.08
2024-04-16,30.0,23.4,26.8,0.0,0.0,0.0,17.9,37.8,293,24.08
2024-04-17,30.3,23.7,27.0,0.3,0.3,3.0,15.7,35.6,255,22.58
2024-04-18,30.4,25.0,27.4,0.7,0.7,5.0,22.2,46.4,297,22.53
2024-04-19,30.3,25.3,27.8,0.3,0.3,3.0,15.1,35.3,231,24.02
2024-04-20,30.8,24.0,27.6,0.0,0.0,0.0,19.5,40.3,190,24.29
2024-04-21,32.5,24.2,28.3,0.0,0.0,0.0,15.8,35.6,185,24.41
2024-04-22,31.6,26.6,28.7,0.1,0.1,1.0,17.2,38.2,181,22.99
2024-04-23,32.0,25.5,28.4,0.5,0.5,4.0,15.4,35.3,234,19.71
2024-04-24,30.5,24.2,26.1,37.0,37.0,11.0,20.2,43.6,320,16.35
2024-04-25,29.5,23.4,25.5,19.9,19.9,18.0,14.9,33.1,148,11.22
2024-04-26,26.8,24.0,25.1,20.6,20.6,18.0,16.7,29.9,152,7.53
2024-04-27,28.0,24.1,25.8,16.0,16.0,12.0,18.1,32.8,122,11.4
2024-04-28,30.2,24.8,27.3,4.0,4.0,6.0,15.2,30.2,214,22.34
2024-04-29,29.9,24.5,27.3,0.0,0.0,0.0,12.4,29.2,297,24.96
2024-04-30,31.2,25.0,27.6,2.8,2.8,3.0,17.7,34.6,175,25.69
2024-05-01,29.8,24.7,26.7,0.3,0.3,2.0,21.3,40.3,339,16.16
2024-05-02,29.9,23.9,26.6,0.5,0.5,3.0,16.2,34.2,348,24.21
2024-05-03,30.1,22.9,26.7,0.0,0.0,0.0,14.3,32.4,321,23.85
2024-05-04,29.3,24.0,27.0,0.0,0.0,0.0,14.1,33.5,297,25.42
2024-05-05,30.4,25.1,27.8,0.7,0.7,4.0,25.6,46.4,179,24.7
2024-05-06,30.1,25.1,27.5,0.1,0.1,1.0,18.4,38.9,317,25.26
2024-05-07,30.3,24.6,27.4,0.0,0.0,0.0,15.6,34.9,300,25.93
2024-05-08,29.6,25.1,27.4,0.6,0.6,3.0,13.0,32.4,240,25.4
2024-05-09,29.1,23.6,26.8,5.4,5.4,7.0,18.0,39.2,234,24.04
2024-05-10,29.2,24.7,26.7,1.1,1.1,5.0,20.0,39.6,266,25.59
2024-05-11,31.0,23.8,27.2,0.0,0.0,0.0,19.7,41.4,307,25.19
2024-05-12,31.2,25.1,28.0,1.5,1.5,2.0,15.9,29.5,301,19.42
2024-05-13,31.2,24.6,27.1,1.4,1.4,6.0,20.4,42.5,348,20.99
2024-05-14,27.8,24.0,25.8,1.7,1.7,10.0,16.2,36.0,196,21.26
2024-05-15,28.7,23.5,26.4,0.7,0.7,2.0,12.2,28.8,338,22.13
2024-05-16,28.6,24.0,26.0,8.6,8.6,9.0,15.9,35.6,230,20.57
2024-05-17,29.5,23.5,26.2,0.5,0.5,2.0,13.5,31.7,322,22.31
2024-05-18,30.5,24.3,27.0,0.0,0.0,0.0,18.7,39.2,339,21.74
2024-05-19,30.4,23.9,27.0,0.0,0.0,0.0,15.5,33.8,319,17.29
2024-05-20,29.9,24.0,26.2,15.7,15.7,14.0,16.5,34.9,301,14.91
2024-05-21,30.3,25.1,26.8,17.6,17.6,17.0,11.5,28.1,186,17.59
2024-05-22,29.9,24.6,27.4,0.0,0.0,0.0,8.6,21.2,326,15.9
2024-05-23,30.6,24.8,27.7,0.0,0.0,0.0,14.0,32.0,318,19.97
2024-05-24,29.8,25.6,27.5,1.3,1.3,4.0,14.5,24.8,1,13.79
2024-05-25,32.4,25.5,27.8,4.6,4.6,5.0,17.6,49.0,318,22.19
2024-05-26,29.3,24.9,26.9,11.9,11.9,12.0,19.2,33.5,39,7.54
2024-05-27,29.4,24.8,27.1,25.5,25.5,17.0,19.7,33.8,145,13.33
2024-05-28,27.7,24.5,26.0,46.0,46.0,19.0,20.2,41.0,165,8.92
2024-05-29,29.8,24.7,27.1,1.8,1.8,8.0,14.1,29.2,299,17.58
2024-05-30,31.1,26.1,27.8,11.2,11.2,14.0,24.4,44.3,162,19.5
2024-05-31,32.0,27.5,29.6,2.7,2.7,8.0,19.0,39.6,157,19.63
2024-06-01,32.4,27.0,29.6,0.1,0.1,1.0,13.5,27.0,182,24.88
2024-06-02,28.0,25.2,26.6,42.5,42.5,21.0,19.5,40.0,242,9.51
2024-06-03,29.6,23.1,26.5,0.4,0.4,4.0,17.8,33.5,332,19.51
2024-06-04,29.2,25.0,26.5,3.4,3.4,5.0,16.1,33.1,281,17.27
2024-06-05,29.2,24.4,26.8,0.5,0.5,4.0,12.3,29.2,306,23.75
2024-06-06,29.0,25.2,27.1,2.1,2.1,12.0,17.8,33.8,162,17.96
2024-06-07,29.6,25.0,27.2,0.4,0.4,3.0,12.4,29.5,344,23.4
2024-06-08,29.9,25.2,27.7,0.1,0.1,1.0,11.9,27.7,308,23.31
2024-06-09,30.2,26.4,28.3,1.8,1.8,10.0,9.2,26.6,196,19.36
2024-06-10,30.8,25.9,28.4,3.7,3.7,7.0,12.9,26.3,206,24.55
2024-06-11,29.6,24.9,27.4,17.5,17.5,17.0,13.2,36.7,162,17.47
2024-06-12,29.3,25.7,27.3,22.2,22.2,16.0,10.7,28.4,188,16.08
2024-06-13,31.3,25.2,27.9,21.1,21.1,13.0,17.1,29.5,190,18.57
2024-06-14,30.6,25.4,28.3,3.5,3.5,13.0,12.7,29.5,152,23.25
2024-06-15,31.2,26.7,29.1,1.1,1.1,8.0,10.9,29.2,171,24.89
2024-06-16,31.1,27.0,29.1,1.8,1.8,9.0,19.4,37.8,181,23.22
2024-06-17,31.5,27.0,28.9,2.7,2.7,7.0,17.8,36.0,166,21.2
2024-06-18,31.1,27.0,29.1,0.1,0.1,1.0,11.3,28.4,206,26.19
2024-06-19,31.3,27.4,29.3,0.5,0.5,5.0,13.4,29.9,185,27.1
2024-06-20,31.6,27.9,30.0,0.5,0.5,4.0,23.2,41.4,176,26.85
2024-06-21,32.0,28.3,30.2,0.5,0.5,3.0,20.5,38.2,174,25.85
2024-06-22,32.6,28.6,30.3,1.2,1.2,10.0,26.3,50.4,170,26.04
2024-06-23,31.6,27.9,29.7,2.4,2.4,13.0,17.3,38.5,175,25.32
2024-06-24,32.2,27.1,29.6,3.3,3.3,9.0,20.1,40.7,173,24.43
2024-06-25,33.0,28.0,30.3,0.0,0.0,0.0,29.2,54.7,172,25.84
2024-06-26,32.9,26.6,29.9,1.7,1.7,3.0,17.0,35.6,327,24.2
2024-06-27,32.0,26.3,29.5,5.5,5.5,6.0,13.8,34.6,298,24.74
2024-06-28,33.2,27.4,30.4,1.8,1.8,3.0,30.0,56.5,162,26.8
2024-06-29,30.7,27.1,28.8,7.9,7.9,15.0,22.1,47.2,165,22.01
2024-06-30,31.6,26.4,29.3,2.6,2.6,6.0,13.0,33.1,178,25.12
2024-07-01,32.6,28.3,30.3,0.9,0.9,6.0,17.6,36.7,188,25.86
2024-07-02,32.8,28.6,30.5,0.2,0.2,2.0,27.1,50.4,172,26.7
2024-07-03,34.9,26.9,31.1,0.0,0.0,0.0,27.8,52.9,164,27.31
2024-07-04,33.9,27.4,30.1,1.5,1.5,6.0,14.8,33.8,322,25.28
2024-07-05,32.7,27.1,29.8,1.4,1.4,8.0,13.4,32.0,330,24.38
2024-07-06,34.6,26.9,30.3,0.2,0.2,2.0,29.9,57.2,166,25.32
2024-07-07,33.1,26.9,29.6,2.7,2.7,7.0,16.1,34.6,190,22.85
2024-07-08,33.3,26.3,28.7,4.0,4.0,4.0,15.9,37.1,127,21.31
2024-07-09,32.4,25.4,29.2,2.5,2.5,4.0,22.4,40.0,170,26.09
2024-07-10,32.2,28.1,30.0,0.2,0.2,2.0,27.4,49.3,176,25.77
2024-07-11,31.9,27.6,29.8,1.3,1.3,9.0,17.2,37.1,179,24.48
2024-07-12,33.0,27.4,30.1,0.2,0.2,1.0,13.7,31.3,239,25.83
2024-07-13,33.3,27.8,30.3,0.4,0.4,4.0,13.0,27.7,176,25.42
2024-07-14,34.5,26.8,30.5,1.1,1.1,4.0,16.1,38.2,346,25.98
2024-07-15,35.0,27.6,30.6,4.0,4.0,5.0,12.2,34.6,282,24.09
2024-07-16,33.0,27.3,29.7,13.6,13.6,8.0,14.9,34.6,325,23.37
2024-07-17,33.2,27.2,30.1,1.2,1.2,6.0,11.9,30.6,306,24.49
2024-07-18,34.0,27.0,30.1,2.4,2.4,1.0,13.6,32.8,320,23.6
2024-07-19,33.2,26.9,30.3,0.9,0.9,2.0,16.6,36.4,318,25.1
2024-07-20,32.1,25.9,29.6,6.6,6.6,12.0,14.5,33.1,306,24.09
2024-07-21,33.7,26.2,28.9,21.8,21.8,7.0,15.6,34.6,337,21.68
2024-07-22,33.0,27.0,29.5,2.4,2.4,8.0,20.7,42.8,344,24.48
2024-07-23,31.9,27.4,28.9,26.1,26.1,11.0,12.6,24.8,314,22.66
2024-07-24,28.3,26.8,27.6,170.9,170.9,19.0,53.7,94.7,309,4.98
2024-07-25,28.6,27.4,27.9,302.6,302.6,24.0,61.1,106.6,229,1.06
2024-07-26,28.7,26.1,27.6,49.9,49.9,24.0,50.5,88.2,183,6.57
2024-07-27,29.9,26.4,28.1,19.6,19.6,21.0,40.3,74.2,161,15.85
2024-07-28,31.7,27.1,29.2,12.3,12.3,7.0,33.2,58.3,172,22.51
2024-07-29,29.8,25.7,27.7,5.0,5.0,8.0,9.8,24.5,187,21.01
2024-07-30,30.7,26.0,28.1,3.1,3.1,11.0,24.1,45.7,169,23.07
2024-07-31,30.2,26.6,28.1,4.2,4.2,16.0,19.8,40.0,177,20.93
2024-08-01,30.6,26.2,28.5,5.3,5.3,6.0,10.9,25.2,267,24.88
2024-08-02,31.1,26.7,29.1,0.5,0.5,4.0,16.3,34.2,310,24.82
2024-08-03,31.2,27.4,29.1,0.1,0.1,1.0,12.4,29.9,302,24.27
2024-08-04,31.2,26.9,29.2,0.5,0.5,3.0,14.3,31.7,282,24.71
2024-08-05,30.9,26.7,28.5,1.1,1.1,5.0,10.3,25.6,84,23.96
2024-08-06,30.4,26.7,28.4,2.2,2.2,9.0,8.1,22.0,108,21.0
2024-08-07,30.8,26.4,28.4,1.8,1.8,2.0,9.8,24.5,217,23.8
2024-08-08,30.0,26.7,28.3,3.2,3.2,5.0,12.4,29.9,293,18.32
2024-08-09,29.3,25.2,27.7,24.3,24.3,8.0,11.9,24.5,191,19.01
2024-08-10,29.2,24.7,27.1,24.5,24.5,16.0,14.3,33.8,80,17.37
2024-08-11,29.9,25.4,28.0,6.9,6.9,11.0,10.5,27.0,185,24.04
2024-08-12,30.5,26.8,28.5,1.1,1.1,5.0,10.2,24.8,210,24.53
2024-08-13,29.6,26.7,27.8,1.7,1.7,11.0,10.8,26.3,204,17.05
2024-08-14,29.0,26.1,27.0,11.5,11.5,15.0,14.1,31.0,176,13.81
2024-08-15,29.2,26.0,27.3,6.3,6.3,13.0,12.8,28.1,203,17.11
2024-08-16,29.1,25.4,26.9,32.5,32.5,20.0,13.2,28.4,195,17.82
2024-08-17,28.3,25.7,26.9,19.0,19.0,21.0,13.5,25.2,237,7.36
2024-08-18,29.0,25.7,27.1,9.8,9.8,18.0,9.5,30.6,221,13.1
2024-08-19,26.7,25.3,26.1,37.3,37.3,20.0,14.3,32.8,148,7.35
2024-08-20,30.8,25.4,27.1,21.1,21.1,16.0,19.7,46.4,140,16.55
2024-08-21,31.8,26.7,28.6,3.5,3.5,5.0,16.1,44.3,171,23.38
2024-08-22,31.2,26.8,29.0,0.0,0.0,0.0,14.3,30.6,297,24.31
2024-08-23,31.0,26.0,28.8,0.2,0.2,2.0,16.1,33.5,309,24.09
2024-08-24,30.7,26.2,28.6,0.1,0.1,1.0,8.9,24.5,264,23.98
2024-08-25,30.6,25.7,28.3,1.3,1.3,4.0,10.5,25.2,310,21.37
2024-08-26,30.6,26.1,28.3,0.7,0.7,6.0,11.8,27.7,317,23.03
2024-08-27,30.4,26.0,28.5,0.0,0.0,0.0,12.8,28.4,298,24.39
2024-08-28,30.6,26.5,28.8,0.0,0.0,0.0,10.4,26.3,246,24.64
2024-08-29,31.5,26.6,28.9,2.0,2.0,11.0,15.8,33.8,171,23.11
2024-08-30,31.3,26.8,28.9,1.9,1.9,11.0,9.8,25.2,204,22.6
2024-08-31,32.5,27.3,29.1,6.4,6.4,5.0,13.2,28.4,28,21.45
2024-09-01,31.5,26.7,29.0,0.2,0.2,2.0,9.2,24.1,339,23.22
2024-09-02,31.9,26.2,29.0,0.0,0.0,0.0,12.2,29.9,302,23.39
2024-09-03,32.3,26.8,29.4,6.5,6.5,3.0,9.2,27.4,320,20.64
2024-09-04,31.8,27.5,29.0,34.5,34.5,10.0,10.8,29.2,289,15.21
2024-09-05,31.8,27.1,29.0,5.6,5.6,10.0,12.6,29.9,354,17.17
2024-09-06,32.8,26.9,28.8,7.5,7.5,3.0,9.5,26.3,6,20.01
2024-09-07,30.1,25.1,26.9,31.1,31.1,12.0,19.5,47.2,148,13.82
2024-09-08,29.4,24.7,26.6,28.9,28.9,15.0,11.7,29.2,129,17.78
2024-09-09,29.5,25.3,27.0,8.1,8.1,10.0,10.9,25.9,270,19.13
2024-09-10,30.7,25.9,28.0,0.7,0.7,4.0,10.7,26.3,295,22.78
2024-09-11,31.1,26.5,28.8,1.4,1.4,6.0,16.1,29.9,185,21.96
2024-09-12,31.6,26.7,28.4,11.3,11.3,7.0,12.6,28.1,342,16.14
2024-09-13,30.9,26.0,27.9,5.5,5.5,10.0,13.0,26.3,41,19.35
2024-09-14,29.5,25.1,27.0,20.0,20.0,9.0,15.4,32.4,231,15.52
2024-09-15,30.0,25.9,28.0,1.3,1.3,10.0,15.5,33.1,198,22.78
2024-09-16,32.0,26.0,28.7,0.7,0.7,2.0,17.8,36.7,333,20.04
2024-09-17,33.0,27.3,30.0,0.8,0.8,2.0,14.0,31.7,295,22.43
2024-09-18,31.4,27.4,29.1,3.2,3.2,8.0,15.3,30.6,217,17.68
2024-09-19,30.8,25.4,28.5,3.7,3.7,8.0,26.7,45.7,173,21.21
2024-09-20,30.0,27.6,28.5,2.7,2.7,9.0,32.0,63.0,168,18.95
2024-09-21,30.0,26.3,27.3,39.1,39.1,17.0,18.8,31.3,178,14.21
2024-09-22,26.9,24.8,26.3,114.8,114.8,24.0,30.6,52.9,179,3.01
2024-09-23,29.8,24.9,27.0,15.2,15.2,18.0,22.8,43.2,163,17.41
2024-09-24,30.5,25.5,28.0,0.3,0.3,1.0,11.6,25.6,323,19.36
2024-09-25,30.9,26.1,28.4,0.0,0.0,0.0,19.6,38.9,340,19.48
2024-09-26,31.0,26.3,28.3,0.3,0.3,3.0,19.9,39.6,342,21.6
2024-09-27,30.2,25.9,27.8,2.0,2.0,6.0,17.8,36.7,349,19.54
2024-09-28,30.6,25.1,28.0,0.1,0.1,1.0,9.7,22.7,309,21.81
2024-09-29,30.9,26.1,28.1,14.5,14.5,8.0,10.1,28.1,183,17.33
2024-09-30,31.6,26.5,28.8,0.9,0.9,6.0,12.9,29.5,2,15.16
2024-10-01,28.7,25.1,27.3,48.3,48.3,19.0,19.9,34.6,40,5.99
2024-10-02,26.1,24.3,25.2,148.7,148.7,24.0,41.3,84.6,77,2.52
2024-10-03,25.9,24.4,25.4,288.1,288.1,24.0,78.8,138.6,99,1.65
2024-10-04,29.0,24.5,26.8,6.1,6.1,13.0,27.9,47.2,74,14.08
2024-10-05,30.5,23.6,26.7,8.4,8.4,9.0,12.3,27.4,350,18.08
2024-10-06,29.2,24.5,26.8,1.0,1.0,6.0,9.3,23.8,273,17.02
2024-10-07,29.5,24.9,27.0,1.6,1.6,6.0,10.8,25.9,213,19.53
2024-10-08,29.9,25.2,27.1,5.5,5.5,9.0,12.4,29.2,345,19.76
2024-10-09,28.7,24.8,26.4,4.8,4.8,9.0,14.7,31.7,177,19.16
2024-10-10,28.3,23.4,25.6,8.4,8.4,12.0,11.0,25.6,2,20.12
2024-10-11,28.6,22.4,25.5,0.7,0.7,4.0,11.8,24.5,342,19.89
2024-10-12,28.7,23.7,26.0,0.7,0.7,4.0,13.3,29.5,336,19.72
2024-10-13,29.0,23.2,25.9,1.9,1.9,5.0,14.2,31.3,237,19.8
2024-10-14,28.8,23.9,26.6,0.0,0.0,0.0,10.1,24.5,278,19.92
2024-10-15,29.0,24.2,26.8,0.4,0.4,2.0,9.7,25.2,332,19.25
2024-10-16,29.2,24.8,27.1,0.9,0.9,2.0,12.2,27.7,246,18.27
2024-10-17,29.0,24.8,27.0,0.6,0.6,5.0,11.0,25.2,203,17.67
2024-10-18,29.2,24.9,27.4,0.0,0.0,0.0,12.0,27.4,305,19.83
2024-10-19,29.7,24.1,27.1,0.0,0.0,0.0,14.8,31.3,329,19.53
2024-10-20,29.5,25.1,27.2,0.7,0.7,3.0,14.2,31.0,186,18.34
2024-10-21,29.2,24.9,27.2,0.3,0.3,3.0,11.8,27.7,339,18.35
2024-10-22,30.4,24.4,27.1,0.1,0.1,1.0,17.9,34.9,341,18.51
2024-10-23,30.2,22.9,25.8,0.0,0.0,0.0,21.5,40.7,353,17.59
2024-10-24,29.4,22.2,25.5,1.8,1.8,4.0,15.1,37.4,350,12.48
2024-10-25,30.7,23.9,27.1,0.2,0.2,2.0,14.8,28.4,329,14.71
2024-10-26,29.6,25.9,27.1,32.9,32.9,10.0,12.4,29.9,336,11.61
2024-10-27,28.4,24.9,26.3,31.7,31.7,21.0,10.4,27.4,263,13.2
2024-10-28,28.5,24.3,26.2,7.4,7.4,12.0,11.2,25.9,333,17.28
2024-10-29,29.0,23.2,25.9,0.4,0.4,2.0,18.4,34.6,356,17.01
2024-10-30,29.6,21.8,25.5,0.0,0.0,0.0,14.6,27.4,355,15.28
2024-10-31,27.0,23.6,25.4,60.8,60.8,22.0,58.0,103.7,297,3.09
2024-11-01,29.0,25.3,26.9,19.3,19.3,10.0,47.8,87.5,218,12.76
2024-11-02,28.2,23.4,26.1,0.0,0.0,0.0,10.9,25.6,324,18.36
2024-11-03,28.3,23.6,26.0,1.4,1.4,7.0,13.8,30.6,335,17.3
2024-11-04,27.6,24.0,25.9,0.6,0.6,5.0,10.0,23.8,222,16.87
2024-11-05,27.8,22.2,25.2,2.5,2.5,11.0,15.7,29.2,347,16.49
2024-11-06,27.3,20.4,23.6,0.2,0.2,2.0,17.0,32.0,3,17.51
2024-11-07,26.7,19.7,23.3,0.5,0.5,2.0,12.3,24.1,357,17.1
2024-11-08,28.2,21.3,24.4,0.0,0.0,0.0,14.0,30.2,352,15.68
2024-11-09,28.3,22.2,25.2,0.0,0.0,0.0,12.6,28.1,331,17.63
2024-11-10,28.4,22.9,25.6,0.0,0.0,0.0,13.8,30.2,338,16.95
2024-11-11,28.4,22.5,25.4,2.8,2.8,3.0,11.9,27.4,334,16.81
2024-11-12,25.6,24.0,24.8,9.4,9.4,16.0,11.2,23.8,348,3.51
2024-11-13,28.2,23.8,26.0,0.0,0.0,0.0,12.4,30.6,304,15.93
2024-11-14,29.0,23.6,26.0,0.2,0.2,2.0,12.2,32.0,353,13.48
2024-11-15,28.7,24.2,25.6,49.6,49.6,16.0,15.2,38.2,345,8.82
2024-11-16,29.3,23.3,25.9,27.0,27.0,11.0,41.8,79.9,74,15.11
2024-11-17,29.5,23.7,26.1,1.6,1.6,4.0,12.1,31.7,359,16.43
2024-11-18,24.8,21.0,22.8,6.0,6.0,11.0,13.6,27.7,2,4.89
2024-11-19,25.9,20.8,22.9,0.3,0.3,2.0,9.6,23.0,344,10.59
2024-11-20,27.1,20.3,23.5,0.0,0.0,0.0,12.2,31.0,354,15.96
2024-11-21,27.1,20.5,23.2,0.0,0.0,0.0,15.1,33.8,358,15.9
2024-11-22,26.3,19.3,22.7,0.0,0.0,0.0,13.5,28.1,359,15.66
2024-11-23,26.3,20.2,23.3,0.2,0.2,2.0,10.2,28.8,330,15.85
2024-11-24,26.3,21.9,24.1,0.2,0.2,2.0,9.0,26.6,294,14.55
2024-11-25,25.8,21.3,23.8,1.0,1.0,8.0,14.7,37.1,322,15.46
2024-11-26,26.9,18.8,22.8,0.0,0.0,0.0,23.1,50.0,357,16.51
2024-11-27,24.4,17.5,20.4,0.0,0.0,0.0,16.0,35.6,355,15.61
2024-11-28,23.7,16.2,19.5,0.0,0.0,0.0,16.9,37.4,2,16.28
2024-11-29,24.1,15.1,19.4,0.0,0.0,0.0,19.1,37.8,358,17.2
2024-11-30,23.1,15.8,20.1,0.0,0.0,0.0,10.7,31.3,312,16.35
2024-12-01,25.2,18.6,21.4,0.0,0.0,0.0,11.0,31.7,341,16.85
2024-12-02,25.9,18.4,22.0,0.0,0.0,0.0,14.1,37.4,344,16.83
2024-12-03,26.1,19.3,22.7,0.0,0.0,0.0,10.5,31.0,287,16.36
2024-12-04,26.9,19.7,23.5,0.0,0.0,0.0,12.8,34.6,331,16.32
2024-12-05,27.9,19.4,23.3,0.0,0.0,0.0,14.3,36.7,356,16.23
2024-12-06,28.4,18.8,23.0,0.0,0.0,0.0,17.6,42.5,351,16.46
2024-12-07,28.6,19.1,23.1,0.0,0.0,0.0,18.8,44.3,355,15.99
2024-12-08,26.3,17.7,21.5,0.0,0.0,0.0,15.9,35.6,350,15.7
2024-12-09,24.9,17.3,21.1,0.0,0.0,0.0,15.6,40.3,346,15.66
2024-12-10,26.1,17.9,21.9,0.0,0.0,0.0,16.4,41.8,350,15.85
2024-12-11,27.7,18.3,22.5,0.0,0.0,0.0,14.1,35.3,356,16.16
2024-12-12,26.3,17.8,21.8,0.0,0.0,0.0,14.4,37.1,357,14.19
2024-12-13,25.1,18.1,20.8,0.0,0.0,0.0,19.8,42.1,359,8.81
2024-12-14,22.4,14.7,18.1,0.0,0.0,0.0,19.1,42.1,356,11.13
2024-12-15,21.9,13.6,17.5,0.0,0.0,0.0,15.7,36.0,358,14.69
2024-12-16,21.3,15.5,17.9,0.0,0.0,0.0,13.3,33.8,4,7.6
2024-12-17,24.3,15.4,19.6,0.0,0.0,0.0,19.5,45.0,352,16.24
2024-12-18,23.7,15.7,19.1,0.0,0.0,0.0,16.7,38.9,0,13.24
2024-12-19,21.8,15.9,18.3,0.7,0.7,2.0,13.0,31.0,354,13.11
2024-12-20,23.1,14.4,18.8,0.2,0.2,1.0,13.7,36.0,345,16.32
2024-12-21,24.3,16.8,19.7,0.3,0.3,1.0,15.0,36.4,355,12.04
2024-12-22,22.0,14.7,18.0,0.0,0.0,0.0,13.6,30.6,2,10.23
2024-12-23,18.1,15.5,16.6,7.5,7.5,17.0,11.7,25.9,9,3.19
2024-12-24,19.2,15.9,17.5,10.8,10.8,20.0,13.5,26.6,5,3.38
2024-12-25,22.9,17.9,20.1,0.4,0.4,2.0,14.5,28.4,359,6.19
2024-12-26,25.3,18.6,21.2,0.0,0.0,0.0,14.8,32.4,359,14.3
2024-12-27,20.4,17.7,19.1,1.0,1.0,7.0,13.0,27.7,2,4.06
2024-12-28,21.6,14.4,17.6,0.0,0.0,0.0,20.9,44.6,357,15.49
2024-12-29,19.9,12.8,16.9,0.0,0.0,0.0,13.4,35.6,311,15.9
2024-12-30,22.7,17.2,19.7,0.0,0.0,0.0,13.6,32.8,2,8.02
2024-12-31,22.1,17.4,19.6,0.0,0.0,0.0,16.5,33.1,5,8.73
2025-01-01,21.3,18.2,19.4,0.6,0.6,6.0,8.9,27.7,357,6.17
2025-01-02,19.6,17.3,18.3,4.1,4.1,21.0,14.8,30.6,360,3.5
2025-01-03,19.1,16.1,17.6,1.1,1.1,6.0,17.8,37.1,1,5.49
2025-01-04,22.7,14.5,18.8,0.0,0.0,0.0,11.5,31.3,320,16.1
2025-01-05,24.6,16.4,19.4,0.0,0.0,0.0,18.9,42.8,359,15.57
2025-01-06,24.0,16.0,19.6,0.0,0.0,0.0,16.6,33.5,355,17.04
2025-01-07,22.2,16.4,19.3,0.0,0.0,0.0,14.1,36.4,343,13.29
2025-01-08,23.6,16.2,19.5,0.0,0.0,0.0,12.8,30.6,346,16.51
2025-01-09,23.9,15.8,19.3,0.0,0.0,0.0,15.1,38.9,1,11.72
2025-01-10,21.5,13.5,16.6,1.7,1.7,7.0,17.5,39.6,356,15.25
2025-01-11,20.7,13.6,16.5,0.0,0.0,0.0,19.7,42.1,353,14.23
2025-01-12,21.6,11.7,16.3,0.0,0.0,0.0,15.7,34.2,4,17.14
2025-01-13,21.3,12.9,17.2,0.0,0.0,0.0,12.1,34.2,308,17.07
2025-01-14,22.8,16.2,19.0,2.3,2.3,5.0,13.7,29.9,354,8.17
2025-01-15,18.3,14.1,16.7,3.1,3.1,10.0,20.9,47.9,360,4.69
2025-01-16,19.3,12.5,15.8,0.0,0.0,0.0,17.6,37.1,355,16.9
2025-01-17,20.5,11.6,16.2,0.0,0.0,0.0,13.6,33.8,348,17.1
2025-01-18,21.5,14.3,17.6,0.0,0.0,0.0,13.8,34.6,353,12.34
2025-01-19,23.2,15.8,18.7,0.0,0.0,0.0,15.3,42.1,357,15.24
2025-01-20,22.1,14.9,19.0,0.0,0.0,0.0,13.2,34.6,331,17.13
2025-01-21,22.9,15.7,19.7,0.0,0.0,0.0,15.0,40.3,318,17.64
2025-01-22,23.8,18.3,20.9,0.0,0.0,0.0,14.4,37.4,331,16.14
2025-01-23,25.8,17.4,21.1,0.0,0.0,0.0,16.6,41.4,355,17.56
2025-01-24,24.1,17.0,20.7,0.0,0.0,0.0,11.2,32.4,323,17.52
2025-01-25,24.3,16.9,20.6,0.0,0.0,0.0,13.6,37.4,335,17.62
2025-01-26,23.8,15.7,19.1,0.0,0.0,0.0,22.2,49.0,347,17.5
2025-01-27,16.3,12.8,14.7,0.0,0.0,0.0,24.7,54.0,360,5.85
2025-01-28,20.7,11.3,16.0,0.0,0.0,0.0,14.1,37.1,360,12.97
2025-01-29,20.1,15.0,17.5,0.0,0.0,0.0,12.6,35.3,314,15.08
2025-01-30,22.4,16.6,19.2,0.0,0.0,0.0,15.3,40.7,306,18.25
2025-01-31,21.8,16.9,19.1,11.9,11.9,13.0,12.6,28.8,350,11.32
2025-02-01,25.7,17.3,21.0,4.8,4.8,5.0,15.1,32.0,348,14.29
2025-02-02,23.9,17.6,20.2,0.0,0.0,0.0,10.6,27.0,347,15.88
2025-02-03,22.8,14.0,17.8,0.0,0.0,0.0,23.4,51.5,353,15.37
2025-02-04,18.7,12.8,15.6,0.3,0.3,3.0,16.8,37.8,358,7.79
2025-02-05,20.2,13.3,17.1,0.2,0.2,2.0,12.7,34.9,336,15.25
2025-02-06,22.5,15.5,19.0,0.2,0.2,2.0,15.3,37.8,341,18.96
2025-02-07,23.6,15.1,18.4,0.0,0.0,0.0,18.7,39.6,359,12.72
2025-02-08,20.6,13.5,16.2,0.0,0.0,0.0,19.3,43.6,353,11.49
2025-02-09,19.3,12.9,15.9,0.0,0.0,0.0,13.7,36.0,340,16.64
2025-02-10,21.4,13.1,17.4,0.0,0.0,0.0,13.3,36.0,337,19.7
2025-02-11,23.8,15.7,19.6,0.5,0.5,3.0,14.2,37.1,330,16.8
2025-02-12,20.5,17.9,19.2,19.9,19.9,24.0,11.5,26.6,354,4.06
2025-02-13,19.5,16.4,17.8,10.4,10.4,22.0,17.1,37.8,360,4.27
2025-02-14,20.6,15.9,18.3,4.8,4.8,11.0,10.0,22.0,358,6.63
2025-02-15,23.0,16.2,20.0,0.0,0.0,0.0,13.4,34.6,346,19.4
2025-02-16,24.2,17.7,20.5,0.0,0.0,0.0,15.8,36.4,348,20.35
2025-02-17,22.9,17.5,20.0,0.0,0.0,0.0,15.5,38.5,270,19.7
2025-02-18,22.4,16.6,19.3,0.1,0.1,1.0,14.0,34.9,345,18.57
2025-02-19,21.1,15.5,18.2,0.0,0.0,0.0,18.3,45.7,336,18.3
2025-02-20,22.3,15.9,18.7,0.0,0.0,0.0,16.4,40.3,342,18.51
2025-02-21,24.2,16.0,19.1,0.0,0.0,0.0,15.9,38.5,357,19.67
2025-02-22,22.2,14.8,18.6,0.0,0.0,0.0,15.5,40.0,337,20.37
2025-02-23,24.0,16.3,19.1,0.0,0.0,0.0,17.4,41.0,352,19.41
2025-02-24,22.1,14.6,17.9,0.1,0.1,1.0,14.1,35.3,349,14.6
2025-02-25,21.4,16.1,18.3,0.0,0.0,0.0,14.1,37.8,339,15.73
2025-02-26,23.2,15.8,19.3,0.0,0.0,0.0,14.9,40.3,336,16.23
2025-02-27,24.3,16.8,20.5,0.0,0.0,0.0,13.7,36.7,340,15.2
2025-02-28,27.0,18.1,22.6,0.0,0.0,0.0,18.4,46.1,321,21.2
2025-03-01,28.1,18.9,23.6,0.0,0.0,0.0,16.0,42.1,294,20.71
2025-03-02,29.8,20.7,25.3,0.0,0.0,0.0,22.1,47.5,171,20.26
2025-03-03,29.3,24.2,26.2,0.0,0.0,0.0,23.5,46.8,167,18.8
2025-03-04,28.6,22.0,25.0,10.7,10.7,13.0,20.6,52.2,287,18.8
2025-03-05,27.3,20.2,23.1,0.0,0.0,0.0,12.7,34.9,344,19.46
2025-03-06,22.4,17.0,19.4,0.8,0.8,3.0,16.3,37.8,353,14.0
2025-03-07,22.2,16.5,19.0,0.2,0.2,2.0,15.3,41.8,329,16.11
2025-03-08,24.0,15.8,19.4,0.0,0.0,0.0,16.8,42.5,342,20.41
2025-03-09,25.5,15.5,20.4,0.0,0.0,0.0,13.6,35.6,333,21.88
2025-03-10,24.8,17.5,21.2,0.0,0.0,0.0,16.9,42.8,330,21.28
2025-03-11,28.8,18.8,24.0,0.0,0.0,0.0,15.7,41.8,319,21.5
2025-03-12,28.8,20.4,25.2,0.0,0.0,0.0,14.2,38.9,283,21.52
2025-03-13,29.2,23.5,25.5,37.4,37.4,9.0,17.6,36.7,152,13.46
2025-03-14,26.9,22.6,24.7,0.6,0.6,2.0,12.6,25.2,335,14.28
2025-03-15,27.1,21.5,24.0,3.0,3.0,6.0,18.8,44.6,345,18.42
2025-03-16,21.7,15.7,18.5,0.0,0.0,0.0,18.9,43.9,356,14.31
2025-03-17,20.1,14.6,16.4,1.4,1.4,9.0,13.9,33.5,2,7.56
2025-03-18,17.2,13.9,15.6,5.6,5.6,20.0,15.1,31.7,4,4.55
2025-03-19,21.2,15.6,18.1,0.6,0.6,4.0,9.6,21.2,333,10.53
2025-03-20,21.8,16.4,18.9,0.0,0.0,0.0,7.4,22.0,17,8.77
2025-03-21,23.1,16.6,20.3,0.0,0.0,0.0,15.4,41.0,275,22.11
2025-03-22,24.6,17.1,21.2,0.0,0.0,0.0,15.7,42.5,307,23.89
2025-03-23,25.2,17.6,21.7,0.0,0.0,0.0,15.3,41.8,312,23.46
2025-03-24,25.7,18.7,22.6,0.0,0.0,0.0,12.4,36.7,299,23.04
2025-03-25,27.1,19.5,23.7,0.0,0.0,0.0,11.9,34.2,246,23.45
2025-03-26,28.9,23.0,25.8,0.0,0.0,0.0,10.3,32.0,187,23.15
2025-03-27,30.7,23.8,27.0,0.0,0.0,0.0,11.7,34.2,211,23.12
2025-03-28,30.1,21.9,25.9,0.0,0.0,0.0,19.5,48.2,334,21.12
2025-03-29,26.4,19.2,22.6,0.0,0.0,0.0,14.4,38.9,335,16.74
2025-03-30,26.5,18.3,21.8,0.1,0.1,1.0,18.3,46.4,340,19.7
2025-03-31,25.5,17.6,21.2,0.2,0.2,2.0,18.2,41.8,337,20.37
2025-04-01,25.1,15.7,20.2,0.3,0.3,2.0,18.2,44.6,352,20.2
2025-04-02,23.4,17.4,20.1,1.0,1.0,4.0,11.2,29.5,0,8.15
2025-04-03,24.5,19.3,22.1,0.2,0.2,2.0,11.6,32.0,279,12.44
2025-04-04,26.2,19.7,23.4,0.4,0.4,4.0,16.3,42.1,286,22.37
2025-04-05,27.2,21.3,23.8,0.2,0.2,2.0,15.9,41.4,344,14.91
2025-04-06,28.0,21.0,24.4,0.0,0.0,0.0,19.9,46.4,325,20.17
2025-04-07,27.3,22.5,24.8,0.0,0.0,0.0,14.9,41.0,291,21.13
2025-04-08,28.3,23.0,25.6,0.0,0.0,0.0,18.9,46.1,306,21.46
2025-04-09,27.9,22.4,25.4,0.2,0.2,2.0,13.5,38.9,233,22.14
2025-04-10,28.2,23.2,25.8,0.2,0.2,2.0,17.0,41.4,321,16.53
2025-04-11,29.2,22.4,26.5,0.2,0.2,2.0,19.9,48.2,193,23.58
2025-04-12,29.5,25.3,27.2,0.7,0.7,4.0,16.3,38.2,178,16.8
2025-04-13,25.0,19.3,22.1,15.2,15.2,13.0,20.8,49.0,352,8.82
2025-04-14,26.5,20.7,23.4,0.0,0.0,0.0,16.0,42.5,310,24.97
2025-04-15,30.4,20.4,25.3,0.0,0.0,0.0,17.4,43.6,320,26.14
2025-04-16,27.9,21.8,25.1,0.0,0.0,0.0,14.8,41.4,276,25.65
2025-04-17,30.8,21.7,26.5,0.0,0.0,0.0,11.9,35.3,217,23.94
2025-04-18,29.6,25.4,27.4,0.0,0.0,0.0,13.2,37.8,229,22.38
2025-04-19,29.2,25.6,27.4,0.0,0.0,0.0,10.8,32.0,212,16.92
2025-04-20,30.4,25.5,27.6,0.0,0.0,0.0,18.6,47.9,303,24.25
2025-04-21,30.6,25.3,27.5,0.0,0.0,0.0,12.8,37.4,295,23.97
2025-04-22,30.0,24.2,27.0,0.0,0.0,0.0,14.4,38.9,277,25.66
2025-04-23,29.5,24.5,27.1,0.0,0.0,0.0,16.9,44.3,291,23.65
2025-04-24,29.7,25.9,27.4,0.0,0.0,0.0,12.8,37.1,280,23.24
2025-04-25,29.7,24.5,27.4,0.2,0.2,2.0,17.7,45.7,325,22.69
2025-04-26,29.2,23.2,26.4,0.0,0.0,0.0,14.8,36.0,331,15.71
2025-04-27,29.6,23.1,26.9,0.0,0.0,0.0,15.3,41.4,318,25.35
2025-04-28,29.1,24.0,26.7,0.7,0.7,5.0,20.5,51.1,342,22.01
2025-04-29,29.7,24.3,26.7,0.5,0.5,3.0,22.6,55.4,225,25.39
2025-04-30,28.5,24.1,26.5,0.0,0.0,0.0,15.8,42.8,276,23.14
2025-05-01,30.6,24.3,27.5,0.0,0.0,0.0,18.8,48.2,325,25.19
2025-05-02,30.8,24.2,27.4,0.0,0.0,0.0,16.6,44.3,313,26.3
2025-05-03,32.2,24.8,28.4,0.0,0.0,0.0,16.8,45.0,295,24.24
2025-05-04,31.8,25.8,28.9,0.3,0.3,3.0,15.4,43.6,286,24.94
2025-05-05,32.2,25.8,28.8,0.0,0.0,0.0,13.1,38.5,242,25.71
2025-05-06,30.7,25.3,28.3,1.2,1.2,2.0,18.4,48.6,296,24.92
2025-05-07,30.7,24.8,27.8,0.7,0.7,5.0,13.1,38.2,257,24.31
2025-05-08,31.5,25.1,29.1,0.0,0.0,0.0,23.1,49.0,197,25.7
2025-05-09,32.4,24.9,29.1,34.4,34.4,8.0,23.5,52.2,164,23.17
2025-05-10,29.4,24.7,26.9,34.8,34.8,15.0,10.5,30.6,186,16.13
2025-05-11,25.8,21.3,23.9,39.5,39.5,21.0,16.6,34.6,321,5.85
2025-05-12,27.0,21.9,24.2,0.8,0.8,7.0,7.4,22.0,203,8.35
2025-05-13,28.8,23.3,26.1,0.0,0.0,0.0,12.1,32.0,311,26.5
2025-05-14,30.4,23.8,26.9,0.0,0.0,0.0,12.2,33.1,316,27.19
2025-05-15,30.1,24.3,27.6,0.0,0.0,0.0,12.2,33.1,271,26.43
2025-05-16,31.5,25.5,28.5,0.2,0.2,2.0,19.5,46.4,181,26.0
2025-05-17,32.1,26.4,29.2,0.8,0.8,3.0,18.4,45.4,171,25.75
2025-05-18,32.2,27.9,29.7,0.5,0.5,4.0,17.9,43.9,172,25.4
2025-05-19,32.6,27.7,29.9,0.0,0.0,0.0,13.5,37.4,184,26.54
2025-05-20,33.0,27.2,30.1,0.1,0.1,1.0,14.1,36.7,176,26.55
2025-05-21,33.0,28.2,30.3,0.3,0.3,1.0,16.7,34.2,190,25.48
2025-05-22,32.9,28.3,30.4,0.0,0.0,0.0,15.5,42.1,284,26.21
2025-05-23,32.9,28.1,30.3,0.2,0.2,2.0,11.6,36.4,265,25.91
2025-05-24,32.1,27.6,29.7,3.0,3.0,10.0,16.0,41.8,302,23.78
2025-05-25,30.1,25.2,27.2,4.5,4.5,13.0,12.4,37.8,188,22.24
2025-05-26,30.2,25.0,26.9,2.1,2.1,8.0,11.1,31.7,348,18.07
2025-05-27,30.7,23.9,27.5,0.0,0.0,0.0,14.3,39.2,323,22.38
2025-05-28,30.8,25.6,27.7,6.4,6.4,9.0,12.2,40.3,308,20.39
2025-05-29,29.1,24.1,26.1,24.1,24.1,20.0,15.5,39.2,0,15.1
2025-05-30,28.4,24.4,26.2,5.1,5.1,15.0,15.0,38.9,251,18.54
2025-05-31,30.4,24.7,27.4,0.5,0.5,3.0,15.8,39.6,314,25.8
2025-06-01,30.2,25.4,27.5,13.2,13.2,14.0,18.0,42.8,188,19.21
2025-06-02,28.2,26.1,27.3,23.2,23.2,20.0,13.8,34.6,201,12.09
2025-06-03,29.9,25.3,26.9,26.8,26.8,19.0,13.3,33.1,206,15.51
2025-06-04,27.4,25.0,26.4,41.4,41.4,18.0,20.0,41.4,178,8.34
2025-06-05,29.0,25.8,27.2,1.1,1.1,10.0,9.8,28.4,341,14.13
2025-06-06,30.3,25.3,27.6,2.8,2.8,2.0,10.8,31.7,157,20.23
2025-06-07,30.3,26.8,28.6,1.2,1.2,8.0,14.3,36.7,179,24.14
2025-06-08,30.9,27.7,29.2,0.7,0.7,5.0,13.6,32.8,183,25.73
2025-06-09,31.9,26.6,29.1,0.2,0.2,2.0,13.9,37.4,323,24.81
2025-06-10,30.9,27.1,29.1,0.0,0.0,0.0,14.0,37.4,302,23.78
2025-06-11,32.3,27.2,29.5,0.9,0.9,2.0,14.3,38.2,272,24.25
2025-06-12,30.4,25.8,27.6,49.5,49.5,17.0,14.7,29.5,170,10.24
2025-06-13,26.5,25.4,26.1,193.6,193.6,23.0,29.6,59.4,184,2.87
2025-06-14,31.5,25.1,28.6,15.5,15.5,11.0,15.7,40.7,162,25.31
2025-06-15,31.1,27.6,29.4,0.3,0.3,3.0,15.3,37.1,165,26.61
2025-06-16,29.5,26.5,27.8,4.1,4.1,17.0,9.7,24.8,180,16.27
2025-06-17,30.8,26.4,28.6,1.4,1.4,4.0,11.0,31.7,303,24.64
2025-06-18,31.3,26.8,28.7,5.6,5.6,5.0,18.1,42.5,162,19.92
2025-06-19,33.2,26.0,29.1,2.7,2.7,1.0,23.9,54.4,165,24.36
2025-06-20,31.8,26.1,28.8,0.2,0.2,2.0,23.4,52.9,183,25.61
2025-06-21,31.1,26.2,28.9,0.2,0.2,2.0,15.7,39.2,190,26.74
2025-06-22,31.1,27.1,29.0,0.1,0.1,1.0,11.4,32.4,296,25.37
2025-06-23,31.3,26.5,29.1,0.3,0.3,3.0,10.8,32.8,284,25.68
2025-06-24,32.3,27.6,29.9,0.6,0.6,6.0,10.3,32.0,253,25.26
2025-06-25,33.4,27.3,29.9,1.6,1.6,4.0,17.9,45.0,163,23.66
2025-06-26,32.5,26.2,28.8,7.0,7.0,9.0,10.8,32.8,327,22.6
2025-06-27,31.3,25.5,28.1,4.8,4.8,4.0,11.7,27.7,11,24.06
2025-06-28,31.2,25.3,28.5,0.0,0.0,0.0,9.6,29.2,319,25.96
2025-06-29,32.2,26.1,28.4,2.5,2.5,7.0,11.4,33.1,314,23.34
2025-06-30,31.4,25.8,28.7,0.0,0.0,0.0,11.9,32.0,294,24.71
2025-07-01,33.1,27.3,29.6,2.8,2.8,6.0,14.7,38.5,301,24.53
2025-07-02,31.0,27.0,28.9,1.6,1.6,10.0,11.7,33.1,234,23.49
2025-07-03,31.8,27.2,29.3,2.5,2.5,10.0,10.9,32.8,223,25.01
2025-07-04,32.6,26.0,28.7,4.7,4.7,7.0,17.4,40.7,144,21.36
2025-07-05,31.9,25.6,28.3,1.2,1.2,8.0,20.3,50.4,130,21.12
2025-07-06,27.3,23.9,25.8,59.9,59.9,23.0,53.6,107.3,146,6.97
2025-07-07,27.5,24.9,26.2,105.4,105.4,22.0,54.9,107.3,244,9.91
2025-07-08,29.7,24.0,26.4,21.3,21.3,21.0,12.8,33.8,89,19.98
2025-07-09,27.4,23.6,25.5,29.7,29.7,23.0,17.1,40.3,127,13.06
2025-07-10,27.4,23.7,25.4,50.0,50.0,23.0,18.6,36.7,161,6.96
2025-07-11,28.7,25.3,26.9,9.0,9.0,16.0,21.0,51.5,154,15.91
2025-07-12,31.0,27.2,28.9,1.0,1.0,7.0,18.2,34.6,171,25.2
2025-07-13,30.4,27.6,28.8,0.7,0.7,6.0,11.0,29.9,248,25.86
2025-07-14,30.0,26.8,28.6,0.2,0.2,2.0,12.3,33.1,286,24.51
2025-07-15,29.2,26.1,27.8,6.1,6.1,15.0,8.4,24.5,178,15.7
2025-07-16,30.4,26.9,28.5,2.1,2.1,9.0,8.4,23.8,197,21.17
2025-07-17,30.5,26.8,28.6,16.0,16.0,11.0,9.9,28.1,274,21.5
2025-07-18,31.5,26.3,28.4,5.9,5.9,13.0,14.6,37.1,345,21.1
2025-07-19,30.3,26.1,27.6,44.2,44.2,23.0,27.4,52.6,122,9.52
2025-07-20,29.7,26.0,27.5,40.3,40.3,18.0,30.5,61.9,149,9.79
2025-07-21,28.8,25.6,27.1,22.8,22.8,19.0,28.9,56.9,155,9.14
2025-07-22,30.1,25.3,27.8,1.4,1.4,6.0,8.6,24.1,8,16.19
2025-07-23,30.7,25.8,28.4,0.4,0.4,2.0,10.4,29.9,248,25.43
2025-07-24,31.7,26.7,28.8,8.0,8.0,2.0,8.3,25.9,164,23.41
2025-07-25,31.8,26.3,28.8,11.4,11.4,15.0,12.3,32.4,281,23.6
2025-07-26,31.1,25.9,27.8,34.5,34.5,21.0,13.1,27.4,111,17.9
2025-07-27,30.4,24.9,27.5,10.6,10.6,21.0,11.8,31.0,166,23.79
2025-07-28,28.3,24.4,26.3,109.2,109.2,22.0,23.8,45.0,278,8.78
2025-07-29,27.2,24.4,25.9,129.3,129.3,24.0,20.5,46.1,261,3.82
2025-07-30,27.3,24.5,26.0,53.1,53.1,24.0,15.4,33.8,217,9.32
2025-07-31,28.0,24.8,26.7,24.9,24.9,24.0,18.6,38.2,217,9.23
2025-08-01,27.7,24.3,25.8,56.3,56.3,24.0,15.7,34.9,165,7.15
2025-08-02,27.3,24.7,25.7,46.4,46.4,24.0,14.5,32.8,121,8.1
2025-08-03,26.8,24.7,25.4,45.6,45.6,24.0,12.0,28.4,117,5.71
2025-08-04,27.6,25.1,25.9,21.8,21.8,22.0,11.7,29.9,150,9.53
2025-08-05,29.8,25.9,27.8,0.7,0.7,5.0,12.5,29.2,176,17.2
2025-08-06,30.7,26.8,28.6,0.0,0.0,0.0,11.6,30.2,183,26.66
2025-08-07,29.7,25.7,27.8,0.5,0.5,3.0,11.1,30.6,306,24.58
2025-08-08,30.6,25.6,28.2,0.1,0.1,1.0,14.3,37.1,322,24.73
2025-08-09,31.3,26.4,28.6,2.2,2.2,8.0,19.1,45.0,175,24.61
2025-08-10,30.2,26.8,28.1,1.3,1.3,11.0,18.6,40.0,179,22.63
2025-08-11,30.3,26.4,28.3,1.4,1.4,13.0,13.6,36.0,203,23.39
2025-08-12,30.7,26.3,28.4,0.7,0.7,6.0,11.8,33.8,19,23.44
2025-08-13,27.8,25.4,27.0,102.7,102.7,21.0,49.3,103.0,228,3.88
2025-08-14,31.2,25.6,28.2,12.2,12.2,10.0,32.8,72.0,165,22.78
2025-08-15,29.9,26.2,28.1,1.8,1.8,6.0,13.7,36.4,270,23.32
2025-08-16,30.9,25.7,28.4,2.6,2.6,9.0,12.4,31.7,316,23.73
2025-08-17,30.3,26.1,27.9,2.8,2.8,10.0,11.5,32.0,354,22.38
2025-08-18,31.6,25.2,27.6,13.8,13.8,4.0,11.5,31.7,43,20.88
2025-08-19,30.2,25.5,27.4,2.9,2.9,4.0,12.1,33.8,5,19.11
2025-08-20,30.4,25.3,27.8,2.2,2.2,5.0,12.1,41.8,346,19.99
2025-08-21,31.0,24.8,28.1,0.0,0.0,0.0,7.5,25.2,269,24.84
2025-08-22,31.1,26.2,28.6,0.1,0.1,1.0,11.2,30.6,320,24.83
2025-08-23,32.2,26.6,29.3,0.0,0.0,0.0,10.3,31.3,296,23.81
2025-08-24,32.0,24.8,28.7,5.9,5.9,5.0,26.1,51.1,299,22.91
2025-08-25,31.0,25.2,27.8,8.0,8.0,6.0,12.2,26.3,347,23.28
2025-08-26,30.6,25.4,27.4,4.5,4.5,6.0,9.5,29.2,357,21.13
2025-08-27,29.5,25.4,27.3,2.9,2.9,6.0,15.1,34.9,351,10.07
2025-08-28,30.6,26.4,28.6,1.1,1.1,5.0,11.5,31.7,286,17.81
2025-08-29,31.7,26.4,28.8,3.3,3.3,5.0,13.0,33.8,311,23.38
2025-08-30,30.6,26.5,28.5,3.2,3.2,8.0,10.0,29.2,345,22.99
2025-08-31,30.3,26.4,28.2,8.0,8.0,6.0,7.1,22.7,359,16.31
2025-09-01,30.6,26.4,28.3,10.3,10.3,4.0,12.2,33.1,9,20.3
2025-09-02,30.6,26.3,28.6,3.5,3.5,4.0,10.0,27.7,7,17.59
2025-09-03,30.7,26.8,28.4,0.9,0.9,7.0,14.7,37.8,344,21.82
2025-09-04,30.5,26.2,28.1,4.4,4.4,5.0,12.1,33.1,253,22.19
2025-09-05,31.2,25.5,28.4,2.0,2.0,7.0,11.0,31.3,339,22.4
2025-09-06,31.1,25.6,28.3,3.7,3.7,5.0,14.9,39.6,185,21.57
2025-09-07,30.3,26.3,27.9,5.2,5.2,12.0,20.3,46.4,165,21.28
2025-09-08,32.3,25.9,29.0,0.1,0.1,1.0,12.8,33.1,154,20.91
2025-09-09,32.3,27.1,29.6,0.0,0.0,0.0,9.7,28.1,242,21.44
2025-09-10,33.7,27.2,29.2,7.5,7.5,3.0,9.2,32.4,32,20.25
2025-09-11,31.8,26.3,28.5,1.4,1.4,3.0,11.4,32.4,350,20.4
2025-09-12,31.5,26.2,28.8,0.6,0.6,2.0,8.9,28.8,280,21.88
2025-09-13,31.4,26.9,28.9,1.3,1.3,8.0,7.1,25.9,205,19.81
2025-09-14,31.8,26.2,28.8,0.5,0.5,3.0,11.3,32.8,358,19.4
2025-09-15,32.7,26.7,29.2,3.0,3.0,1.0,13.9,38.5,305,21.27
2025-09-16,30.6,27.0,28.9,0.4,0.4,2.0,10.3,28.4,246,13.1
2025-09-17,30.6,25.9,28.1,6.8,6.8,8.0,10.0,30.2,4,15.97
2025-09-18,29.2,25.1,27.1,12.2,12.2,16.0,8.9,28.4,357,9.1
2025-09-19,31.4,25.5,28.0,3.4,3.4,6.0,14.2,36.0,190,19.36
2025-09-20,30.5,25.1,27.4,5.2,5.2,4.0,10.4,30.6,355,18.73
2025-09-21,30.8,25.0,27.9,0.1,0.1,1.0,12.6,33.8,347,22.09
2025-09-22,31.8,26.2,28.5,2.9,2.9,11.0,11.3,25.6,5,13.21
2025-09-23,29.4,25.4,27.2,25.6,25.6,15.0,32.5,67.0,108,7.97
2025-09-24,30.2,25.0,27.6,9.0,9.0,12.0,24.3,54.4,144,16.95
2025-09-25,30.7,26.9,28.6,0.7,0.7,2.0,12.4,32.0,285,21.16
2025-09-26,30.8,27.0,28.9,0.2,0.2,2.0,12.2,32.0,276,19.58
2025-09-27,30.7,26.8,28.7,1.6,1.6,5.0,11.5,31.3,289,20.26
2025-09-28,30.6,25.8,27.8,2.3,2.3,9.0,14.2,37.4,320,19.03
2025-09-29,30.7,25.3,28.0,1.6,1.6,8.0,10.3,28.8,10,20.32
2025-09-30,31.2,25.7,28.1,1.7,1.7,8.0,12.3,34.6,331,20.43
2025-10-01,31.3,25.9,28.3,1.3,1.3,4.0,12.6,36.0,325,20.56
2025-10-02,31.1,26.4,28.6,1.0,1.0,4.0,13.6,35.3,318,20.11
2025-10-03,32.4,25.5,29.0,0.2,0.2,2.0,12.5,38.9,318,21.15
2025-10-04,33.3,26.7,29.7,1.8,1.8,4.0,13.6,36.7,321,19.66
2025-10-05,31.6,26.8,29.1,0.6,0.6,4.0,13.0,36.0,277,19.54
2025-10-06,32.3,26.0,28.9,1.0,1.0,8.0,12.0,32.8,322,20.38
2025-10-07,30.5,26.3,28.4,0.7,0.7,5.0,10.6,31.3,245,20.11
2025-10-08,31.5,26.5,28.9,0.1,0.1,1.0,10.2,31.7,220,19.97
2025-10-09,32.1,26.8,29.2,0.0,0.0,0.0,13.6,38.2,232,20.95
2025-10-10,31.9,26.4,29.2,0.0,0.0,0.0,12.8,36.7,260,20.25
2025-10-11,32.7,26.9,29.4,0.0,0.0,0.0,14.8,41.0,308,20.72
2025-10-12,32.2,25.6,29.1,7.4,7.4,5.0,12.3,34.2,278,19.75
2025-10-13,30.9,26.2,28.5,0.8,0.8,2.0,14.3,35.6,295,20.01
2025-10-14,31.9,25.8,28.2,1.3,1.3,5.0,12.1,33.8,269,19.08
2025-10-15,30.2,26.2,28.4,0.5,0.5,5.0,11.2,31.7,244,19.23
2025-10-16,31.7,26.0,29.1,0.0,0.0,0.0,14.0,36.4,284,20.12
2025-10-17,31.3,27.0,29.0,0.3,0.3,1.0,12.5,36.0,246,18.74
2025-10-18,31.7,25.9,28.9,0.0,0.0,0.0,16.6,39.6,276,19.97
2025-10-19,29.4,26.2,28.1,27.4,27.4,9.0,7.0,20.5,161,8.34
2025-10-20,31.3,25.2,27.7,12.1,12.1,18.0,11.9,36.7,17,13.37
2025-10-21,29.0,24.3,26.6,5.0,5.0,5.0,14.0,30.6,44,14.17
2025-10-22,31.1,23.6,27.1,0.0,0.0,0.0,18.4,37.1,1,16.16
2025-10-23,29.5,23.9,26.9,0.0,0.0,0.0,13.7,35.6,287,14.49
2025-10-24,30.2,24.5,27.5,1.3,1.3,2.0,12.8,28.8,122,14.14
2025-10-25,31.0,25.5,28.4,0.1,0.1,1.0,10.8,32.8,302,18.03
2025-10-26,30.5,23.4,27.2,13.9,13.9,11.0,13.8,36.0,323,18.08
2025-10-27,28.8,23.0,25.7,2.0,2.0,4.0,12.0,31.3,346,17.68
2025-10-28,29.3,22.9,25.6,0.1,0.1,1.0,12.1,29.2,354,12.73
2025-10-29,28.9,22.7,26.1,0.0,0.0,0.0,11.3,31.0,270,18.88
2025-10-30,30.1,24.9,27.3,0.1,0.1,1.0,13.7,36.7,335,15.51
2025-10-31,32.6,24.0,27.4,0.0,0.0,0.0,19.8,45.7,351,18.81
2025-11-01,29.0,22.8,26.2,0.0,0.0,0.0,13.6,37.8,325,18.17
2025-11-02,29.6,24.9,27.1,0.0,0.0,0.0,13.0,36.4,308,15.25
2025-11-03,28.2,24.2,26.0,1.0,1.0,6.0,12.2,34.6,296,16.56
2025-11-04,28.9,22.7,25.8,0.0,0.0,0.0,18.0,43.2,335,17.6
2025-11-05,30.2,22.5,26.2,0.0,0.0,0.0,14.8,36.4,339,18.52
2025-11-06,29.5,23.7,26.6,0.0,0.0,0.0,12.3,34.6,287,18.12
2025-11-07,30.4,25.5,27.5,0.0,0.0,0.0,16.6,43.2,236,17.95
2025-11-08,29.1,24.9,27.0,0.0,0.0,0.0,12.9,34.2,235,16.03
2025-11-09,30.9,25.3,27.3,0.0,0.0,0.0,15.0,40.0,296,16.18
2025-11-10,28.0,23.3,25.7,34.1,34.1,9.0,15.0,39.6,340,4.95
2025-11-11,29.5,23.3,25.8,30.2,30.2,10.0,16.1,35.3,353,13.27
2025-11-12,28.0,23.1,24.8,18.3,18.3,20.0,27.1,55.8,16,7.95
2025-11-13,27.8,23.3,24.9,1.7,1.7,5.0,25.1,56.5,341,15.99
2025-11-14,27.5,22.9,24.9,0.4,0.4,3.0,13.5,33.8,338,17.06
2025-11-15,26.5,22.6,24.6,0.0,0.0,0.0,11.4,30.6,306,17.63
2025-11-16,27.6,21.9,24.7,0.0,0.0,0.0,13.4,33.1,338,17.52
2025-11-17,28.6,22.0,24.8,0.0,0.0,0.0,16.2,37.1,344,17.32
2025-11-18,27.8,19.0,23.0,0.1,0.1,1.0,20.8,49.0,354,14.99
2025-11-19,24.8,17.9,20.6,0.0,0.0,0.0,16.9,37.4,355,13.24
2025-11-20,24.7,17.6,21.1,0.0,0.0,0.0,12.8,28.4,356,11.69
2025-11-21,27.5,18.7,22.9,0.0,0.0,0.0,14.7,32.0,345,16.47
2025-11-22,27.4,19.1,23.3,0.0,0.0,0.0,13.2,36.0,340,17.11
2025-11-23,27.6,19.8,23.8,0.0,0.0,0.0,12.1,34.2,329,17.26
2025-11-24,27.5,21.3,24.3,0.0,0.0,0.0,13.0,36.0,331,16.92
2025-11-25,28.8,20.4,23.7,0.0,0.0,0.0,18.9,44.6,357,16.71
2025-11-26,25.1,18.9,22.4,0.5,0.5,2.0,10.5,31.3,288,12.55
2025-11-27,24.0,20.3,22.0,2.5,2.5,7.0,12.6,28.4,8,4.49
2025-11-28,23.3,19.7,21.5,1.4,1.4,6.0,9.2,20.5,15,5.05
2025-11-29,25.8,21.0,23.1,0.0,0.0,0.0,12.6,34.6,336,16.35
2025-11-30,28.7,20.3,23.9,0.0,0.0,0.0,15.8,36.7,354,14.51
2025-12-01,30.0,20.8,24.5,0.0,0.0,0.0,19.2,41.0,347,15.32
2025-12-02,28.9,21.3,24.9,0.0,0.0,0.0,11.0,30.2,326,16.13
2025-12-03,25.5,19.2,22.5,0.5,0.5,4.0,13.9,31.7,358,9.85
2025-12-04,24.4,18.6,21.4,0.0,0.0,0.0,11.1,32.4,335,14.67
2025-12-05,24.1,18.5,21.2,0.2,0.2,2.0,10.5,32.0,333,16.09
2025-12-06,26.5,18.0,22.1,0.0,0.0,0.0,10.1,32.0,340,15.92
2025-12-07,25.4,18.6,22.3,0.0,0.0,0.0,13.0,34.2,304,15.93
2025-12-08,28.8,19.1,23.1,0.0,0.0,0.0,18.6,38.9,351,16.36
2025-12-09,25.2,19.0,22.3,0.0,0.0,0.0,13.1,33.1,347,14.05
2025-12-10,27.8,19.3,23.5,0.0,0.0,0.0,11.1,34.2,351,15.85
2025-12-11,27.3,20.4,23.0,0.0,0.0,0.0,19.3,42.8,350,16.41
2025-12-12,26.4,19.9,22.9,0.0,0.0,0.0,19.1,45.7,332,15.71
2025-12-13,27.0,19.2,22.5,0.0,0.0,0.0,19.0,45.0,350,16.03
2025-12-14,24.8,17.6,20.5,0.0,0.0,0.0,18.4,38.9,350,15.7
2025-12-15,23.5,17.0,20.3,0.0,0.0,0.0,13.1,35.6,301,13.25
2025-12-16,25.1,18.1,21.4,0.0,0.0,0.0,14.8,37.8,342,15.78
2025-12-17,26.8,17.8,22.1,0.0,0.0,0.0,13.3,32.0,346,16.17
2025-12-18,25.7,19.1,22.4,0.0,0.0,0.0,11.5,32.0,322,13.56
2025-12-19,25.6,20.9,22.8,1.3,1.3,6.0,13.5,28.8,355,8.42
2025-12-20,24.4,20.7,22.4,1.2,1.2,8.0,11.8,23.0,16,5.28
2025-12-21,26.2,19.4,22.1,0.0,0.0,0.0,16.9,36.4,351,14.89
2025-12-22,25.1,17.9,21.7,0.0,0.0,0.0,10.8,32.0,323,15.22
2025-12-23,26.0,19.3,22.9,0.0,0.0,0.0,12.1,34.6,330,15.82
2025-12-24,26.2,20.1,23.1,0.0,0.0,0.0,12.9,36.0,324,14.78
2025-12-25,25.5,15.6,21.1,0.1,0.1,1.0,21.3,51.1,353,15.79
2025-12-26,20.3,15.4,18.0,0.4,0.4,3.0,11.2,29.2,340,8.64
2025-12-27,22.3,16.8,19.2,1.1,1.1,7.0,14.6,31.7,3,6.14
2025-12-28,25.1,16.6,20.4,0.0,0.0,0.0,11.4,29.9,357,12.01
2025-12-29,26.3,17.0,21.2,0.0,0.0,0.0,11.9,25.9,360,9.97
2025-12-30,27.5,18.0,21.9,0.0,0.0,0.0,18.7,45.4,352,16.22
2025-12-31,25.9,16.9,20.9,0.0,0.0,0.0,17.8,42.8,349,16.16
