date,temperature_2m_max,temperature_2m_min,temperature_2m_mean,precipitation_sum,rain_sum,precipitation_hours,windspeed_10m_max,windgusts_10m_max,winddirection_10m_dominant,shortwave_radiation_sum
2015-01-01,13.4,10.7,11.9,0.0,0.0,0.0,18.3,47.5,57,8.91
2015-01-02,14.8,10.7,12.5,0.0,0.0,0.0,19.8,51.8,82,12.46
2015-01-03,18.2,12.0,14.7,0.0,0.0,0.0,17.4,44.6,101,13.12
2015-01-04,21.1,12.6,16.8,0.0,0.0,0.0,6.6,19.8,144,13.81
2015-01-05,22.8,14.4,18.2,0.0,0.0,0.0,7.3,20.5,149,13.58
2015-01-06,22.2,14.6,18.1,0.1,0.1,1.0,13.5,35.3,70,6.46
2015-01-07,17.2,12.5,15.2,1.8,1.8,13.0,15.8,37.8,44,2.56
2015-01-08,12.9,11.0,12.0,0.0,0.0,0.0,16.8,43.9,50,7.5
2015-01-09,15.7,12.0,13.6,0.0,0.0,0.0,19.3,49.7,79,11.06
2015-01-10,17.1,13.5,15.0,0.0,0.0,0.0,20.6,55.8,83,11.21
2015-01-11,18.2,14.5,16.2,0.0,0.0,0.0,22.7,58.7,89,7.59
2015-01-12,17.8,15.4,16.3,0.3,0.3,2.0,28.8,71.6,94,6.8
2015-01-13,21.5,15.9,18.0,0.0,0.0,0.0,22.1,61.6,114,13.99
2015-01-14,16.1,13.3,14.6,1.8,1.8,8.0,14.8,38.5,335,6.0
2015-01-15,15.6,12.7,13.9,0.0,0.0,0.0,16.7,43.6,63,7.87
2015-01-16,16.9,13.7,15.1,0.0,0.0,0.0,14.7,37.1,67,6.72
2015-01-17,14.1,13.1,13.5,0.0,0.0,0.0,21.6,55.4,65,5.44
2015-01-18,17.3,13.0,14.8,0.0,0.0,0.0,16.7,46.1,70,9.59
2015-01-19,15.5,13.5,14.4,0.0,0.0,0.0,21.5,55.8,76,7.41
2015-01-20,19.6,13.4,16.2,0.0,0.0,0.0,18.6,45.4,99,11.67
2015-01-21,18.6,14.0,16.3,1.0,1.0,5.0,11.2,29.9,336,8.51
2015-01-22,15.6,10.9,13.4,0.0,0.0,0.0,15.4,41.8,14,12.32
2015-01-23,17.0,8.3,12.7,0.0,0.0,0.0,16.6,43.2,103,17.33
2015-01-24,21.8,10.4,15.6,0.0,0.0,0.0,14.0,37.4,130,16.99
2015-01-25,22.1,13.1,17.5,0.0,0.0,0.0,9.4,25.6,118,12.6
2015-01-26,19.2,16.3,17.5,0.1,0.1,1.0,6.8,20.9,32,5.24
2015-01-27,17.3,14.9,16.4,10.2,10.2,23.0,15.9,42.8,54,2.49
2015-01-28,15.1,14.3,14.8,3.5,3.5,17.0,20.1,50.8,69,3.94
2015-01-29,19.4,15.2,17.2,0.3,0.3,3.0,13.5,37.1,72,7.04
2015-01-30,16.8,13.3,15.1,8.6,8.6,24.0,16.7,41.8,33,3.7
2015-01-31,14.2,12.8,13.3,2.1,2.1,15.0,18.2,45.4,57,4.73
2015-02-01,15.5,12.9,14.0,0.2,0.2,2.0,18.3,46.1,76,6.73
2015-02-02,18.1,13.3,15.6,0.0,0.0,0.0,15.7,41.0,85,8.07
2015-02-03,17.3,15.1,16.1,4.0,4.0,15.0,15.9,41.8,58,4.87
2015-02-04,15.8,12.9,14.4,5.2,5.2,21.0,19.3,44.3,43,5.55
2015-02-05,12.5,10.2,11.0,7.3,7.3,21.0,15.6,39.2,35,3.08
2015-02-06,14.0,10.2,12.3,0.0,0.0,0.0,16.2,45.0,77,5.21
2015-02-07,19.2,12.1,15.4,2.2,2.2,5.0,9.6,28.4,76,12.23
2015-02-08,14.9,11.1,13.0,11.5,11.5,21.0,17.6,46.1,34,3.85
2015-02-09,11.7,10.3,11.0,3.1,3.1,14.0,17.6,42.5,55,5.05
2015-02-10,14.4,10.9,12.5,0.0,0.0,0.0,16.1,40.3,81,9.31
2015-02-11,18.1,10.8,14.3,0.0,0.0,0.0,8.5,24.5,323,12.73
2015-02-12,17.3,11.2,13.7,0.0,0.0,0.0,12.2,35.3,347,16.8
2015-02-13,19.7,9.3,14.4,0.0,0.0,0.0,18.1,45.7,113,19.66
2015-02-14,22.6,12.8,17.1,0.0,0.0,0.0,12.7,34.6,128,18.35
2015-02-15,23.4,14.8,18.6,0.4,0.4,2.0,8.7,24.1,109,16.03
2015-02-16,20.9,16.0,18.4,9.4,9.4,12.0,9.0,33.1,52,14.29
2015-02-17,19.4,15.7,17.3,0.0,0.0,0.0,15.8,40.7,85,11.78
2015-02-18,17.6,14.9,16.0,0.4,0.4,4.0,19.9,50.0,87,10.15
2015-02-19,16.4,14.2,15.2,0.0,0.0,0.0,20.9,52.6,90,10.09
2015-02-20,22.4,13.8,17.7,0.0,0.0,0.0,10.8,31.7,126,14.91
2015-02-21,23.7,14.3,18.9,1.0,1.0,2.0,6.8,26.3,195,16.57
2015-02-22,21.1,17.1,19.1,0.6,0.6,3.0,10.5,27.4,63,9.94
2015-02-23,21.9,18.2,19.3,0.6,0.6,4.0,9.3,35.3,54,8.2
2015-02-24,21.2,17.6,19.1,2.4,2.4,5.0,9.0,28.8,20,13.46
2015-02-25,24.5,16.6,20.4,0.0,0.0,0.0,7.6,27.0,132,18.78
2015-02-26,22.4,17.5,19.3,0.1,0.1,1.0,9.9,26.3,36,14.62
2015-02-27,24.2,17.6,20.2,0.0,0.0,0.0,18.5,45.0,72,13.18
2015-02-28,23.0,16.9,19.3,0.0,0.0,0.0,8.1,22.7,10,15.14
2015-03-01,16.7,12.0,13.5,1.4,1.4,6.0,16.5,42.1,34,5.28
2015-03-02,18.0,12.6,15.3,0.1,0.1,1.0,14.8,38.5,88,6.28
2015-03-03,21.9,14.8,17.6,0.9,0.9,4.0,13.7,32.4,330,14.79
2015-03-04,16.6,13.9,15.1,0.5,0.5,4.0,18.4,47.5,60,5.65
2015-03-05,20.7,14.4,17.2,0.2,0.2,2.0,18.1,44.6,76,11.03
2015-03-06,17.1,14.9,15.9,5.1,5.1,10.0,13.3,32.0,42,6.27
2015-03-07,18.2,15.2,16.5,0.9,0.9,6.0,12.6,32.8,60,7.92
2015-03-08,25.4,16.5,19.5,0.8,0.8,3.0,9.8,30.2,75,14.45
2015-03-09,18.2,14.0,15.8,2.6,2.6,10.0,16.8,41.4,31,6.21
2015-03-10,13.8,12.3,13.3,5.0,5.0,22.0,23.7,60.8,70,3.4
2015-03-11,14.7,12.4,13.7,21.0,21.0,24.0,17.1,43.9,77,2.5
2015-03-12,15.3,13.8,14.6,10.8,10.8,11.0,14.5,35.6,64,3.26
2015-03-13,23.5,13.4,18.3,0.0,0.0,0.0,8.6,24.1,122,18.55
2015-03-14,24.2,14.9,19.4,0.0,0.0,0.0,6.7,23.8,55,20.33
2015-03-15,25.1,16.6,20.7,0.1,0.1,1.0,8.4,24.8,64,18.48
2015-03-16,25.7,18.0,21.7,1.4,1.4,5.0,6.3,26.6,15,18.18
2015-03-17,27.0,20.1,23.1,0.1,0.1,1.0,7.4,25.9,293,17.54
2015-03-18,26.9,20.1,23.2,0.3,0.3,2.0,8.7,26.3,315,17.73
2015-03-19,27.1,19.4,22.9,0.0,0.0,0.0,10.9,27.7,47,20.88
2015-03-20,27.8,21.3,23.5,0.2,0.2,1.0,8.4,32.4,45,20.91
2015-03-21,21.8,17.9,20.4,1.1,1.1,5.0,11.0,30.6,44,7.23
2015-03-22,19.8,17.6,18.4,0.2,0.2,1.0,17.8,47.2,75,9.05
2015-03-23,21.5,16.5,18.4,32.3,32.3,18.0,24.4,59.8,81,9.83
2015-03-24,18.6,16.3,17.3,6.1,6.1,23.0,24.9,69.1,77,6.91
2015-03-25,17.3,16.0,16.6,36.8,36.8,24.0,18.7,56.9,81,4.9
2015-03-26,20.2,16.8,18.4,18.0,18.0,23.0,14.3,42.8,108,5.23
2015-03-27,19.0,15.0,17.6,5.3,5.3,11.0,9.5,31.0,326,6.31
2015-03-28,20.1,14.1,16.8,0.0,0.0,0.0,8.4,24.8,57,21.88
2015-03-29,24.6,14.9,19.9,0.0,0.0,0.0,10.3,29.5,103,23.21
2015-03-30,25.8,17.9,21.9,0.0,0.0,0.0,6.2,21.6,124,17.45
2015-03-31,26.9,19.3,23.2,0.5,0.5,1.0,8.0,26.3,206,19.19
2015-04-01,28.0,20.6,24.1,1.3,1.3,4.0,6.2,27.0,226,21.36
2015-04-02,27.7,21.0,24.2,0.0,0.0,0.0,7.7,24.1,223,19.18
2015-04-03,28.8,20.0,24.1,0.0,0.0,0.0,5.8,22.3,51,23.9
2015-04-04,28.9,20.8,24.6,0.0,0.0,0.0,5.1,21.2,37,23.77
2015-04-05,28.9,21.8,25.3,0.0,0.0,0.0,6.8,24.1,345,19.53
2015-04-06,28.9,21.8,25.1,3.9,3.9,3.0,7.5,23.8,2,19.4
2015-04-07,22.0,16.6,19.7,4.3,4.3,21.0,16.4,42.5,50,6.27
2015-04-08,17.8,15.1,16.2,2.5,2.5,12.0,17.3,43.6,50,7.58
2015-04-09,20.0,15.8,18.0,12.9,12.9,9.0,14.8,37.8,68,8.39
2015-04-10,19.0,16.4,17.9,7.4,7.4,22.0,13.8,34.2,42,5.17
2015-04-11,17.3,16.0,16.6,26.4,26.4,24.0,14.7,34.2,67,3.15
2015-04-12,20.6,16.7,18.5,3.4,3.4,12.0,10.4,30.2,12,10.34
2015-04-13,19.1,14.5,17.3,0.6,0.6,3.0,15.3,38.5,31,14.28
2015-04-14,20.8,12.7,16.9,0.0,0.0,0.0,21.4,55.4,278,27.75
2015-04-15,24.2,12.3,18.8,0.0,0.0,0.0,8.3,28.1,169,26.61
2015-04-16,26.5,16.0,21.7,0.0,0.0,0.0,12.2,40.7,227,25.62
2015-04-17,27.8,18.7,23.2,0.2,0.2,1.0,9.1,25.9,21,18.97
2015-04-18,27.7,21.0,23.6,9.1,9.1,15.0,5.5,30.6,234,15.22
2015-04-19,28.9,22.4,24.8,10.3,10.3,8.0,7.0,53.3,263,14.64
2015-04-20,28.5,19.0,24.4,11.7,11.7,6.0,15.2,42.5,299,16.74
2015-04-21,19.2,17.9,18.4,4.8,4.8,10.0,14.3,38.2,59,8.34
2015-04-22,21.1,17.8,18.9,0.2,0.2,2.0,16.6,43.9,72,11.98
2015-04-23,24.9,18.3,21.4,1.2,1.2,2.0,16.6,44.3,98,19.27
2015-04-24,25.2,19.8,22.2,5.0,5.0,9.0,12.4,34.9,77,17.01
2015-04-25,22.9,20.2,21.4,0.7,0.7,5.0,19.6,50.0,83,11.94
2015-04-26,25.6,20.0,22.6,0.4,0.4,1.0,13.2,39.2,103,19.82
2015-04-27,27.1,19.8,23.3,7.3,7.3,6.0,6.6,29.9,201,19.08
2015-04-28,27.5,21.0,23.9,6.7,6.7,6.0,13.8,52.9,269,16.49
2015-04-29,27.7,22.4,24.5,11.4,11.4,10.0,10.2,45.0,291,20.01
2015-04-30,24.5,20.9,22.7,1.1,1.1,5.0,12.1,32.0,78,14.63
2015-05-01,27.7,20.4,23.6,3.3,3.3,4.0,7.4,23.4,125,16.42
2015-05-02,28.5,21.0,24.7,3.8,3.8,7.0,6.4,25.2,177,18.19
2015-05-03,29.5,23.2,25.6,5.7,5.7,11.0,13.6,54.0,285,20.6
2015-05-04,23.1,20.2,21.8,5.1,5.1,16.0,14.6,41.0,74,12.69
2015-05-05,23.2,20.0,20.8,14.5,14.5,21.0,13.6,40.7,86,8.16
2015-05-06,28.2,20.1,23.6,4.6,4.6,6.0,10.3,29.5,276,17.29
2015-05-07,26.2,22.0,23.8,0.9,0.9,5.0,10.6,28.8,44,12.81
2015-05-08,28.1,22.1,24.9,2.6,2.6,4.0,8.6,26.3,122,15.9
2015-05-09,29.5,22.6,25.4,19.8,19.8,10.0,8.7,28.8,323,19.31
2015-05-10,28.9,23.8,25.8,6.9,6.9,5.0,12.5,39.2,85,18.15
2015-05-11,27.4,23.7,25.3,1.6,1.6,9.0,9.3,33.8,169,7.36
2015-05-12,24.1,20.1,22.1,9.9,9.9,4.0,14.0,44.3,35,16.6
2015-05-13,29.3,19.9,24.7,0.0,0.0,0.0,7.4,20.5,121,23.23
2015-05-14,29.2,23.9,26.3,0.4,0.4,3.0,8.9,21.2,197,16.19
2015-05-15,30.6,22.9,26.9,0.0,0.0,0.0,8.4,32.0,240,22.4
2015-05-16,30.9,23.0,27.0,0.0,0.0,0.0,9.2,30.6,273,25.99
2015-05-17,29.8,24.8,26.8,0.8,0.8,4.0,7.9,25.6,298,19.85
2015-05-18,30.9,23.8,27.4,0.0,0.0,0.0,12.5,37.8,269,26.76
2015-05-19,31.5,24.2,27.6,0.0,0.0,0.0,12.6,45.0,256,22.59
2015-05-20,28.0,22.3,25.6,16.4,16.4,19.0,11.3,43.2,8,7.85
2015-05-21,22.1,20.8,21.5,17.1,17.1,20.0,18.0,44.6,85,4.8
2015-05-22,29.1,22.2,25.2,13.7,13.7,9.0,10.0,28.4,82,17.16
2015-05-23,27.0,24.3,25.1,15.4,15.4,21.0,7.9,34.2,344,10.23
2015-05-24,26.7,23.6,24.8,31.7,31.7,24.0,10.2,45.0,344,8.0
2015-05-25,26.0,23.1,23.9,3.7,3.7,13.0,11.3,32.0,54,8.56
2015-05-26,26.4,22.7,24.3,28.5,28.5,14.0,8.6,34.9,78,9.55
2015-05-27,28.8,24.0,26.0,8.2,8.2,10.0,6.6,41.8,212,11.9
2015-05-28,32.8,25.0,28.4,0.0,0.0,0.0,19.4,58.7,256,24.36
2015-05-29,31.2,25.6,28.4,0.4,0.4,3.0,7.0,40.7,230,23.74
2015-05-30,33.0,25.2,29.0,0.0,0.0,0.0,16.3,56.9,257,26.53
2015-05-31,29.2,26.1,27.3,17.8,17.8,13.0,7.2,36.4,279,13.01
2015-06-01,29.4,25.4,27.2,5.7,5.7,10.0,6.2,34.6,194,16.95
2015-06-02,30.8,24.8,27.9,1.0,1.0,4.0,6.9,31.7,226,22.95
2015-06-03,31.4,25.3,28.2,0.0,0.0,0.0,10.4,35.3,254,17.95
2015-06-04,29.3,25.6,27.2,1.1,1.1,7.0,4.7,26.6,12,13.91
2015-06-05,31.3,25.6,27.9,1.0,1.0,3.0,11.3,37.4,289,21.61
2015-06-06,28.6,25.4,26.7,9.3,9.3,10.0,6.2,23.8,56,13.8
2015-06-07,29.9,25.9,27.7,8.9,8.9,6.0,6.0,23.8,257,17.73
2015-06-08,31.2,25.3,28.3,0.0,0.0,0.0,9.3,32.8,256,24.68
2015-06-09,31.9,24.8,28.6,0.0,0.0,0.0,9.8,30.6,246,24.03
2015-06-10,32.0,25.9,29.2,0.0,0.0,0.0,7.2,27.4,240,25.17
2015-06-11,32.6,26.0,29.4,0.0,0.0,0.0,9.7,32.4,257,24.61
2015-06-12,31.7,26.2,28.7,4.0,4.0,3.0,7.4,31.3,197,21.17
2015-06-13,31.8,26.1,29.1,3.2,3.2,3.0,8.1,29.5,263,23.64
2015-06-14,31.1,26.2,28.5,7.0,7.0,9.0,5.6,25.6,215,19.4
2015-06-15,30.9,26.3,28.6,2.8,2.8,5.0,7.1,25.9,246,19.16
2015-06-16,32.1,26.1,29.1,0.0,0.0,0.0,10.9,33.1,263,23.9
2015-06-17,33.3,26.1,29.6,0.0,0.0,0.0,9.4,34.6,261,26.82
2015-06-18,34.3,26.1,30.1,0.0,0.0,0.0,12.2,42.8,262,27.36
2015-06-19,32.4,27.5,29.3,0.3,0.3,2.0,11.1,33.8,301,23.46
2015-06-20,31.2,26.8,28.7,3.6,3.6,5.0,11.0,30.6,289,20.68
2015-06-21,31.0,26.1,28.5,14.9,14.9,10.0,9.4,25.6,67,18.99
2015-06-22,31.3,26.6,28.8,14.1,14.1,7.0,6.9,22.3,283,20.42
2015-06-23,31.1,26.7,28.8,21.5,21.5,9.0,7.2,25.6,279,19.08
2015-06-24,31.3,26.7,28.6,13.2,13.2,8.0,5.5,24.1,255,16.92
2015-06-25,32.5,26.6,29.4,0.0,0.0,0.0,13.0,38.2,256,21.65
2015-06-26,33.0,26.8,30.1,0.0,0.0,0.0,12.5,36.0,263,25.47
2015-06-27,33.6,27.6,30.3,0.0,0.0,0.0,16.6,46.8,250,25.01
2015-06-28,34.3,27.1,30.6,0.0,0.0,0.0,15.9,49.7,257,26.83
2015-06-29,33.9,28.3,30.7,0.0,0.0,0.0,18.4,49.0,255,25.89
2015-06-30,33.7,27.7,30.5,0.0,0.0,0.0,14.8,45.7,265,25.58
2015-07-01,34.8,26.5,30.6,0.0,0.0,0.0,15.1,43.6,255,25.99
2015-07-02,33.9,27.5,30.8,0.0,0.0,0.0,10.9,42.8,262,24.01
2015-07-03,31.4,27.7,29.6,0.0,0.0,0.0,10.3,24.5,291,13.6
2015-07-04,32.3,26.8,29.0,4.7,4.7,8.0,9.0,29.5,38,20.91
2015-07-05,33.1,26.6,29.3,0.4,0.4,1.0,16.1,45.0,102,25.73
2015-07-06,33.6,26.7,29.4,0.0,0.0,0.0,21.6,56.9,115,20.97
2015-07-07,33.3,26.7,29.8,0.0,0.0,0.0,12.9,34.9,116,23.84
2015-07-08,32.2,26.4,28.9,0.0,0.0,0.0,28.0,74.5,103,23.17
2015-07-09,30.6,26.1,28.0,11.3,11.3,14.0,18.3,51.8,71,21.68
2015-07-10,26.8,26.3,26.5,78.9,78.9,24.0,28.0,89.6,306,4.27
2015-07-11,32.2,27.0,29.5,3.4,3.4,3.0,30.8,89.6,252,16.29
2015-07-12,32.2,26.6,29.2,4.6,4.6,3.0,9.7,43.6,254,21.79
2015-07-13,31.2,26.5,28.8,1.3,1.3,5.0,11.4,29.5,292,24.8
2015-07-14,30.8,25.4,28.0,0.9,0.9,4.0,8.3,27.0,308,23.09
2015-07-15,30.1,25.7,27.9,2.0,2.0,9.0,7.4,23.4,63,19.24
2015-07-16,30.7,26.3,28.5,1.0,1.0,5.0,9.4,25.9,89,20.46
2015-07-17,30.4,26.6,28.2,1.3,1.3,6.0,9.7,31.0,98,19.13
2015-07-18,31.0,25.9,28.4,0.6,0.6,6.0,11.3,32.4,97,21.9
2015-07-19,30.5,26.3,28.3,19.4,19.4,15.0,7.6,23.4,266,16.79
2015-07-20,30.4,26.9,28.2,18.3,18.3,15.0,5.6,32.0,44,12.83
2015-07-21,30.8,26.2,28.5,8.6,8.6,14.0,7.4,27.0,40,16.1
2015-07-22,31.1,26.8,28.4,18.0,18.0,17.0,5.4,24.5,2,14.39
2015-07-23,29.4,26.2,27.9,16.2,16.2,16.0,10.5,26.3,42,11.69
2015-07-24,31.0,25.5,28.4,0.3,0.3,2.0,8.3,30.6,237,21.59
2015-07-25,31.3,26.5,29.0,0.5,0.5,1.0,8.2,29.5,270,23.65
2015-07-26,32.2,26.8,29.1,2.9,2.9,4.0,7.0,28.1,243,22.13
2015-07-27,32.1,26.3,29.3,0.1,0.1,1.0,6.9,27.0,229,22.86
2015-07-28,32.2,26.8,29.3,10.4,10.4,4.0,4.9,21.6,239,24.01
2015-07-29,31.7,25.6,28.9,0.3,0.3,1.0,5.2,18.0,252,18.17
2015-07-30,31.0,26.4,28.6,5.4,5.4,4.0,5.4,19.1,258,19.81
2015-07-31,32.1,25.5,28.4,4.9,4.9,6.0,5.8,23.0,269,21.23
2015-08-01,31.3,25.7,28.4,1.1,1.1,5.0,8.0,24.8,40,21.1
2015-08-02,31.5,24.9,28.1,0.5,0.5,3.0,9.4,25.9,7,22.6
2015-08-03,32.3,25.3,28.6,0.5,0.5,3.0,8.2,24.5,56,24.12
2015-08-04,32.0,25.3,28.5,0.2,0.2,2.0,8.7,27.7,34,24.33
2015-08-05,30.3,25.4,27.8,1.6,1.6,7.0,11.9,34.6,83,17.79
2015-08-06,30.6,24.7,27.2,9.3,9.3,12.0,17.3,48.6,79,20.72
2015-08-07,29.2,26.2,27.2,90.4,90.4,24.0,41.3,131.8,52,12.21
2015-08-08,27.3,26.0,26.6,278.4,278.4,24.0,71.7,218.5,87,2.21
2015-08-09,29.9,25.6,27.5,9.9,9.9,16.0,11.8,39.6,122,10.83
2015-08-10,31.0,25.5,28.1,7.8,7.8,10.0,5.8,19.4,94,15.7
2015-08-11,31.2,26.0,28.5,0.9,0.9,3.0,5.4,23.8,237,21.69
2015-08-12,31.4,27.2,28.8,2.7,2.7,3.0,4.0,26.3,256,18.91
2015-08-13,30.7,26.7,28.3,17.4,17.4,7.0,6.3,33.5,263,16.8
2015-08-14,29.6,26.6,28.0,9.8,9.8,14.0,5.1,41.4,270,13.56
2015-08-15,31.3,26.1,28.4,4.1,4.1,6.0,8.8,43.6,247,17.56
2015-08-16,30.9,26.6,28.6,0.2,0.2,1.0,13.9,47.9,253,16.5
2015-08-17,32.1,26.6,29.1,0.0,0.0,0.0,13.5,42.8,271,21.34
2015-08-18,29.8,25.9,27.7,16.0,16.0,8.0,7.2,32.8,24,16.94
2015-08-19,30.3,25.5,27.8,0.7,0.7,4.0,13.0,34.2,89,20.73
2015-08-20,31.2,25.9,28.1,0.0,0.0,0.0,21.3,54.7,96,26.0
2015-08-21,29.8,25.6,27.2,0.0,0.0,0.0,24.6,63.4,99,24.13
2015-08-22,29.3,25.4,26.9,1.7,1.7,10.0,27.0,69.8,99,20.74
2015-08-23,27.6,26.1,26.6,40.4,40.4,24.0,18.4,63.4,50,7.28
2015-08-24,31.7,25.9,28.2,17.2,17.2,10.0,16.9,52.9,280,21.1
2015-08-25,28.8,25.8,27.2,8.7,8.7,14.0,11.0,34.9,311,14.48
2015-08-26,28.3,25.6,26.8,13.5,13.5,18.0,5.8,17.6,101,7.29
2015-08-27,26.9,24.7,25.7,28.9,28.9,20.0,6.2,17.3,111,4.18
2015-08-28,27.4,25.3,26.0,33.6,33.6,18.0,4.7,20.5,25,9.9
2015-08-29,27.0,25.3,25.9,22.1,22.1,22.0,6.8,41.4,47,5.12
2015-08-30,27.5,25.3,26.0,26.1,26.1,22.0,6.6,42.8,287,7.74
2015-08-31,27.5,25.0,25.9,16.1,16.1,22.0,11.7,34.9,299,7.27
2015-09-01,29.5,24.3,26.5,10.8,10.8,12.0,5.5,23.4,84,13.65
2015-09-02,30.3,24.7,27.6,6.1,6.1,9.0,4.7,29.2,141,16.09
2015-09-03,29.6,26.8,28.1,12.1,12.1,6.0,5.4,20.5,204,15.54
2015-09-04,29.9,26.5,28.1,0.5,0.5,1.0,4.9,15.5,256,14.4
2015-09-05,31.1,25.3,27.9,6.4,6.4,3.0,8.6,37.8,243,19.11
2015-09-06,31.9,25.6,28.7,0.0,0.0,0.0,10.4,38.9,263,20.73
2015-09-07,26.8,24.9,25.7,8.2,8.2,16.0,9.8,29.5,35,6.09
2015-09-08,28.0,24.5,25.9,0.5,0.5,3.0,14.8,38.2,68,19.74
2015-09-09,27.4,23.1,25.2,0.5,0.5,3.0,14.9,37.8,71,20.52
2015-09-10,27.3,22.8,24.7,0.0,0.0,0.0,13.3,34.2,67,20.46
2015-09-11,27.7,21.2,24.5,0.0,0.0,0.0,12.8,34.2,88,20.88
2015-09-12,27.5,22.0,24.7,0.7,0.7,4.0,16.3,41.8,82,17.83
2015-09-13,26.9,22.4,24.4,0.4,0.4,4.0,20.0,52.6,91,18.89
2015-09-14,28.3,22.4,25.1,0.0,0.0,0.0,21.9,57.2,95,21.05
2015-09-15,29.5,24.0,26.4,3.4,3.4,2.0,10.3,30.6,59,16.68
2015-09-16,27.4,24.3,25.5,7.6,7.6,18.0,12.5,32.0,31,10.58
2015-09-17,26.9,22.7,24.8,0.2,0.2,2.0,13.3,33.8,51,14.18
2015-09-18,26.9,22.1,24.2,0.0,0.0,0.0,12.3,33.5,61,22.67
2015-09-19,27.2,22.2,24.7,0.0,0.0,0.0,11.1,31.7,75,22.92
2015-09-20,28.0,22.8,25.2,0.5,0.5,2.0,10.7,28.4,82,16.11
2015-09-21,27.7,23.8,25.8,1.3,1.3,6.0,11.9,30.2,89,10.62
2015-09-22,29.4,24.2,26.7,0.8,0.8,3.0,7.1,20.5,108,17.85
2015-09-23,30.1,24.6,27.3,0.2,0.2,1.0,9.5,32.4,270,20.84
2015-09-24,29.3,24.8,26.3,3.8,3.8,7.0,8.2,30.6,352,13.17
2015-09-25,28.2,24.1,25.8,0.0,0.0,0.0,10.2,28.8,60,17.83
2015-09-26,26.9,24.0,25.2,0.1,0.1,1.0,13.2,35.6,28,9.69
2015-09-27,25.9,23.8,24.5,28.4,28.4,24.0,18.5,43.2,15,9.36
2015-09-28,27.2,24.5,25.9,150.1,150.1,24.0,50.8,145.4,46,4.07
2015-09-29,29.3,25.9,27.3,21.1,21.1,10.0,41.0,139.0,114,8.07
2015-09-30,30.1,24.4,27.1,4.4,4.4,6.0,7.1,22.3,227,14.48
2015-10-01,29.6,24.5,27.2,4.2,4.2,11.0,6.6,28.8,257,16.37
2015-10-02,25.5,24.4,25.0,10.3,10.3,17.0,19.0,48.2,70,4.37
2015-10-03,31.4,24.9,27.6,0.0,0.0,0.0,9.0,31.3,116,19.42
2015-10-04,30.1,25.1,27.1,0.0,0.0,0.0,16.2,45.4,104,20.17
2015-10-05,29.3,23.6,26.5,0.2,0.2,2.0,13.1,35.3,101,18.72
2015-10-06,28.0,24.3,25.9,0.0,0.0,0.0,17.2,44.6,86,16.47
2015-10-07,27.4,23.6,25.1,0.0,0.0,0.0,12.2,31.7,84,18.36
2015-10-08,27.0,23.4,25.0,34.1,34.1,15.0,11.0,40.7,293,10.87
2015-10-09,24.4,22.9,23.6,22.0,22.0,20.0,18.4,44.3,39,5.14
2015-10-10,24.8,22.8,23.6,2.6,2.6,9.0,12.2,31.3,48,7.59
2015-10-11,22.8,21.7,22.4,2.0,2.0,8.0,16.6,37.8,56,2.78
2015-10-12,24.4,21.0,22.4,0.0,0.0,0.0,21.4,56.9,84,17.41
2015-10-13,23.9,19.9,21.8,0.0,0.0,0.0,18.8,49.3,82,19.79
2015-10-14,24.1,19.6,21.8,0.0,0.0,0.0,19.8,51.5,83,17.08
2015-10-15,25.3,20.1,22.7,0.0,0.0,0.0,18.2,49.0,81,16.91
2015-10-16,25.7,21.0,23.2,2.2,2.2,10.0,21.6,56.5,74,14.59
2015-10-17,25.0,22.3,23.4,1.1,1.1,5.0,23.5,59.8,74,13.71
2015-10-18,25.6,22.0,23.5,0.6,0.6,5.0,22.8,59.4,81,10.23
2015-10-19,26.6,23.3,24.5,0.1,0.1,1.0,26.0,67.3,92,15.89
2015-10-20,24.2,23.3,23.7,10.2,10.2,21.0,20.2,59.4,93,4.01
2015-10-21,24.0,22.5,23.2,10.2,10.2,22.0,18.5,52.2,85,3.93
2015-10-22,24.7,22.9,23.4,5.8,5.8,15.0,19.2,48.2,78,8.58
2015-10-23,25.8,23.0,24.0,6.6,6.6,21.0,10.9,34.2,51,6.69
2015-10-24,24.7,23.2,23.8,9.1,9.1,19.0,13.3,33.8,55,5.45
2015-10-25,25.1,22.1,23.4,0.7,0.7,6.0,20.0,50.0,81,12.35
2015-10-26,26.4,21.8,23.6,0.0,0.0,0.0,13.9,34.2,102,13.86
2015-10-27,28.1,22.1,24.6,0.0,0.0,0.0,9.1,26.3,320,17.01
2015-10-28,25.9,22.7,23.8,1.5,1.5,8.0,15.5,40.3,87,11.85
2015-10-29,27.8,22.1,24.7,0.4,0.4,2.0,7.0,22.3,179,15.01
2015-10-30,26.0,22.4,23.7,5.6,5.6,15.0,16.3,38.9,23,12.65
2015-10-31,22.4,20.9,21.5,12.7,12.7,21.0,19.5,49.3,60,3.5
2015-11-01,23.4,20.9,21.7,2.6,2.6,17.0,14.9,42.8,71,7.6
2015-11-02,21.1,19.9,20.4,7.2,7.2,20.0,18.4,45.7,55,4.22
2015-11-03,22.8,20.7,21.9,7.5,7.5,24.0,19.7,51.1,77,4.53
2015-11-04,25.6,22.3,23.5,3.1,3.1,11.0,20.5,47.2,105,6.1
2015-11-05,28.4,22.1,24.7,0.4,0.4,2.0,9.3,24.5,105,15.66
2015-11-06,29.2,22.5,25.5,0.0,0.0,0.0,14.3,29.9,111,15.33
2015-11-07,29.0,22.9,25.5,0.2,0.2,1.0,6.9,19.1,170,14.55
2015-11-08,28.1,23.1,25.2,0.2,0.2,1.0,6.1,21.6,352,12.84
2015-11-09,25.8,20.8,23.2,6.0,6.0,15.0,13.8,37.4,24,9.83
2015-11-10,21.6,19.9,20.7,4.1,4.1,15.0,18.3,48.2,63,4.68
2015-11-11,21.9,20.2,20.9,0.6,0.6,3.0,19.1,46.8,86,5.92
2015-11-12,25.5,20.7,22.7,0.0,0.0,0.0,17.2,49.0,100,11.42
2015-11-13,26.8,21.1,23.5,1.7,1.7,7.0,8.2,26.3,259,13.01
2015-11-14,23.9,21.7,22.5,4.1,4.1,12.0,10.9,29.9,67,6.42
2015-11-15,24.8,21.8,22.9,0.3,0.3,3.0,19.5,48.2,95,10.86
2015-11-16,28.2,20.9,24.3,0.0,0.0,0.0,9.7,34.9,143,15.61
2015-11-17,28.8,21.9,25.0,0.0,0.0,0.0,5.5,17.3,149,14.94
2015-11-18,28.3,22.8,24.9,1.1,1.1,6.0,8.5,24.5,297,14.82
2015-11-19,24.2,22.3,23.1,0.7,0.7,5.0,12.1,32.0,70,4.99
2015-11-20,25.0,22.1,23.4,6.1,6.1,9.0,19.2,51.5,89,11.95
2015-11-21,25.4,22.0,23.2,16.1,16.1,14.0,17.5,44.6,94,9.23
2015-11-22,25.9,21.7,23.2,0.2,0.2,1.0,16.3,41.4,97,12.14
2015-11-23,25.2,20.8,22.5,5.8,5.8,15.0,17.3,44.3,66,11.66
2015-11-24,22.8,20.6,21.4,5.2,5.2,15.0,15.3,43.9,56,4.1
2015-11-25,20.8,16.6,19.4,15.4,15.4,21.0,18.0,46.1,28,4.9
2015-11-26,16.3,12.5,14.1,1.6,1.6,4.0,15.6,39.6,31,8.38
2015-11-27,16.5,12.3,14.4,0.0,0.0,0.0,18.9,50.8,77,8.82
2015-11-28,22.6,15.7,19.0,0.0,0.0,0.0,18.5,47.2,102,13.98
2015-11-29,24.1,16.8,20.0,0.5,0.5,3.0,12.3,32.0,322,11.2
2015-11-30,21.0,18.5,19.7,1.2,1.2,9.0,15.9,41.0,67,6.52
2015-12-01,22.8,19.7,20.9,0.9,0.9,7.0,14.3,36.4,79,9.61
2015-12-02,23.5,18.8,20.9,2.3,2.3,12.0,12.2,33.8,341,9.71
2015-12-03,18.6,16.6,17.1,2.5,2.5,7.0,17.4,45.0,58,4.45
2015-12-04,17.6,16.4,16.9,0.0,0.0,0.0,21.3,54.7,84,4.94
2015-12-05,23.1,16.5,19.7,0.0,0.0,0.0,23.4,57.6,98,11.22
2015-12-06,19.3,17.2,17.9,7.5,7.5,22.0,15.6,41.0,29,4.38
2015-12-07,18.9,17.1,18.0,0.8,0.8,7.0,18.8,46.8,68,4.26
2015-12-08,19.5,18.0,18.7,2.5,2.5,13.0,22.1,58.0,83,3.15
2015-12-09,22.1,19.3,20.4,12.6,12.6,10.0,22.1,54.0,105,5.78
2015-12-10,21.1,16.7,19.3,16.3,16.3,11.0,16.4,55.4,300,7.37
2015-12-11,18.6,16.3,17.5,2.8,2.8,19.0,16.6,41.4,47,4.53
2015-12-12,18.8,17.3,18.0,2.5,2.5,13.0,17.6,44.3,76,5.48
2015-12-13,23.5,18.2,20.3,0.0,0.0,0.0,13.6,37.8,98,10.99
2015-12-14,20.8,18.1,19.7,6.7,6.7,20.0,13.0,37.4,54,3.49
2015-12-15,17.9,15.0,16.6,3.7,3.7,19.0,15.4,38.5,41,3.67
2015-12-16,14.8,12.0,13.5,1.2,1.2,9.0,16.9,42.1,21,3.82
2015-12-17,11.9,10.1,11.0,0.0,0.0,0.0,18.2,45.7,41,5.39
2015-12-18,16.8,11.8,14.7,0.0,0.0,0.0,19.8,50.4,74,7.85
2015-12-19,19.6,15.1,17.5,0.1,0.1,1.0,21.7,60.5,86,6.88
2015-12-20,21.9,16.0,19.1,0.2,0.2,1.0,13.5,41.4,121,7.28
2015-12-21,22.2,18.0,19.8,0.0,0.0,0.0,11.1,30.2,65,7.1
2015-12-22,25.9,18.5,21.7,0.0,0.0,0.0,9.1,25.9,128,11.8
2015-12-23,24.1,19.5,21.3,0.0,0.0,0.0,7.6,20.5,56,11.12
2015-12-24,24.0,19.0,20.7,0.1,0.1,1.0,10.2,27.7,315,8.91
2015-12-25,19.4,15.9,17.4,7.5,7.5,20.0,14.2,34.9,28,2.06
2015-12-26,18.8,15.8,17.2,0.2,0.2,1.0,16.0,38.2,69,5.25
2015-12-27,18.3,15.9,17.2,7.6,7.6,18.0,11.4,29.9,30,1.61
2015-12-28,16.3,14.9,15.6,4.6,4.6,18.0,17.4,45.4,51,3.65
2015-12-29,17.4,14.7,15.8,0.3,0.3,2.0,19.2,50.8,78,5.34
2015-12-30,16.7,15.2,16.2,6.7,6.7,18.0,15.9,45.7,57,2.5
2015-12-31,15.6,15.1,15.4,2.8,2.8,14.0,16.4,44.6,62,2.93
2016-01-01,21.2,15.7,18.0,0.0,0.0,0.0,20.7,50.4,95,9.62
2016-01-02,23.5,15.8,19.0,5.1,5.1,8.0,7.5,20.2,36,11.89
2016-01-03,21.1,18.0,19.2,11.8,11.8,19.0,7.0,22.7,85,6.18
2016-01-04,24.1,18.2,20.7,3.2,3.2,8.0,6.1,20.5,103,9.04
2016-01-05,24.6,18.8,21.2,7.6,7.6,8.0,8.1,29.9,61,11.58
2016-01-06,20.3,16.8,18.4,9.7,9.7,17.0,11.0,31.7,27,4.04
2016-01-07,17.7,16.3,16.8,2.5,2.5,9.0,19.1,44.3,63,4.4
2016-01-08,17.0,15.2,16.3,5.4,5.4,21.0,15.3,38.5,37,3.51
2016-01-09,18.3,14.7,16.2,0.0,0.0,0.0,17.0,43.6,79,7.75
2016-01-10,22.1,15.2,18.4,0.0,0.0,0.0,11.3,30.2,88,9.21
2016-01-11,19.3,16.8,18.2,10.2,10.2,21.0,9.9,26.6,353,2.19
2016-01-12,16.8,14.7,15.7,9.7,9.7,24.0,17.3,44.6,43,3.37
2016-01-13,15.2,13.7,14.5,5.1,5.1,22.0,15.5,43.2,50,2.96
2016-01-14,15.3,13.1,14.3,0.3,0.3,2.0,15.8,37.8,61,4.6
2016-01-15,17.1,14.2,15.5,5.4,5.4,18.0,8.4,23.4,33,3.21
2016-01-16,19.6,15.4,17.3,1.2,1.2,5.0,18.4,46.8,91,7.53
2016-01-17,18.3,14.0,16.7,7.5,7.5,18.0,12.6,33.8,310,4.23
2016-01-18,14.7,11.9,13.4,1.2,1.2,4.0,15.1,42.8,40,8.71
2016-01-19,14.2,13.0,13.4,0.8,0.8,8.0,18.1,46.1,71,3.5
2016-01-20,16.5,13.1,14.9,2.1,2.1,12.0,20.9,52.9,85,3.89
2016-01-21,17.5,14.7,16.0,4.9,4.9,14.0,10.9,31.7,14,2.99
2016-01-22,18.5,14.4,16.0,17.2,17.2,16.0,17.0,46.1,56,5.66
2016-01-23,14.6,6.6,10.8,27.9,27.8,24.0,15.8,44.3,0,1.38
2016-01-24,6.2,4.0,4.7,5.6,1.6,11.0,17.1,46.8,343,5.62
2016-01-25,9.0,3.8,6.6,0.0,0.0,0.0,15.3,38.5,38,9.83
2016-01-26,17.1,8.0,12.8,0.0,0.0,0.0,21.0,53.3,103,15.12
2016-01-27,21.3,13.9,17.3,5.9,5.9,10.0,10.2,31.0,130,10.36
2016-01-28,21.4,15.5,17.9,10.7,10.7,17.0,9.2,24.8,262,7.05
2016-01-29,18.8,15.4,16.9,13.6,13.6,16.0,8.7,25.6,339,3.9
2016-01-30,16.5,14.7,15.7,14.2,14.2,13.0,12.4,36.7,50,2.84
2016-01-31,18.4,14.7,16.2,0.3,0.3,2.0,20.7,51.8,79,6.81
2016-02-01,16.5,12.1,13.6,10.0,10.0,24.0,16.7,43.2,43,2.34
2016-02-02,12.2,11.4,11.7,3.8,3.8,18.0,16.8,40.3,50,2.86
2016-02-03,14.1,11.9,13.1,1.1,1.1,6.0,15.9,38.9,62,3.15
2016-02-04,17.3,14.1,15.4,3.4,3.4,14.0,12.1,33.1,58,3.82
2016-02-05,14.6,12.0,13.5,5.3,5.3,22.0,16.0,38.9,17,3.53
2016-02-06,11.9,8.5,10.6,1.4,1.4,6.0,16.9,43.9,3,7.49
2016-02-07,12.3,7.5,9.7,0.0,0.0,0.0,13.4,36.0,19,19.05
2016-02-08,15.6,7.3,11.6,0.0,0.0,0.0,11.5,32.8,114,19.65
2016-02-09,20.4,7.6,14.0,0.0,0.0,0.0,11.9,31.7,110,19.08
2016-02-10,22.5,12.8,17.3,0.0,0.0,0.0,10.5,27.7,132,15.06
2016-02-11,24.3,15.5,19.1,0.7,0.7,1.0,8.9,25.6,147,15.76
2016-02-12,24.4,16.2,20.1,0.2,0.2,2.0,5.4,20.9,151,13.55
2016-02-13,26.7,16.3,21.3,0.0,0.0,0.0,10.2,29.9,200,17.58
2016-02-14,20.8,11.1,16.0,6.3,6.3,17.0,16.6,42.5,31,2.83
2016-02-15,10.7,9.0,9.4,3.0,3.0,14.0,15.1,38.5,32,2.81
2016-02-16,12.8,9.7,11.5,0.7,0.7,3.0,17.4,44.6,75,6.88
2016-02-17,14.4,12.2,13.3,5.0,5.0,16.0,18.8,44.6,85,4.06
2016-02-18,18.8,13.7,16.1,5.0,5.0,13.0,11.6,33.1,81,6.28
2016-02-19,21.0,14.8,17.0,0.2,0.2,1.0,9.7,39.2,315,12.79
2016-02-20,14.7,12.5,13.5,2.3,2.3,11.0,15.9,41.8,23,5.45
2016-02-21,16.5,12.2,14.3,0.0,0.0,0.0,26.0,68.4,99,15.33
2016-02-22,21.7,14.4,16.9,0.1,0.1,1.0,11.2,36.0,294,12.15
2016-02-23,16.0,13.8,14.6,2.2,2.2,13.0,16.4,41.8,31,4.6
2016-02-24,14.2,12.9,13.6,5.3,5.3,19.0,17.5,47.2,58,2.63
2016-02-25,15.1,13.0,13.9,0.5,0.5,5.0,22.6,58.7,80,3.58
2016-02-26,15.7,14.1,14.9,2.4,2.4,13.0,16.6,45.4,76,2.31
2016-02-27,16.0,13.8,15.2,2.0,2.0,10.0,9.0,23.4,356,3.61
2016-02-28,19.7,14.2,16.5,0.0,0.0,0.0,12.4,32.4,80,15.6
2016-02-29,16.1,11.6,14.2,0.5,0.5,3.0,20.9,51.8,57,10.4
2016-03-01,15.4,10.6,12.8,0.0,0.0,0.0,19.5,52.6,91,20.98
2016-03-02,20.3,11.2,15.3,0.0,0.0,0.0,14.6,44.6,106,21.74
2016-03-03,22.7,12.0,17.4,0.0,0.0,0.0,7.4,22.7,126,18.59
2016-03-04,23.4,14.6,19.1,0.0,0.0,0.0,6.9,20.9,105,16.25
2016-03-05,24.7,15.7,20.4,0.1,0.1,1.0,7.6,22.3,137,19.46
2016-03-06,24.0,16.6,20.1,0.0,0.0,0.0,10.2,25.6,290,19.11
2016-03-07,24.8,17.8,20.9,0.0,0.0,0.0,9.0,25.6,88,17.79
2016-03-08,25.5,16.9,20.9,2.6,2.6,3.0,7.6,29.5,290,17.45
2016-03-09,19.5,15.6,17.3,7.4,7.4,15.0,16.2,42.8,43,5.98
2016-03-10,15.5,11.4,13.4,24.0,24.0,24.0,16.5,44.6,36,3.87
2016-03-11,13.6,11.5,12.3,17.5,17.5,18.0,16.6,42.5,53,3.88
2016-03-12,18.0,13.0,15.3,6.3,6.3,14.0,16.1,40.7,97,5.28
2016-03-13,22.1,14.5,17.8,4.9,4.9,7.0,9.7,34.2,335,13.38
2016-03-14,15.3,13.0,13.8,6.2,6.2,14.0,17.0,40.7,38,4.56
2016-03-15,16.0,13.5,14.8,4.6,4.6,10.0,18.4,45.0,92,3.41
2016-03-16,19.5,15.6,16.7,3.2,3.2,11.0,7.7,27.0,1,7.05
2016-03-17,24.7,15.4,19.9,0.8,0.8,2.0,5.9,19.1,93,17.58
2016-03-18,25.8,17.7,21.3,10.9,10.9,16.0,5.8,48.6,240,15.57
2016-03-19,21.9,18.5,20.1,1.3,1.3,7.0,9.1,34.6,354,7.25
2016-03-20,20.4,16.8,18.6,9.0,9.0,14.0,16.0,42.5,78,11.94
2016-03-21,18.3,16.4,17.3,20.1,20.1,19.0,15.0,38.9,82,5.61
2016-03-22,22.6,17.0,19.5,10.0,10.0,17.0,6.6,31.7,66,12.14
2016-03-23,19.5,14.3,17.6,19.9,19.9,22.0,12.5,33.1,23,4.35
2016-03-24,14.0,11.7,12.9,6.6,6.6,21.0,16.5,42.5,38,4.52
2016-03-25,13.3,11.5,12.2,10.4,10.4,23.0,14.2,34.6,26,4.1
2016-03-26,15.9,10.7,13.1,0.0,0.0,0.0,16.4,43.2,45,22.96
2016-03-27,16.4,11.6,13.7,0.0,0.0,0.0,14.4,37.4,14,15.74
2016-03-28,18.4,11.6,14.7,0.0,0.0,0.0,18.0,47.5,99,25.78
2016-03-29,22.4,10.9,16.9,0.0,0.0,0.0,7.4,25.9,130,21.63
2016-03-30,23.9,14.4,18.9,0.0,0.0,0.0,9.7,27.7,71,20.98
2016-03-31,22.6,16.2,19.2,0.9,0.9,3.0,7.8,28.8,318,16.3
2016-04-01,23.0,18.0,20.0,0.0,0.0,0.0,11.2,28.8,89,12.27
2016-04-02,25.8,17.9,21.8,0.0,0.0,0.0,5.2,22.3,128,17.01
2016-04-03,25.9,19.1,22.5,0.6,0.6,2.0,12.1,32.8,245,14.49
2016-04-04,25.0,20.3,22.1,0.5,0.5,3.0,7.1,21.6,75,12.23
2016-04-05,26.6,18.7,22.3,0.9,0.9,3.0,7.2,28.4,84,20.34
2016-04-06,28.3,19.2,23.7,0.5,0.5,2.0,7.1,25.2,243,24.16
2016-04-07,28.5,21.1,24.8,0.8,0.8,2.0,8.0,29.2,240,22.02
2016-04-08,25.9,21.4,23.4,1.0,1.0,4.0,7.1,22.7,28,18.48
2016-04-09,25.9,20.6,22.4,0.0,0.0,0.0,6.1,24.1,16,16.2
2016-04-10,25.2,19.8,22.1,10.4,10.4,15.0,8.1,43.6,329,14.22
2016-04-11,22.1,18.6,20.2,13.5,13.5,13.0,14.0,34.6,44,6.91
2016-04-12,24.5,18.9,21.6,0.1,0.1,1.0,6.7,22.3,23,13.9
2016-04-13,26.8,19.8,22.6,60.5,60.5,17.0,7.9,57.2,292,11.72
2016-04-14,23.0,19.5,21.2,18.5,18.5,20.0,12.0,35.3,71,9.36
2016-04-15,25.9,19.1,22.5,14.3,14.3,17.0,13.7,35.6,90,15.91
2016-04-16,28.1,19.9,24.1,0.2,0.2,1.0,14.2,39.6,260,21.72
2016-04-17,24.8,21.0,22.8,0.4,0.4,2.0,18.0,43.2,87,15.43
2016-04-18,22.8,16.7,19.6,2.4,2.4,8.0,12.6,32.0,21,7.54
2016-04-19,24.8,16.5,20.4,0.0,0.0,0.0,18.9,48.6,95,23.11
2016-04-20,28.8,19.7,23.8,4.8,4.8,3.0,6.9,21.2,141,21.84
2016-04-21,30.0,20.4,25.2,0.0,0.0,0.0,7.5,37.1,236,22.49
2016-04-22,27.3,23.0,24.8,12.2,12.2,5.0,6.9,24.8,215,16.36
2016-04-23,28.9,21.7,25.1,1.2,1.2,3.0,6.8,24.8,235,19.49
2016-04-24,28.3,22.8,24.8,3.5,3.5,6.0,6.3,31.3,121,16.24
2016-04-25,27.3,22.3,24.1,17.7,17.7,11.0,8.8,35.6,20,14.21
2016-04-26,28.1,21.9,24.9,5.6,5.6,5.0,4.6,31.0,82,18.91
2016-04-27,29.8,23.6,25.7,0.8,0.8,2.0,13.2,50.8,273,19.12
2016-04-28,23.4,19.0,21.2,17.0,17.0,19.0,13.6,34.9,43,6.69
2016-04-29,22.9,17.5,20.1,0.0,0.0,0.0,17.0,44.6,92,26.34
2016-04-30,25.8,17.9,21.9,4.1,4.1,8.0,9.2,28.1,111,17.83
2016-05-01,25.1,20.4,22.6,23.5,23.5,18.0,5.8,22.7,109,8.72
2016-05-02,29.3,20.9,25.3,0.3,0.3,2.0,6.4,25.6,178,22.55
2016-05-03,31.1,23.2,26.2,0.8,0.8,4.0,18.0,52.6,269,24.61
2016-05-04,29.6,22.8,25.8,7.9,7.9,4.0,7.7,23.8,118,21.1
2016-05-05,29.2,23.7,26.2,7.2,7.2,6.0,5.1,23.8,199,18.94
2016-05-06,30.6,23.2,27.1,0.2,0.2,1.0,8.4,29.9,224,24.77
2016-05-07,30.5,23.6,27.0,1.4,1.4,3.0,6.0,23.4,133,18.8
2016-05-08,30.2,24.0,26.9,3.4,3.4,5.0,5.5,20.9,231,19.9
2016-05-09,29.7,24.5,26.7,4.5,4.5,6.0,6.0,21.6,182,16.51
2016-05-10,30.2,22.7,26.8,4.6,4.6,5.0,10.6,50.4,266,17.37
2016-05-11,22.8,20.7,21.5,2.0,2.0,6.0,15.6,38.5,68,14.07
2016-05-12,28.4,21.0,24.6,0.8,0.8,1.0,9.1,24.8,105,20.59
2016-05-13,28.9,22.5,25.3,1.2,1.2,4.0,17.5,43.9,96,22.81
2016-05-14,29.4,23.5,26.2,0.4,0.4,2.0,15.0,38.9,105,22.47
2016-05-15,29.6,23.9,26.7,5.7,5.7,7.0,5.4,24.1,198,18.92
2016-05-16,25.0,19.3,21.7,24.6,24.6,20.0,17.4,42.8,42,4.25
2016-05-17,22.8,19.3,21.1,0.4,0.4,1.0,17.2,43.6,76,10.65
2016-05-18,25.9,21.6,23.3,6.5,6.5,11.0,10.8,25.2,59,11.8
2016-05-19,25.9,22.2,23.7,2.3,2.3,5.0,10.1,28.1,19,14.69
2016-05-20,27.3,21.4,24.1,0.0,0.0,0.0,8.0,25.2,60,17.54
2016-05-21,27.4,23.4,25.2,5.8,5.8,15.0,7.6,20.5,110,8.5
2016-05-22,27.9,24.1,25.5,3.9,3.9,10.0,10.4,27.4,89,15.87
2016-05-23,27.0,24.2,25.4,10.8,10.8,20.0,9.1,27.0,79,12.12
2016-05-24,27.7,24.3,25.4,6.7,6.7,16.0,7.4,23.4,70,9.14
2016-05-25,27.7,24.4,25.6,4.1,4.1,13.0,8.7,24.1,67,12.71
2016-05-26,29.5,24.1,26.8,1.1,1.1,4.0,6.5,18.0,116,15.27
2016-05-27,30.7,25.5,28.0,9.0,9.0,7.0,4.3,22.0,168,19.34
2016-05-28,31.7,26.1,28.8,0.3,0.3,1.0,8.3,35.6,258,22.82
2016-05-29,32.2,26.5,28.9,0.0,0.0,0.0,12.2,51.1,262,22.78
2016-05-30,31.3,25.6,28.1,6.1,6.1,6.0,10.3,40.3,272,21.28
2016-05-31,32.3,26.1,29.0,0.0,0.0,0.0,11.1,40.7,257,25.06
2016-06-01,34.7,26.2,30.1,0.0,0.0,0.0,20.6,56.9,262,27.08
2016-06-02,29.6,26.7,27.7,1.7,1.7,8.0,9.8,30.6,319,12.43
2016-06-03,32.1,26.5,28.7,1.1,1.1,9.0,12.9,46.4,281,23.84
2016-06-04,33.2,26.0,29.4,0.0,0.0,0.0,13.1,45.0,255,26.71
2016-06-05,30.3,25.6,27.6,30.7,30.7,7.0,7.9,26.6,83,17.78
2016-06-06,28.1,25.3,26.5,13.4,13.4,14.0,8.4,32.4,267,12.43
2016-06-07,29.6,24.8,26.9,3.9,3.9,10.0,6.5,26.3,85,18.59
2016-06-08,29.1,25.3,27.1,6.9,6.9,10.0,7.1,24.8,100,18.51
2016-06-09,29.4,25.3,27.3,12.6,12.6,13.0,8.1,24.5,79,17.64
2016-06-10,27.7,25.3,26.7,22.7,22.7,21.0,5.4,18.7,67,10.25
2016-06-11,27.8,25.2,26.7,13.8,13.8,19.0,8.0,47.2,248,7.43
2016-06-12,29.7,25.9,27.5,8.0,8.0,15.0,9.0,34.9,230,10.83
2016-06-13,30.2,26.1,27.6,11.8,11.8,16.0,13.7,62.3,242,7.97
2016-06-14,28.9,25.8,27.2,3.6,3.6,13.0,6.1,41.4,230,8.08
2016-06-15,31.8,24.6,28.4,1.6,1.6,1.0,8.1,39.6,246,23.13
2016-06-16,33.1,26.4,29.4,0.0,0.0,0.0,12.6,37.8,256,24.92
2016-06-17,30.9,26.0,28.5,3.3,3.3,8.0,7.7,27.7,215,21.96
2016-06-18,31.7,25.1,28.3,4.3,4.3,5.0,7.6,30.6,170,21.57
2016-06-19,31.1,25.9,28.6,2.4,2.4,7.0,6.5,19.8,157,21.17
2016-06-20,32.2,25.8,28.8,5.5,5.5,5.0,8.3,23.0,212,24.19
2016-06-21,31.6,26.2,29.0,0.7,0.7,3.0,6.1,19.4,226,22.49
2016-06-22,32.3,26.6,29.5,0.0,0.0,0.0,7.9,27.4,240,25.32
2016-06-23,32.4,27.1,29.7,1.4,1.4,3.0,6.5,22.7,243,23.44
2016-06-24,31.7,26.7,29.3,1.9,1.9,3.0,7.2,24.5,239,21.51
2016-06-25,32.3,26.9,29.5,1.0,1.0,3.0,9.4,30.2,247,23.94
2016-06-26,31.5,27.2,29.2,4.6,4.6,7.0,4.8,20.5,237,18.39
2016-06-27,32.0,26.6,29.2,6.6,6.6,7.0,8.4,20.5,232,20.3
2016-06-28,31.7,26.8,29.1,5.3,5.3,7.0,6.3,22.7,277,19.39
2016-06-29,31.8,27.2,29.2,9.8,9.8,11.0,5.4,20.9,141,18.86
2016-06-30,31.6,26.5,29.0,3.3,3.3,6.0,7.0,22.0,137,18.46
2016-07-01,31.9,26.3,29.1,4.0,4.0,5.0,4.4,19.4,186,21.69
2016-07-02,31.8,26.5,28.9,8.2,8.2,9.0,6.9,25.2,246,21.21
2016-07-03,31.8,26.7,29.1,3.2,3.2,7.0,5.5,22.0,198,19.53
2016-07-04,32.6,26.4,29.3,1.0,1.0,3.0,8.7,27.4,126,24.35
2016-07-05,32.7,26.4,28.9,0.0,0.0,0.0,13.4,39.6,105,26.0
2016-07-06,31.9,26.0,28.6,0.0,0.0,0.0,20.1,52.6,103,27.5
2016-07-07,28.4,25.9,27.1,5.6,5.6,14.0,20.1,58.7,86,13.43
2016-07-08,27.3,26.5,26.8,14.7,14.7,24.0,34.3,95.4,97,5.82
2016-07-09,31.0,26.6,27.9,44.2,44.2,14.0,24.0,68.0,98,13.29
2016-07-10,29.2,26.3,27.7,41.0,41.0,20.0,6.6,24.1,16,9.56
2016-07-11,30.2,26.7,28.4,11.2,11.2,22.0,6.3,27.4,28,13.11
2016-07-12,30.1,26.9,28.0,45.9,45.9,19.0,6.7,27.7,26,11.73
2016-07-13,31.0,27.4,28.9,9.9,9.9,9.0,9.4,27.7,237,19.23
2016-07-14,31.6,27.2,29.1,3.0,3.0,3.0,7.9,29.5,261,19.14
2016-07-15,32.9,26.8,29.9,0.0,0.0,0.0,11.2,37.1,249,26.13
2016-07-16,33.7,26.9,30.3,0.0,0.0,0.0,11.9,40.7,241,27.04
2016-07-17,32.7,27.3,29.7,2.7,2.7,3.0,5.4,24.8,197,21.93
2016-07-18,31.7,27.2,28.9,2.6,2.6,5.0,11.8,33.8,260,19.5
2016-07-19,31.8,26.2,28.6,10.5,10.5,9.0,7.6,31.0,220,21.37
2016-07-20,31.8,26.0,29.1,2.7,2.7,4.0,9.7,28.1,232,23.01
2016-07-21,32.4,26.9,29.4,0.0,0.0,0.0,10.9,32.8,249,25.2
2016-07-22,32.7,27.2,29.7,0.0,0.0,0.0,10.2,28.8,251,25.36
2016-07-23,32.3,26.8,29.6,0.0,0.0,0.0,5.1,21.6,249,25.16
2016-07-24,31.4,26.7,28.9,1.0,1.0,5.0,8.3,24.5,54,21.15
2016-07-25,31.4,26.0,28.7,0.6,0.6,4.0,10.8,29.9,94,23.01
2016-07-26,31.5,26.4,29.0,0.7,0.7,4.0,8.9,25.6,285,21.61
2016-07-27,33.5,26.2,30.0,0.0,0.0,0.0,10.8,32.4,266,27.21
2016-07-28,33.9,26.0,30.5,0.4,0.4,2.0,8.9,27.4,285,25.79
2016-07-29,32.4,27.7,30.2,0.8,0.8,3.0,9.2,26.6,84,22.27
2016-07-30,32.1,26.8,29.1,0.2,0.2,1.0,16.2,43.9,96,24.87
2016-07-31,31.3,26.0,28.4,0.0,0.0,0.0,20.9,55.1,91,24.3
2016-08-01,31.6,26.8,28.7,0.0,0.0,0.0,28.0,70.9,108,24.96
2016-08-02,30.4,26.1,28.1,17.7,17.7,9.0,7.6,22.3,251,13.96
2016-08-03,31.9,27.1,29.0,11.8,11.8,6.0,6.4,22.0,228,17.97
2016-08-04,32.4,26.9,29.6,1.0,1.0,4.0,7.1,23.0,267,22.16
2016-08-05,32.5,27.0,29.6,1.7,1.7,4.0,14.2,40.7,270,20.61
2016-08-06,30.3,26.9,28.4,6.7,6.7,11.0,8.0,29.9,9,18.16
2016-08-07,30.6,26.5,28.3,3.7,3.7,8.0,9.8,27.4,49,19.65
2016-08-08,30.5,26.2,28.5,2.5,2.5,7.0,11.6,36.7,296,20.69
2016-08-09,30.7,26.7,28.6,5.7,5.7,10.0,7.9,26.6,294,20.22
2016-08-10,31.4,26.8,28.5,1.6,1.6,6.0,14.8,39.6,94,18.81
2016-08-11,30.2,26.7,27.9,7.5,7.5,13.0,7.5,28.1,98,10.98
2016-08-12,30.6,26.6,28.1,4.8,4.8,11.0,14.0,39.6,95,18.26
2016-08-13,29.2,26.3,27.6,5.9,5.9,13.0,7.8,21.2,101,7.87
2016-08-14,31.9,26.7,28.9,0.0,0.0,0.0,16.7,38.9,100,21.06
2016-08-15,33.0,26.1,29.1,0.0,0.0,0.0,9.8,28.1,101,24.52
2016-08-16,31.4,26.0,28.6,1.8,1.8,8.0,5.8,22.7,343,20.03
2016-08-17,30.2,26.7,28.4,4.4,4.4,13.0,7.6,22.7,25,16.86
2016-08-18,31.3,26.7,29.1,0.9,0.9,2.0,7.1,23.4,312,17.45
2016-08-19,31.7,27.4,28.8,5.2,5.2,6.0,5.8,23.8,248,17.33
2016-08-20,31.7,26.7,29.0,0.8,0.8,4.0,5.5,21.2,207,18.71
2016-08-21,31.9,26.5,29.0,0.0,0.0,0.0,10.6,29.9,87,22.45
2016-08-22,32.2,25.9,28.8,0.0,0.0,0.0,14.3,38.9,90,24.61
2016-08-23,32.0,25.6,28.9,0.7,0.7,3.0,10.8,29.9,61,21.9
2016-08-24,32.0,27.4,29.3,0.0,0.0,0.0,12.8,34.6,65,21.88
2016-08-25,32.8,26.9,29.5,0.0,0.0,0.0,10.8,31.0,339,23.98
2016-08-26,32.8,26.3,29.4,0.1,0.1,1.0,12.3,34.2,328,23.86
2016-08-27,30.5,26.3,28.1,7.2,7.2,12.0,9.0,25.6,34,15.92
2016-08-28,29.1,25.3,26.6,8.2,8.2,10.0,14.3,36.4,37,10.65
2016-08-29,28.6,24.2,26.6,0.0,0.0,0.0,14.0,38.9,64,17.61
2016-08-30,29.8,23.3,26.5,0.0,0.0,0.0,10.5,28.8,90,23.84
2016-08-31,31.0,23.6,27.5,0.0,0.0,0.0,7.0,23.0,293,24.04
2016-09-01,31.9,25.6,28.7,0.0,0.0,0.0,6.1,26.3,166,18.98
2016-09-02,31.1,26.6,28.2,10.1,10.1,10.0,8.7,28.1,305,14.03
2016-09-03,29.1,25.9,27.2,28.2,28.2,16.0,7.7,23.8,44,10.71
2016-09-04,30.4,26.1,27.8,0.6,0.6,4.0,17.6,47.5,89,20.39
2016-09-05,30.6,26.1,27.6,7.2,7.2,5.0,15.6,43.6,91,17.42
2016-09-06,27.3,25.4,26.4,39.7,39.7,19.0,8.4,30.2,297,5.66
2016-09-07,28.9,25.9,27.2,26.1,26.1,24.0,5.1,34.6,350,9.87
2016-09-08,28.7,26.5,27.5,9.9,9.9,17.0,7.8,32.8,287,8.33
2016-09-09,28.6,26.1,26.8,12.6,12.6,15.0,5.4,42.5,70,10.77
2016-09-10,27.9,25.9,26.8,16.7,16.7,15.0,5.4,24.8,131,6.16
2016-09-11,30.3,26.8,28.0,6.2,6.2,8.0,6.6,23.4,102,15.42
2016-09-12,28.6,25.9,26.8,6.2,6.2,10.0,12.3,32.4,3,11.08
2016-09-13,29.3,25.5,27.0,4.3,4.3,7.0,21.0,65.9,89,17.59
2016-09-14,26.8,25.4,26.1,21.9,21.9,24.0,36.6,105.5,104,4.94
2016-09-15,28.1,25.1,26.5,10.9,10.9,17.0,23.4,86.8,127,7.01
2016-09-16,31.2,23.6,27.2,1.6,1.6,3.0,11.7,38.9,113,19.77
2016-09-17,27.4,25.4,26.2,72.4,72.4,24.0,26.1,78.1,334,7.28
2016-09-18,28.1,24.2,25.7,13.2,13.2,10.0,20.6,66.6,292,14.14
2016-09-19,27.0,23.3,25.2,0.7,0.7,6.0,13.2,34.9,19,15.12
2016-09-20,25.9,23.8,24.5,3.9,3.9,16.0,16.2,41.4,58,10.3
2016-09-21,27.0,23.4,24.8,0.6,0.6,4.0,17.8,44.3,85,14.64
2016-09-22,27.4,23.7,25.4,0.6,0.6,4.0,16.5,46.4,92,16.16
2016-09-23,27.2,23.8,25.3,0.0,0.0,0.0,19.5,49.7,90,16.2
2016-09-24,27.3,23.8,25.3,0.0,0.0,0.0,17.7,46.4,87,16.26
2016-09-25,28.2,23.4,25.7,1.6,1.6,10.0,18.0,47.5,78,15.12
2016-09-26,28.2,24.2,26.1,17.7,17.7,16.0,17.1,62.6,56,12.77
2016-09-27,27.0,25.7,26.3,182.2,182.2,24.0,56.1,179.3,68,1.8
2016-09-28,30.2,25.6,27.4,7.9,7.9,3.0,42.7,131.4,127,12.81
2016-09-29,30.4,25.1,27.3,29.0,29.0,5.0,6.6,20.9,151,15.92
2016-09-30,29.8,24.4,27.0,4.5,4.5,6.0,8.2,23.4,134,16.65
2016-10-01,30.5,25.1,27.2,0.0,0.0,0.0,17.9,42.1,110,18.92
2016-10-02,30.1,24.6,26.9,0.0,0.0,0.0,10.0,24.5,99,19.57
2016-10-03,28.8,24.4,26.3,0.8,0.8,5.0,11.9,29.9,20,17.48
2016-10-04,28.7,24.0,25.9,1.2,1.2,8.0,8.6,24.5,22,16.71
2016-10-05,28.4,24.0,26.0,1.5,1.5,11.0,20.7,54.7,86,16.21
2016-10-06,29.0,24.8,26.2,1.4,1.4,8.0,25.5,72.4,94,17.55
2016-10-07,26.4,24.3,25.3,26.7,26.7,24.0,20.1,70.2,108,3.97
2016-10-08,26.6,25.0,25.4,42.8,42.8,24.0,18.3,24.5,346,3.17
2016-10-09,24.9,23.0,23.5,71.4,71.4,24.0,21.1,57.2,35,1.73
2016-10-10,24.2,22.8,23.5,49.9,49.9,24.0,16.2,44.6,30,2.23
2016-10-11,25.3,24.2,24.7,12.4,12.4,24.0,13.8,34.6,45,4.45
2016-10-12,24.7,23.9,24.3,27.1,27.1,24.0,18.1,47.9,51,2.52
2016-10-13,25.8,23.4,24.3,8.0,8.0,23.0,19.5,49.7,64,8.25
2016-10-14,26.5,23.8,24.8,10.3,10.3,24.0,18.6,49.7,67,11.14
2016-10-15,28.2,24.3,25.7,0.0,0.0,0.0,22.3,63.4,90,15.51
2016-10-16,29.5,24.4,26.3,0.0,0.0,0.0,20.2,52.2,96,19.14
2016-10-17,28.2,24.2,25.8,0.0,0.0,0.0,23.8,62.6,95,17.92
2016-10-18,29.4,24.5,26.4,0.0,0.0,0.0,20.0,52.2,97,17.41
2016-10-19,29.0,24.6,26.3,0.0,0.0,0.0,23.9,62.6,96,18.17
2016-10-20,28.6,25.1,26.4,0.4,0.4,3.0,26.8,68.8,103,13.72
2016-10-21,30.5,25.2,27.5,0.5,0.5,1.0,16.9,50.4,140,12.39
2016-10-22,30.2,25.2,27.6,0.3,0.3,2.0,4.7,20.2,236,12.23
2016-10-23,29.8,24.8,26.8,2.8,2.8,7.0,13.7,42.8,305,15.1
2016-10-24,27.7,24.6,25.7,0.0,0.0,0.0,15.5,38.9,85,12.34
2016-10-25,30.1,23.6,26.7,0.2,0.2,2.0,6.3,19.8,100,16.67
2016-10-26,31.0,25.0,27.5,0.0,0.0,0.0,6.6,20.2,72,16.42
2016-10-27,30.7,24.9,27.6,0.2,0.2,2.0,6.0,18.4,98,15.29
2016-10-28,30.1,24.7,27.2,0.8,0.8,5.0,11.4,34.6,50,15.57
2016-10-29,25.4,22.6,24.1,12.9,12.9,24.0,19.1,51.8,59,3.91
2016-10-30,22.7,21.6,22.1,4.6,4.6,15.0,22.0,55.8,75,5.08
2016-10-31,24.8,21.7,22.9,2.3,2.3,6.0,18.5,44.3,66,9.62
2016-11-01,21.9,20.3,21.3,11.8,11.8,24.0,20.1,55.4,59,4.6
2016-11-02,20.4,19.5,19.9,5.2,5.2,24.0,18.5,50.4,63,4.6
2016-11-03,21.4,19.6,20.3,1.4,1.4,11.0,20.8,56.9,72,7.39
2016-11-04,23.0,20.3,21.4,1.6,1.6,9.0,17.8,44.6,89,7.14
2016-11-05,25.7,18.7,22.4,0.0,0.0,0.0,9.1,25.2,104,13.5
2016-11-06,25.6,20.1,22.9,0.4,0.4,2.0,14.4,37.8,102,14.21
2016-11-07,26.4,21.5,23.7,0.4,0.4,2.0,10.5,31.0,118,14.08
2016-11-08,26.2,19.9,22.3,12.4,12.4,14.0,16.9,46.4,353,11.83
2016-11-09,20.0,19.0,19.5,7.5,7.5,16.0,17.1,43.6,55,4.13
2016-11-10,20.8,19.3,19.9,2.4,2.4,11.0,10.7,32.0,38,3.14
2016-11-11,21.4,19.3,20.1,0.0,0.0,0.0,17.7,49.0,88,11.19
2016-11-12,26.1,19.7,22.8,0.3,0.3,2.0,10.8,29.2,122,11.11
2016-11-13,28.1,20.6,23.9,0.0,0.0,0.0,5.6,17.6,138,15.92
2016-11-14,28.0,21.2,24.5,0.0,0.0,0.0,5.9,19.8,83,15.85
2016-11-15,24.8,22.2,23.1,1.2,1.2,7.0,19.0,47.5,75,8.44
2016-11-16,24.9,21.5,22.7,0.2,0.2,2.0,17.7,45.0,88,11.24
2016-11-17,26.9,20.6,23.3,0.0,0.0,0.0,12.6,33.8,104,15.44
2016-11-18,28.3,20.4,24.0,0.0,0.0,0.0,7.9,21.2,137,15.16
2016-11-19,27.9,21.1,24.3,0.0,0.0,0.0,4.7,23.0,137,12.23
2016-11-20,27.1,22.5,24.1,0.3,0.3,1.0,8.0,26.6,60,11.45
2016-11-21,24.8,22.0,23.2,4.6,4.6,17.0,7.3,31.7,87,7.52
2016-11-22,24.3,21.3,22.6,7.3,7.3,15.0,15.4,42.1,69,6.9
2016-11-23,21.0,18.7,20.0,41.0,41.0,24.0,19.4,51.5,54,1.21
2016-11-24,18.7,17.9,18.4,6.5,6.5,21.0,21.8,54.7,62,3.83
2016-11-25,22.3,18.7,20.6,0.3,0.3,3.0,21.7,56.5,93,6.53
2016-11-26,25.7,19.2,22.1,5.5,5.5,12.0,16.4,46.8,74,8.26
2016-11-27,18.9,18.2,18.4,8.4,8.4,24.0,14.8,45.4,45,2.27
2016-11-28,19.7,17.5,18.5,1.5,1.5,8.0,24.2,62.6,73,7.18
2016-11-29,22.4,18.4,20.4,0.0,0.0,0.0,25.3,65.5,95,11.01
2016-11-30,23.7,20.0,21.4,1.0,1.0,4.0,13.6,42.1,82,7.2
2016-12-01,20.9,18.1,19.4,12.3,12.3,21.0,16.9,44.3,40,3.6
2016-12-02,20.7,18.2,19.2,1.8,1.8,11.0,18.8,50.0,72,4.97
2016-12-03,23.0,19.5,21.1,0.3,0.3,3.0,16.6,42.8,87,5.0
2016-12-04,25.2,19.2,21.8,0.1,0.1,1.0,9.4,28.1,28,10.98
2016-12-05,22.1,20.2,21.3,0.3,0.3,3.0,14.4,35.6,61,4.73
2016-12-06,19.9,18.3,18.9,0.4,0.4,2.0,18.4,44.6,57,4.59
2016-12-07,19.8,18.3,19.0,0.0,0.0,0.0,17.2,43.9,77,7.74
2016-12-08,21.8,18.4,19.7,0.1,0.1,1.0,17.3,45.4,81,8.78
2016-12-09,21.6,19.4,20.3,2.8,2.8,11.0,19.3,51.8,76,8.1
2016-12-10,22.5,19.0,20.4,0.8,0.8,7.0,23.0,58.7,88,12.42
2016-12-11,21.1,19.1,19.8,3.3,3.3,16.0,22.3,59.4,82,6.44
2016-12-12,24.1,18.7,20.9,0.2,0.2,2.0,13.4,42.8,126,11.71
2016-12-13,22.3,17.2,19.4,0.0,0.0,0.0,7.6,22.7,347,13.86
2016-12-14,18.7,15.5,17.4,6.6,6.6,23.0,17.6,45.0,32,4.22
2016-12-15,15.4,12.9,14.1,3.9,3.9,23.0,15.2,38.2,36,2.58
2016-12-16,14.8,13.0,13.9,0.6,0.6,5.0,17.6,44.6,57,3.37
2016-12-17,19.6,14.3,16.9,0.0,0.0,0.0,21.4,54.0,99,12.29
2016-12-18,23.6,14.5,18.7,0.0,0.0,0.0,10.0,34.2,119,14.25
2016-12-19,24.8,15.5,20.0,0.0,0.0,0.0,11.1,31.3,121,13.62
2016-12-20,25.8,17.2,21.3,0.0,0.0,0.0,14.7,37.4,111,13.63
2016-12-21,27.1,20.3,23.0,0.0,0.0,0.0,12.7,35.3,131,12.34
2016-12-22,22.6,17.3,20.1,5.7,5.7,16.0,15.1,41.4,37,6.02
2016-12-23,17.9,15.8,16.7,0.0,0.0,0.0,21.8,56.5,78,7.89
2016-12-24,19.5,15.4,17.4,0.0,0.0,0.0,22.8,61.6,98,11.2
2016-12-25,23.5,17.9,20.2,0.0,0.0,0.0,17.1,44.3,107,10.32
2016-12-26,25.6,17.2,21.1,0.0,0.0,0.0,10.5,35.3,130,14.27
2016-12-27,19.1,13.1,15.6,13.6,13.6,23.0,18.0,47.5,26,3.56
2016-12-28,15.8,13.1,14.4,1.6,1.6,9.0,16.1,45.7,61,2.67
2016-12-29,15.7,14.4,15.2,0.4,0.4,4.0,18.3,49.0,55,3.92
2016-12-30,19.2,14.8,17.1,0.0,0.0,0.0,22.3,58.0,90,9.4
2016-12-31,22.0,17.1,19.4,0.0,0.0,0.0,19.9,52.2,96,11.26
2017-01-01,24.4,17.2,20.7,0.0,0.0,0.0,24.6,49.3,112,14.9
2017-01-02,25.4,14.6,20.3,0.0,0.0,0.0,13.9,27.7,58,14.34
2017-01-03,21.7,19.8,20.6,0.0,0.0,0.0,22.6,45.0,62,2.86
2017-01-04,25.9,20.1,22.1,0.0,0.0,0.0,20.1,41.8,82,13.25
2017-01-05,24.8,17.7,21.1,0.0,0.0,0.0,12.7,28.8,26,11.52
2017-01-06,26.4,17.4,21.1,0.4,0.4,2.0,15.7,33.8,46,10.81
2017-01-07,25.5,19.1,21.6,0.3,0.3,3.0,13.6,30.2,306,12.46
2017-01-08,21.4,17.7,19.1,0.2,0.2,2.0,14.9,30.6,45,5.2
2017-01-09,18.0,16.1,16.9,0.0,0.0,0.0,16.1,33.5,60,5.85
2017-01-10,20.3,15.5,17.8,0.0,0.0,0.0,17.9,37.1,78,9.51
2017-01-11,22.1,17.5,19.4,0.0,0.0,0.0,23.5,47.5,75,7.92
2017-01-12,24.6,17.8,19.7,0.7,0.7,5.0,17.8,37.1,44,9.32
2017-01-13,18.1,14.9,16.1,3.7,3.7,17.0,12.2,23.8,48,1.24
2017-01-14,15.1,13.2,14.4,4.6,4.6,12.0,15.0,31.0,67,2.4
2017-01-15,15.1,13.8,14.3,1.9,1.9,12.0,14.7,31.0,71,2.61
2017-01-16,17.1,14.0,15.4,0.3,0.3,2.0,20.3,41.4,76,5.47
2017-01-17,21.1,15.1,17.9,0.0,0.0,0.0,22.9,46.8,91,8.03
2017-01-18,22.3,16.0,19.2,0.2,0.2,1.0,7.2,17.6,304,8.1
2017-01-19,21.3,17.7,18.9,0.3,0.3,3.0,8.7,19.8,337,6.15
2017-01-20,17.5,11.5,13.8,1.3,1.3,9.0,15.1,31.0,41,2.82
2017-01-21,16.8,11.4,13.4,1.0,1.0,4.0,13.2,28.4,82,7.26
2017-01-22,16.4,12.6,14.0,0.0,0.0,0.0,18.7,38.2,68,13.95
2017-01-23,15.2,13.0,13.8,0.0,0.0,0.0,22.2,43.9,75,4.7
2017-01-24,16.8,13.9,15.1,0.0,0.0,0.0,20.8,41.0,75,4.18
2017-01-25,17.9,14.3,15.5,0.6,0.6,3.0,23.5,46.4,69,5.34
2017-01-26,18.2,13.7,15.3,0.0,0.0,0.0,21.3,43.9,78,10.04
2017-01-27,22.4,12.9,17.0,0.0,0.0,0.0,21.3,42.8,71,13.5
2017-01-28,25.2,16.2,19.9,0.0,0.0,0.0,17.7,37.8,103,16.42
2017-01-29,26.2,15.0,20.6,0.0,0.0,0.0,10.8,24.1,105,14.43
2017-01-30,19.7,14.8,17.2,0.0,0.0,0.0,22.0,43.9,57,3.94
2017-01-31,17.3,14.5,16.0,0.0,0.0,0.0,26.6,53.3,72,4.58
2017-02-01,18.2,15.0,16.6,0.3,0.3,2.0,19.1,37.8,62,3.67
2017-02-02,16.7,14.3,15.3,0.0,0.0,0.0,25.9,51.1,66,5.83
2017-02-03,22.7,15.1,18.4,0.1,0.1,1.0,21.3,42.8,87,12.1
2017-02-04,24.1,15.7,19.3,0.0,0.0,0.0,6.7,20.2,25,10.95
2017-02-05,21.9,14.8,17.6,0.1,0.1,1.0,20.1,40.7,34,6.67
2017-02-06,17.9,14.8,16.2,0.0,0.0,0.0,23.6,47.9,71,9.01
2017-02-07,18.9,14.3,16.4,0.0,0.0,0.0,22.5,46.1,76,10.15
2017-02-08,22.3,15.3,17.4,1.9,1.9,8.0,15.4,32.8,39,5.25
2017-02-09,14.4,9.7,11.2,3.0,3.0,5.0,15.2,31.7,1,5.29
2017-02-10,11.4,8.8,10.2,0.0,0.0,0.0,15.1,32.4,41,9.01
2017-02-11,12.7,8.8,10.7,0.0,0.0,0.0,18.3,37.8,65,9.7
2017-02-12,15.4,7.7,12.3,0.0,0.0,0.0,19.2,38.9,81,7.36
2017-02-13,18.3,10.9,14.8,0.0,0.0,0.0,22.0,44.6,85,11.78
2017-02-14,19.3,13.1,15.7,0.0,0.0,0.0,22.2,45.7,81,19.39
2017-02-15,22.5,14.4,18.0,0.0,0.0,0.0,19.0,39.2,104,18.23
2017-02-16,24.1,12.1,18.0,0.0,0.0,0.0,12.1,28.1,337,18.54
2017-02-17,26.2,13.6,19.3,0.0,0.0,0.0,11.3,26.3,38,18.86
2017-02-18,20.0,15.7,17.8,0.2,0.2,2.0,20.2,40.7,61,5.73
2017-02-19,25.6,16.0,19.8,0.0,0.0,0.0,21.8,45.0,111,19.29
2017-02-20,25.0,15.5,19.6,0.5,0.5,3.0,15.1,29.9,35,12.72
2017-02-21,22.5,17.3,19.7,0.2,0.2,2.0,28.6,55.8,89,7.03
2017-02-22,26.6,16.8,20.2,19.7,19.7,15.0,13.0,33.8,39,8.48
2017-02-23,19.4,12.6,15.7,1.4,1.4,4.0,16.9,34.9,42,5.18
2017-02-24,14.7,12.9,13.5,22.1,22.1,20.0,10.8,23.0,23,2.61
2017-02-25,15.6,13.4,14.4,18.8,18.8,21.0,11.6,23.0,62,1.97
2017-02-26,14.5,13.0,13.8,10.8,10.8,11.0,10.4,22.0,347,3.09
2017-02-27,16.6,12.6,14.7,0.0,0.0,0.0,19.0,37.8,74,5.69
2017-02-28,16.2,14.7,15.4,1.1,1.1,8.0,14.7,30.6,75,2.98
2017-03-01,18.9,13.2,16.1,1.2,1.2,3.0,11.6,25.6,308,12.09
2017-03-02,16.4,10.8,13.4,0.0,0.0,0.0,19.4,39.2,58,12.72
2017-03-03,20.0,11.4,15.6,0.0,0.0,0.0,20.4,41.0,99,14.5
2017-03-04,21.5,14.3,17.5,0.3,0.3,3.0,9.8,24.1,266,13.96
2017-03-05,24.4,13.6,18.7,0.1,0.1,1.0,14.1,31.7,311,18.07
2017-03-06,18.0,14.3,15.7,20.1,20.1,11.0,14.8,38.5,10,4.13
2017-03-07,16.5,12.8,14.2,1.8,1.8,7.0,17.3,34.9,72,7.34
2017-03-08,15.9,13.1,13.9,5.6,5.6,12.0,13.0,25.9,80,3.13
2017-03-09,20.4,13.9,16.6,1.2,1.2,8.0,23.0,47.5,88,10.04
2017-03-10,18.8,17.0,17.6,14.2,14.2,22.0,17.8,37.4,67,3.33
2017-03-11,22.2,16.7,19.2,1.8,1.8,7.0,21.1,42.8,78,10.71
2017-03-12,26.4,17.9,21.3,0.2,0.2,2.0,17.1,35.3,106,19.31
2017-03-13,22.4,15.9,18.9,1.8,1.8,9.0,9.4,20.2,322,6.56
2017-03-14,14.8,13.4,14.0,2.5,2.5,10.0,11.9,25.9,33,4.33
2017-03-15,17.6,13.6,15.3,0.0,0.0,0.0,20.6,42.5,78,11.59
2017-03-16,20.9,15.4,17.2,4.8,4.8,11.0,15.5,31.3,73,6.34
2017-03-17,20.5,15.9,18.2,2.5,2.5,4.0,22.0,42.8,71,6.05
2017-03-18,23.7,17.6,20.1,0.0,0.0,0.0,10.0,24.8,45,10.73
2017-03-19,22.1,18.3,19.6,0.5,0.5,4.0,19.2,39.2,65,6.91
2017-03-20,25.5,18.0,21.4,0.6,0.6,4.0,14.0,32.4,270,16.77
2017-03-21,21.6,16.5,18.0,0.3,0.3,2.0,19.1,38.5,61,5.53
2017-03-22,24.7,17.4,20.4,0.0,0.0,0.0,20.2,42.5,116,13.63
2017-03-23,20.9,16.4,17.7,3.1,3.1,8.0,13.3,28.8,47,11.35
2017-03-24,24.0,15.1,19.3,0.1,0.1,1.0,18.7,38.5,85,21.82
2017-03-25,18.0,13.5,16.4,8.8,8.8,18.0,10.2,20.2,10,2.51
2017-03-26,16.5,12.7,14.4,2.8,2.8,8.0,9.0,19.4,96,3.84
2017-03-27,21.9,12.4,17.1,0.0,0.0,0.0,21.8,44.3,90,25.35
2017-03-28,23.7,15.2,19.3,0.0,0.0,0.0,21.2,42.5,119,24.73
2017-03-29,25.5,14.0,19.7,0.2,0.2,1.0,11.9,23.0,50,21.46
2017-03-30,26.3,16.3,20.9,0.0,0.0,0.0,13.1,29.2,274,18.12
2017-03-31,25.4,14.1,18.0,15.8,15.8,14.0,22.0,55.4,340,9.96
2017-04-01,17.7,10.3,14.2,9.2,9.2,8.0,14.2,32.4,51,17.46
2017-04-02,19.8,8.7,14.5,0.0,0.0,0.0,14.9,30.6,86,26.52
2017-04-03,21.9,12.1,17.1,0.0,0.0,0.0,22.1,44.3,97,26.08
2017-04-04,24.0,15.0,19.4,0.0,0.0,0.0,23.2,45.4,124,25.24
2017-04-05,27.5,13.6,20.6,0.0,0.0,0.0,8.3,19.4,104,24.16
2017-04-06,27.3,17.3,21.8,1.2,1.2,3.0,9.8,20.5,70,14.81
2017-04-07,25.5,19.6,21.8,16.8,16.8,11.0,11.6,39.6,158,10.44
2017-04-08,28.5,18.9,23.4,1.2,1.2,4.0,9.8,25.2,336,19.5
2017-04-09,29.2,19.5,24.5,0.0,0.0,0.0,9.7,21.6,341,18.77
2017-04-10,31.8,20.2,25.6,0.1,0.1,1.0,24.2,49.3,296,25.02
2017-04-11,23.5,18.7,20.4,31.3,31.3,15.0,16.0,60.8,62,4.28
2017-04-12,19.9,17.5,18.2,11.0,11.0,11.0,21.4,42.5,69,6.13
2017-04-13,22.1,17.0,19.1,7.7,7.7,14.0,23.1,45.4,85,9.44
2017-04-14,25.5,18.0,21.7,0.4,0.4,3.0,11.0,25.2,148,14.25
2017-04-15,28.3,18.2,23.6,0.4,0.4,2.0,9.3,22.3,156,17.59
2017-04-16,30.1,20.9,24.7,2.5,2.5,4.0,9.2,25.6,105,18.75
2017-04-17,29.0,21.8,25.3,2.8,2.8,7.0,18.1,43.9,278,16.69
2017-04-18,27.0,23.5,25.1,17.9,17.9,15.0,19.4,54.0,289,15.52
2017-04-19,28.9,23.1,25.2,21.9,21.9,13.0,9.4,24.5,86,14.74
2017-04-20,27.5,22.4,24.7,2.1,2.1,2.0,16.2,48.6,276,10.36
2017-04-21,28.0,18.9,23.7,20.8,20.8,12.0,22.9,47.9,289,15.63
2017-04-22,20.5,17.1,18.4,28.9,28.9,20.0,12.9,27.4,83,6.81
2017-04-23,22.2,17.7,19.6,0.6,0.6,1.0,19.8,40.3,81,11.52
2017-04-24,25.6,18.0,22.0,0.0,0.0,0.0,17.1,34.9,100,14.88
2017-04-25,26.1,19.8,23.1,1.5,1.5,5.0,8.6,19.8,99,9.1
2017-04-26,27.9,20.6,22.9,14.4,14.4,12.0,14.7,51.1,305,15.56
2017-04-27,20.4,16.1,18.1,20.8,20.8,21.0,17.1,35.3,71,5.18
2017-04-28,21.5,14.0,17.7,0.0,0.0,0.0,16.6,34.6,81,26.19
2017-04-29,24.1,12.8,18.7,0.0,0.0,0.0,14.9,31.3,79,28.24
2017-04-30,26.6,14.9,21.0,0.0,0.0,0.0,10.8,19.1,129,26.33
2017-05-01,28.9,16.9,22.9,0.1,0.1,1.0,15.5,32.4,114,24.51
2017-05-02,28.8,21.0,24.0,4.8,4.8,8.0,8.1,26.6,89,15.75
2017-05-03,27.3,20.6,24.1,2.5,2.5,5.0,12.6,27.4,70,17.79
2017-05-04,29.7,20.9,25.2,2.0,2.0,5.0,10.0,28.8,206,19.54
2017-05-05,28.5,22.7,25.2,14.7,14.7,10.0,9.4,28.8,232,15.93
2017-05-06,26.5,22.3,23.8,1.0,1.0,5.0,11.8,34.2,66,12.5
2017-05-07,27.0,21.8,23.7,0.0,0.0,0.0,23.3,46.8,74,20.07
2017-05-08,30.4,21.3,25.2,8.1,8.1,8.0,14.3,32.8,92,20.75
2017-05-09,26.7,22.4,24.2,2.2,2.2,7.0,16.8,41.4,292,12.51
2017-05-10,29.9,22.2,25.7,0.0,0.0,0.0,20.5,41.4,98,19.92
2017-05-11,31.4,20.9,26.3,0.2,0.2,1.0,11.3,28.1,94,23.32
2017-05-12,29.5,23.2,26.1,11.2,11.2,7.0,9.8,29.5,237,14.31
2017-05-13,26.1,22.5,23.9,15.3,15.3,17.0,14.5,44.3,305,4.76
2017-05-14,29.0,21.9,25.0,2.7,2.7,6.0,10.6,34.9,102,21.27
2017-05-15,29.9,21.9,25.1,22.5,22.5,15.0,12.6,27.0,68,18.98
2017-05-16,23.3,20.5,21.7,24.8,24.8,22.0,13.0,26.3,71,3.41
2017-05-17,25.0,21.0,22.6,0.5,0.5,3.0,18.0,36.0,75,12.53
2017-05-18,26.7,21.4,24.0,1.4,1.4,3.0,23.1,46.4,90,19.99
2017-05-19,26.7,22.7,24.3,0.1,0.1,1.0,22.4,45.4,103,16.62
2017-05-20,26.7,21.3,23.6,5.6,5.6,11.0,20.8,41.8,93,12.49
2017-05-21,28.0,21.5,24.6,0.0,0.0,0.0,18.9,38.5,74,17.65
2017-05-22,29.0,23.2,25.8,0.8,0.8,6.0,16.2,33.5,82,19.73
2017-05-23,29.5,22.2,25.9,12.8,12.8,9.0,9.2,37.8,164,20.9
2017-05-24,29.2,23.2,25.0,52.0,52.0,17.0,15.5,36.0,319,9.89
2017-05-25,23.8,21.5,22.7,24.7,24.7,12.0,10.4,22.0,86,4.35
2017-05-26,25.3,20.7,22.9,0.0,0.0,0.0,17.2,35.6,78,16.95
2017-05-27,25.5,21.1,22.7,4.1,4.1,6.0,23.2,50.4,81,11.3
2017-05-28,26.3,21.6,23.7,0.5,0.5,2.0,23.7,47.9,87,13.99
2017-05-29,28.8,23.3,25.6,0.1,0.1,1.0,20.2,40.3,86,19.8
2017-05-30,31.1,23.3,26.7,0.6,0.6,4.0,12.2,27.0,108,18.7
2017-05-31,30.7,23.7,26.6,0.8,0.8,6.0,21.7,49.3,290,22.36
2017-06-01,31.2,22.8,27.1,8.7,8.7,9.0,22.0,54.7,272,16.3
2017-06-02,27.8,23.5,25.5,98.0,98.0,24.0,23.0,60.8,310,4.26
2017-06-03,26.3,23.4,24.6,117.0,117.0,24.0,11.0,46.4,59,4.84
2017-06-04,26.1,24.1,25.0,39.0,39.0,22.0,10.7,44.6,61,5.9
2017-06-05,29.6,24.1,26.8,2.2,2.2,7.0,11.2,32.0,39,14.88
2017-06-06,31.6,23.8,27.6,3.4,3.4,4.0,12.2,27.4,246,19.38
2017-06-07,31.6,24.2,27.6,11.8,11.8,7.0,14.4,30.6,278,21.2
2017-06-08,30.3,25.1,27.4,9.9,9.9,13.0,10.7,24.1,56,16.93
2017-06-09,31.2,24.8,27.8,2.7,2.7,7.0,12.6,28.8,263,21.2
2017-06-10,31.5,24.2,28.0,2.3,2.3,6.0,10.1,24.8,264,20.09
2017-06-11,32.5,24.3,28.3,2.4,2.4,4.0,9.2,22.0,304,21.51
2017-06-12,30.9,25.0,27.7,5.2,5.2,9.0,8.8,19.4,269,11.71
2017-06-13,32.5,25.4,28.0,8.2,8.2,6.0,9.6,34.2,110,17.48
2017-06-14,27.0,23.9,25.1,157.3,157.3,16.0,18.4,58.7,293,4.13
2017-06-15,24.3,22.1,23.5,114.3,114.3,24.0,14.1,30.6,76,2.98
2017-06-16,27.2,22.4,24.4,37.2,37.2,24.0,16.3,59.0,52,9.21
2017-06-17,26.8,23.4,24.4,44.8,44.8,23.0,19.1,48.6,305,5.1
2017-06-18,27.5,23.3,25.1,12.9,12.9,19.0,13.0,34.9,89,7.52
2017-06-19,28.7,23.9,26.4,0.9,0.9,9.0,11.7,24.8,281,10.52
2017-06-20,32.1,23.5,27.7,0.0,0.0,0.0,20.6,43.2,283,19.51
2017-06-21,31.6,24.8,27.8,0.6,0.6,4.0,7.0,14.8,338,12.73
2017-06-22,32.6,23.7,28.5,2.7,2.7,4.0,15.4,31.7,241,23.45
2017-06-23,32.2,24.9,28.1,3.4,3.4,4.0,12.6,27.4,263,22.13
2017-06-24,32.2,24.4,28.4,1.3,1.3,3.0,23.0,46.8,268,24.15
2017-06-25,32.4,24.8,28.6,0.5,0.5,1.0,23.5,47.2,275,24.45
2017-06-26,32.7,25.4,28.9,1.1,1.1,2.0,16.1,40.7,273,21.25
2017-06-27,31.9,25.5,28.2,4.6,4.6,6.0,14.7,32.8,278,20.07
2017-06-28,32.1,24.9,28.2,3.2,3.2,6.0,6.5,18.7,43,19.71
2017-06-29,31.9,24.9,28.1,2.8,2.8,8.0,8.7,21.6,319,18.65
2017-06-30,32.0,25.0,27.8,0.9,0.9,2.0,6.3,19.4,10,20.37
2017-07-01,32.4,24.6,27.9,5.0,5.0,9.0,10.2,20.5,50,19.06
2017-07-02,32.6,24.9,28.2,5.2,5.2,8.0,8.6,29.2,170,23.66
2017-07-03,31.5,25.4,28.4,5.1,5.1,4.0,12.2,31.7,264,20.23
2017-07-04,32.0,25.3,28.4,6.0,6.0,3.0,9.8,22.0,34,20.11
2017-07-05,32.4,25.7,28.8,4.0,4.0,6.0,14.8,32.8,101,21.6
2017-07-06,32.9,26.1,28.8,1.5,1.5,7.0,16.6,33.8,140,23.08
2017-07-07,32.4,25.1,28.3,5.4,5.4,8.0,8.7,25.6,68,17.73
2017-07-08,32.4,24.9,28.5,3.4,3.4,8.0,5.8,16.9,83,21.49
2017-07-09,32.4,25.3,28.6,0.6,0.6,6.0,9.4,23.4,1,20.65
2017-07-10,32.8,25.1,29.1,0.3,0.3,1.0,7.4,19.4,18,22.69
2017-07-11,32.0,25.9,28.9,6.2,6.2,8.0,7.8,19.8,53,21.55
2017-07-12,32.4,26.2,28.9,4.5,4.5,5.0,10.9,24.8,55,21.62
2017-07-13,33.1,25.3,28.8,0.2,0.2,1.0,7.0,18.4,340,23.6
2017-07-14,32.2,25.3,28.6,1.2,1.2,8.0,11.5,25.6,83,21.33
2017-07-15,32.2,25.4,28.7,0.0,0.0,0.0,21.4,42.8,115,25.25
2017-07-16,32.4,24.8,28.4,0.0,0.0,0.0,25.7,50.8,125,25.98
2017-07-17,33.3,25.6,29.3,0.0,0.0,0.0,13.4,28.4,126,19.65
2017-07-18,34.2,26.0,29.7,0.7,0.7,7.0,13.2,27.4,259,22.46
2017-07-19,34.6,25.3,29.5,0.2,0.2,1.0,15.3,31.3,86,25.8
2017-07-20,33.8,25.7,29.7,1.2,1.2,4.0,6.8,18.0,135,24.03
2017-07-21,34.3,26.1,29.6,0.0,0.0,0.0,23.1,45.7,111,26.79
2017-07-22,33.1,25.3,29.2,0.0,0.0,0.0,25.8,52.6,106,26.91
2017-07-23,35.2,25.8,29.8,1.5,1.5,4.0,12.2,29.5,58,23.59
2017-07-24,33.2,26.3,29.5,1.5,1.5,7.0,16.2,32.4,274,21.8
2017-07-25,33.7,25.9,29.5,0.2,0.2,2.0,11.2,24.8,310,20.57
2017-07-26,32.7,26.2,29.2,4.4,4.4,7.0,8.6,23.4,55,19.53
2017-07-27,32.4,25.7,29.0,1.2,1.2,7.0,16.4,33.5,103,21.91
2017-07-28,33.2,26.6,29.3,1.6,1.6,8.0,24.8,49.7,85,21.49
2017-07-29,30.5,26.7,28.1,53.5,53.5,24.0,59.7,120.2,75,15.16
2017-07-30,31.9,27.1,28.9,28.7,28.7,13.0,49.3,103.7,119,19.85
2017-07-31,31.1,26.3,28.3,6.4,6.4,8.0,30.2,60.5,136,10.0
2017-08-01,31.1,25.8,28.4,1.1,1.1,4.0,9.7,21.2,232,12.88
2017-08-02,31.5,25.7,28.2,8.1,8.1,9.0,5.9,18.7,88,16.72
2017-08-03,31.4,25.5,28.6,2.8,2.8,7.0,7.3,18.7,299,18.87
2017-08-04,31.6,26.3,28.9,2.0,2.0,7.0,10.5,24.1,265,19.0
2017-08-05,33.0,25.9,29.0,0.0,0.0,0.0,16.2,33.1,274,25.36
2017-08-06,34.0,25.9,29.4,0.0,0.0,0.0,16.9,35.3,279,26.74
2017-08-07,34.6,25.9,29.7,0.8,0.8,2.0,13.7,29.5,283,24.4
2017-08-08,33.3,25.4,29.2,0.9,0.9,4.0,15.5,37.8,277,22.28
2017-08-09,33.8,26.2,29.8,0.0,0.0,0.0,22.4,45.7,270,26.6
2017-08-10,34.0,25.0,29.3,0.0,0.0,0.0,24.9,51.1,269,25.24
2017-08-11,33.2,25.4,29.3,2.6,2.6,4.0,16.1,42.8,267,20.0
2017-08-12,33.2,26.7,29.8,1.9,1.9,4.0,10.9,25.2,267,21.89
2017-08-13,34.9,25.9,29.6,1.1,1.1,2.0,9.7,22.0,294,22.94
2017-08-14,33.7,26.0,29.6,0.0,0.0,0.0,11.2,25.6,297,22.4
2017-08-15,34.4,25.5,29.6,0.6,0.6,3.0,12.6,26.6,290,21.93
2017-08-16,33.6,26.0,29.5,3.1,3.1,4.0,11.8,27.4,347,21.71
2017-08-17,32.1,26.5,29.3,2.8,2.8,10.0,9.1,20.9,359,19.31
2017-08-18,33.8,26.7,29.8,2.2,2.2,5.0,12.3,25.2,75,20.09
2017-08-19,33.7,25.1,29.5,0.3,0.3,3.0,12.4,25.9,67,20.52
2017-08-20,34.0,25.6,29.4,0.2,0.2,2.0,14.5,28.8,42,24.09
2017-08-21,31.2,25.5,28.4,5.0,5.0,13.0,22.0,49.0,79,19.5
2017-08-22,31.1,26.8,28.5,1.8,1.8,13.0,32.0,65.2,97,17.34
2017-08-23,32.0,26.8,28.8,4.3,4.3,6.0,18.9,42.8,119,12.77
2017-08-24,33.3,26.4,29.1,0.6,0.6,3.0,9.0,23.4,110,20.06
2017-08-25,33.6,25.6,29.3,0.0,0.0,0.0,22.6,44.3,109,23.92
2017-08-26,32.8,25.5,29.2,0.0,0.0,0.0,25.8,52.9,107,22.89
2017-08-27,33.9,25.9,29.1,1.5,1.5,4.0,17.0,39.6,116,19.67
2017-08-28,33.8,24.6,29.0,0.0,0.0,0.0,19.0,39.6,81,25.32
2017-08-29,32.9,26.3,29.2,0.2,0.2,2.0,21.0,43.9,79,21.96
2017-08-30,32.4,26.3,28.7,1.2,1.2,7.0,20.5,43.6,77,17.95
2017-08-31,31.2,26.6,28.0,1.6,1.6,7.0,24.9,50.4,79,15.57
2017-09-01,29.9,26.1,27.4,3.4,3.4,12.0,24.3,49.3,80,12.22
2017-09-02,28.4,25.2,26.5,13.8,13.8,11.0,22.3,44.3,66,5.59
2017-09-03,29.8,25.5,27.2,6.1,6.1,6.0,12.0,29.2,57,9.58
2017-09-04,31.6,25.5,27.9,10.4,10.4,7.0,6.4,18.4,63,16.64
2017-09-05,33.8,25.8,29.4,0.5,0.5,1.0,17.3,34.9,85,23.5
2017-09-06,34.5,26.5,30.2,0.2,0.2,2.0,20.8,43.2,116,21.38
2017-09-07,32.7,27.4,29.7,1.4,1.4,6.0,13.8,30.2,277,16.96
2017-09-08,31.9,26.7,28.7,3.7,3.7,6.0,7.1,18.7,47,13.31
2017-09-09,31.4,26.0,28.5,3.7,3.7,10.0,8.1,23.4,320,15.46
2017-09-10,32.1,25.9,28.5,2.2,2.2,8.0,9.6,23.4,19,16.66
2017-09-11,33.2,25.7,29.0,0.0,0.0,0.0,12.0,27.0,351,19.04
2017-09-12,33.6,24.7,28.6,0.5,0.5,5.0,22.8,47.5,78,22.23
2017-09-13,30.9,25.4,27.6,8.4,8.4,17.0,22.8,47.2,7,14.97
2017-09-14,28.4,24.5,26.3,6.4,6.4,14.0,20.7,44.6,267,9.11
2017-09-15,32.2,25.4,28.2,0.2,0.2,1.0,21.8,45.7,280,21.17
2017-09-16,31.3,24.1,27.2,0.8,0.8,5.0,11.5,29.2,299,21.15
2017-09-17,29.8,23.0,26.0,0.0,0.0,0.0,12.7,28.1,71,23.14
2017-09-18,29.8,21.6,25.6,0.0,0.0,0.0,20.2,42.1,82,22.57
2017-09-19,33.1,23.4,28.1,0.3,0.3,2.0,12.8,31.7,112,19.84
2017-09-20,33.9,25.8,29.4,0.0,0.0,0.0,12.1,22.7,110,19.56
2017-09-21,34.4,25.8,29.6,0.0,0.0,0.0,9.2,25.9,298,18.71
2017-09-22,33.4,26.4,29.6,0.6,0.6,5.0,13.3,25.9,64,17.65
2017-09-23,34.8,26.9,30.5,0.9,0.9,2.0,14.1,31.7,107,19.29
2017-09-24,35.8,26.3,30.7,1.7,1.7,4.0,11.0,28.1,300,19.93
2017-09-25,35.5,26.3,30.2,0.8,0.8,1.0,12.2,31.0,316,19.04
2017-09-26,36.9,25.4,30.5,0.0,0.0,0.0,14.5,33.8,312,21.46
2017-09-27,37.7,25.8,31.2,0.0,0.0,0.0,14.4,33.8,297,21.88
2017-09-28,35.9,26.3,29.9,0.5,0.5,3.0,12.4,28.8,359,19.43
2017-09-29,31.4,26.4,28.2,1.2,1.2,6.0,22.3,47.2,77,15.38
2017-09-30,33.5,26.0,29.1,0.0,0.0,0.0,24.3,51.1,95,20.24
2017-10-01,35.7,26.1,30.1,0.0,0.0,0.0,18.2,34.9,118,19.84
2017-10-02,35.4,26.4,30.2,0.0,0.0,0.0,12.0,28.8,301,17.93
2017-10-03,35.7,25.7,28.8,1.2,1.2,6.0,22.8,47.9,73,17.96
2017-10-04,28.6,25.6,26.6,2.2,2.2,13.0,23.0,46.4,63,5.91
2017-10-05,32.0,25.7,28.0,0.0,0.0,0.0,26.3,53.6,79,15.89
2017-10-06,31.5,26.1,28.0,0.7,0.7,3.0,23.1,49.7,79,14.61
2017-10-07,29.5,25.4,27.0,2.9,2.9,10.0,26.5,55.4,77,13.07
2017-10-08,30.1,25.8,27.2,4.6,4.6,16.0,28.8,58.3,78,13.23
2017-10-09,31.6,25.6,28.1,0.7,0.7,7.0,26.4,55.8,94,18.22
2017-10-10,31.8,26.0,28.3,0.1,0.1,1.0,25.8,52.9,93,17.76
2017-10-11,30.9,25.0,27.4,5.4,5.4,13.0,24.8,51.5,81,15.86
2017-10-12,27.5,24.7,25.8,5.2,5.2,21.0,23.5,46.8,66,6.87
2017-10-13,25.8,24.1,24.8,38.6,38.6,24.0,31.6,70.9,57,2.79
2017-10-14,27.9,25.6,26.6,23.0,23.0,24.0,28.2,57.2,80,6.52
2017-10-15,27.5,25.2,26.3,25.4,25.4,21.0,25.3,52.9,104,3.15
2017-10-16,32.4,24.3,27.6,0.3,0.3,3.0,18.3,36.4,90,17.28
2017-10-17,28.1,24.8,25.8,5.6,5.6,18.0,19.9,41.8,58,9.33
2017-10-18,27.1,24.3,25.3,1.7,1.7,10.0,19.4,38.9,51,7.74
2017-10-19,26.1,24.1,24.8,0.1,0.1,1.0,20.6,41.4,47,5.26
2017-10-20,25.0,22.5,23.7,1.0,1.0,8.0,18.9,38.5,41,6.08
2017-10-21,23.4,20.8,22.2,1.4,1.4,9.0,19.5,41.0,334,9.83
2017-10-22,22.7,18.7,20.8,0.1,0.1,1.0,16.9,36.4,314,13.05
2017-10-23,24.2,18.8,21.0,0.1,0.1,1.0,16.1,34.9,92,11.41
2017-10-24,23.2,18.7,21.0,0.5,0.5,4.0,19.8,40.0,76,11.51
2017-10-25,24.6,19.5,21.7,0.0,0.0,0.0,20.0,40.7,78,14.19
2017-10-26,25.3,18.3,21.9,0.0,0.0,0.0,17.9,36.0,74,12.18
2017-10-27,25.1,19.3,22.4,0.0,0.0,0.0,15.4,32.4,46,11.08
2017-10-28,24.2,21.2,22.1,0.3,0.3,3.0,17.3,36.7,316,8.72
2017-10-29,23.3,19.9,21.4,0.0,0.0,0.0,16.8,36.4,53,11.69
2017-10-30,21.4,18.2,19.8,0.0,0.0,0.0,21.9,45.0,62,9.68
2017-10-31,22.9,18.4,20.7,0.1,0.1,1.0,25.0,49.7,75,9.6
2017-11-01,25.5,19.0,22.4,0.5,0.5,5.0,23.6,47.9,77,11.46
2017-11-02,29.3,19.0,24.2,0.2,0.2,2.0,13.9,29.9,64,12.0
2017-11-03,24.4,21.6,22.8,3.2,3.2,12.0,16.0,33.8,49,2.91
2017-11-04,21.9,19.2,20.6,0.4,0.4,4.0,22.3,47.5,67,3.51
2017-11-05,23.0,19.4,21.3,0.0,0.0,0.0,27.1,54.4,78,5.52
2017-11-06,27.9,22.7,25.0,0.0,0.0,0.0,24.1,50.0,93,10.11
2017-11-07,30.5,23.6,26.4,0.5,0.5,2.0,17.0,36.4,107,13.07
2017-11-08,25.0,22.6,23.4,0.5,0.5,5.0,18.4,37.8,57,4.34
2017-11-09,25.4,22.2,23.6,0.0,0.0,0.0,28.7,56.9,74,6.83
2017-11-10,30.4,23.0,25.7,0.0,0.0,0.0,19.4,39.6,88,14.58
2017-11-11,24.2,21.0,22.0,3.6,3.6,8.0,17.6,35.6,61,3.79
2017-11-12,22.9,20.0,21.5,10.8,10.8,13.0,19.3,43.6,73,2.86
2017-11-13,24.5,21.6,22.8,13.1,13.1,15.0,15.5,31.0,66,2.56
2017-11-14,23.5,22.0,22.5,4.6,4.6,10.0,16.6,33.5,66,4.65
2017-11-15,25.0,21.3,22.8,0.5,0.5,2.0,22.1,44.3,69,5.63
2017-11-16,28.3,21.5,24.2,0.3,0.3,3.0,16.8,34.6,90,11.14
2017-11-17,29.2,20.7,24.3,0.0,0.0,0.0,9.4,18.7,274,14.15
2017-11-18,23.0,18.0,20.8,8.4,8.4,15.0,18.0,38.9,31,2.84
2017-11-19,19.3,16.9,18.1,12.8,12.8,17.0,27.1,53.3,73,4.3
2017-11-20,20.4,18.5,19.1,13.7,13.7,17.0,15.8,31.7,63,2.52
2017-11-21,25.2,18.4,21.1,5.8,5.8,10.0,21.7,43.6,80,8.9
2017-11-22,21.1,18.1,19.7,0.2,0.2,2.0,11.4,25.6,334,3.46
2017-11-23,18.3,16.7,17.5,0.0,0.0,0.0,17.3,35.6,58,4.87
2017-11-24,18.3,16.8,17.6,1.1,1.1,6.0,19.9,40.7,75,1.97
2017-11-25,20.0,17.9,19.0,9.2,9.2,18.0,18.8,37.4,69,1.45
2017-11-26,22.6,19.4,20.5,1.4,1.4,10.0,13.6,28.1,49,5.03
2017-11-27,22.5,19.5,21.3,0.0,0.0,0.0,23.0,45.7,76,5.17
2017-11-28,28.2,22.0,24.4,0.0,0.0,0.0,21.4,42.5,89,13.81
2017-11-29,29.5,22.0,24.9,0.5,0.5,2.0,16.6,33.5,64,14.76
2017-11-30,23.3,19.5,21.5,2.2,2.2,17.0,17.8,37.8,52,2.84
2017-12-01,19.8,18.8,19.2,0.3,0.3,3.0,19.0,38.5,67,2.75
2017-12-02,21.2,18.6,19.8,0.3,0.3,3.0,22.4,49.0,70,3.74
2017-12-03,21.7,19.8,20.5,0.2,0.2,1.0,18.8,37.8,64,4.24
2017-12-04,20.1,16.0,18.3,0.2,0.2,2.0,20.3,41.0,37,6.85
2017-12-05,17.4,15.3,16.1,0.7,0.7,4.0,15.9,32.0,75,2.68
2017-12-06,19.1,15.3,16.8,1.3,1.3,4.0,18.4,37.1,80,5.62
2017-12-07,19.3,16.0,17.3,7.2,7.2,19.0,13.8,29.2,56,2.35
2017-12-08,16.5,14.0,15.0,3.3,3.3,5.0,15.0,30.2,37,3.38
2017-12-09,17.5,13.6,15.2,0.1,0.1,1.0,13.2,27.7,80,3.91
2017-12-10,21.6,12.5,17.2,0.6,0.6,3.0,11.0,22.3,35,11.98
2017-12-11,18.1,15.9,17.1,0.0,0.0,0.0,20.6,41.0,69,7.14
2017-12-12,17.4,16.6,16.9,5.1,5.1,17.0,19.6,39.6,80,1.5
2017-12-13,18.4,16.7,17.5,0.2,0.2,2.0,23.4,49.3,76,2.76
2017-12-14,21.3,16.8,18.7,0.0,0.0,0.0,22.1,45.0,80,5.87
2017-12-15,23.2,18.2,20.2,0.0,0.0,0.0,23.2,47.2,91,12.29
2017-12-16,19.1,13.8,17.0,3.3,3.3,15.0,17.2,34.2,24,2.28
2017-12-17,14.6,12.6,13.5,0.9,0.9,9.0,20.9,41.8,63,4.15
2017-12-18,16.1,13.6,15.1,1.0,1.0,10.0,16.7,37.8,64,2.76
2017-12-19,15.4,14.0,14.8,2.7,2.7,17.0,17.2,34.6,61,2.67
2017-12-20,18.0,13.2,15.4,0.0,0.0,0.0,21.4,43.9,68,10.97
2017-12-21,16.9,13.0,15.0,0.0,0.0,0.0,25.4,50.8,77,8.55
2017-12-22,21.7,15.0,18.2,0.0,0.0,0.0,24.8,49.0,95,14.25
2017-12-23,23.6,17.2,19.5,0.0,0.0,0.0,22.8,46.1,101,13.8
2017-12-24,20.6,14.3,17.5,0.4,0.4,3.0,16.1,33.8,344,7.65
2017-12-25,16.7,13.9,15.4,0.0,0.0,0.0,21.2,42.8,74,9.63
2017-12-26,19.5,15.4,17.3,0.0,0.0,0.0,21.6,43.2,76,7.2
2017-12-27,19.8,16.5,17.9,0.0,0.0,0.0,24.5,49.0,88,8.63
2017-12-28,22.3,17.1,19.4,0.0,0.0,0.0,22.6,46.4,98,11.6
2017-12-29,21.6,16.5,18.9,0.7,0.7,4.0,19.7,39.2,70,9.06
2017-12-30,20.2,18.0,18.8,0.9,0.9,6.0,21.3,43.2,62,4.98
2017-12-31,17.8,14.9,15.9,0.2,0.2,2.0,16.7,33.5,55,2.44
2018-01-01,18.9,14.9,16.8,0.0,0.0,0.0,21.8,43.9,83,6.17
2018-01-02,22.5,16.0,19.0,0.0,0.0,0.0,26.3,52.6,100,13.87
2018-01-03,23.6,17.5,20.2,0.0,0.0,0.0,23.0,46.4,97,14.08
2018-01-04,24.0,17.7,20.0,1.3,1.3,4.0,15.1,31.3,142,8.86
2018-01-05,17.4,16.2,16.8,1.5,1.5,7.0,16.1,32.0,31,1.77
2018-01-06,18.1,16.4,17.4,9.3,9.3,13.0,23.2,47.2,72,1.92
2018-01-07,20.3,18.0,18.9,21.2,21.2,23.0,23.5,48.2,92,2.36
2018-01-08,19.9,13.3,17.3,28.5,28.5,24.0,15.1,43.6,56,2.49
2018-01-09,13.1,9.8,11.2,12.3,12.3,19.0,12.4,26.6,21,3.68
2018-01-10,14.0,8.0,11.1,0.2,0.2,2.0,12.2,27.4,74,13.13
2018-01-11,14.5,6.6,11.1,0.0,0.0,0.0,19.1,39.6,62,10.53
2018-01-12,12.5,7.1,10.3,0.0,0.0,0.0,16.3,34.2,53,11.02
2018-01-13,15.0,7.7,11.9,0.0,0.0,0.0,21.6,44.3,83,11.06
2018-01-14,20.3,11.1,15.1,0.0,0.0,0.0,17.1,34.9,87,15.49
2018-01-15,22.4,14.1,17.8,0.0,0.0,0.0,19.8,40.7,85,10.91
2018-01-16,24.0,13.0,18.2,0.0,0.0,0.0,9.8,24.1,339,15.43
2018-01-17,22.1,15.6,18.7,0.0,0.0,0.0,19.7,38.9,76,11.43
2018-01-18,21.3,18.6,19.8,0.5,0.5,4.0,21.4,44.6,72,3.48
2018-01-19,19.2,17.2,18.2,3.4,3.4,12.0,15.8,30.6,71,1.67
2018-01-20,19.5,16.9,18.2,5.8,5.8,12.0,17.7,35.3,68,2.13
2018-01-21,19.9,17.7,18.8,1.0,1.0,7.0,21.7,42.5,77,3.34
2018-01-22,19.2,15.8,17.3,3.2,3.2,6.0,15.9,32.8,54,10.07
2018-01-23,21.2,15.3,17.6,0.0,0.0,0.0,19.4,38.5,70,9.81
2018-01-24,17.6,15.5,16.5,0.0,0.0,0.0,23.5,46.4,73,4.85
2018-01-25,19.2,15.6,17.2,0.0,0.0,0.0,24.8,49.7,79,4.96
2018-01-26,17.6,13.5,15.3,0.4,0.4,3.0,22.5,44.3,60,3.93
2018-01-27,18.7,13.4,16.3,0.0,0.0,0.0,27.1,54.0,86,6.2
2018-01-28,17.3,13.4,15.2,2.5,2.5,12.0,10.3,23.4,337,2.02
2018-01-29,13.7,11.1,11.9,5.5,5.5,20.0,15.5,30.6,49,2.24
2018-01-30,14.8,10.9,12.8,4.9,4.9,16.0,18.7,38.5,68,2.97
2018-01-31,16.6,12.0,14.8,12.1,12.1,22.0,14.4,29.9,41,2.09
2018-02-01,13.1,10.6,12.1,6.3,6.3,10.0,14.2,29.2,41,4.8
2018-02-02,14.6,11.3,12.9,2.0,2.0,6.0,15.3,31.7,49,3.0
2018-02-03,11.1,9.4,10.2,13.0,13.0,24.0,10.0,21.6,14,2.27
2018-02-04,10.3,9.0,9.5,17.4,17.4,24.0,8.5,18.4,39,2.43
2018-02-05,9.3,8.3,8.8,13.5,13.5,21.0,10.4,22.0,311,2.99
2018-02-06,11.7,8.9,10.5,0.0,0.0,0.0,18.8,36.7,67,5.91
2018-02-07,12.8,9.6,11.4,11.7,11.7,16.0,17.6,35.6,80,2.49
2018-02-08,14.5,11.2,12.8,8.0,8.0,13.0,19.4,40.3,78,3.66
2018-02-09,19.8,14.5,16.3,1.4,1.4,5.0,19.0,37.8,66,3.89
2018-02-10,17.1,13.3,15.5,2.3,2.3,14.0,9.7,19.8,35,2.13
2018-02-11,14.0,11.9,12.6,3.1,3.1,10.0,15.5,32.0,50,5.53
2018-02-12,15.5,8.9,12.2,0.0,0.0,0.0,19.7,40.3,74,16.89
2018-02-13,17.6,8.4,13.3,0.0,0.0,0.0,25.1,51.5,108,18.05
2018-02-14,23.1,10.5,16.6,0.0,0.0,0.0,13.2,31.3,134,18.51
2018-02-15,26.8,11.9,18.8,0.0,0.0,0.0,13.8,28.8,84,19.12
2018-02-16,24.1,14.3,18.7,1.0,1.0,3.0,12.3,28.4,314,12.7
2018-02-17,17.7,15.4,16.9,0.1,0.1,1.0,24.5,47.5,77,6.33
2018-02-18,24.6,15.2,19.5,0.0,0.0,0.0,14.5,29.2,84,18.53
2018-02-19,26.1,14.2,20.1,0.0,0.0,0.0,7.6,20.5,294,17.79
2018-02-20,22.2,16.1,19.2,0.0,0.0,0.0,14.9,30.6,66,9.42
2018-02-21,18.7,15.6,17.1,0.4,0.4,3.0,16.6,33.8,46,4.74
2018-02-22,17.3,14.0,15.2,11.2,11.2,13.0,19.8,40.0,54,4.11
2018-02-23,17.5,14.1,16.0,0.0,0.0,0.0,22.0,43.6,78,7.64
2018-02-24,23.5,16.3,18.6,0.0,0.0,0.0,13.7,31.0,0,14.36
2018-02-25,18.0,15.7,16.6,1.2,1.2,6.0,8.7,24.1,345,4.97
2018-02-26,18.0,15.2,16.5,0.0,0.0,0.0,20.5,41.8,71,9.71
2018-02-27,24.5,16.2,19.6,0.2,0.2,1.0,17.0,33.8,105,14.95
2018-02-28,21.6,14.6,18.2,3.0,3.0,7.0,18.4,56.9,304,9.87
2018-03-01,23.9,15.2,20.0,0.2,0.2,2.0,23.7,46.8,91,13.91
2018-03-02,26.3,19.3,22.0,0.3,0.3,1.0,19.0,37.4,143,18.57
2018-03-03,27.1,16.0,21.2,0.2,0.2,2.0,17.1,36.0,283,17.86
2018-03-04,27.9,19.0,23.2,0.0,0.0,0.0,9.7,24.5,19,13.49
2018-03-05,27.3,16.5,21.4,7.4,7.4,7.0,23.8,50.0,314,13.51
2018-03-06,19.7,16.2,17.8,0.0,0.0,0.0,19.3,39.6,65,6.81
2018-03-07,24.0,17.0,19.8,0.2,0.2,2.0,22.3,44.3,96,12.36
2018-03-08,17.2,11.7,14.2,13.5,13.5,21.0,12.6,25.6,338,2.49
2018-03-09,13.2,11.4,12.5,0.2,0.2,2.0,17.6,36.7,53,10.58
2018-03-10,18.9,9.8,14.6,0.0,0.0,0.0,19.5,41.0,80,19.86
2018-03-11,21.9,12.0,17.0,0.0,0.0,0.0,21.7,43.9,102,22.4
2018-03-12,24.5,13.2,18.7,0.0,0.0,0.0,11.6,26.3,121,20.29
2018-03-13,26.1,15.4,20.0,0.0,0.0,0.0,10.1,21.2,106,21.55
2018-03-14,26.2,15.9,21.0,0.0,0.0,0.0,10.9,22.7,90,15.74
2018-03-15,26.7,16.9,20.7,5.6,5.6,6.0,14.7,31.0,247,11.48
2018-03-16,24.1,16.8,19.3,0.8,0.8,4.0,18.9,38.5,52,13.54
2018-03-17,22.0,17.3,19.8,0.1,0.1,1.0,23.2,46.8,71,9.18
2018-03-18,27.8,17.4,21.7,0.1,0.1,1.0,16.4,35.3,57,19.35
2018-03-19,28.3,18.6,22.9,0.2,0.2,2.0,12.3,28.4,323,18.16
2018-03-20,23.4,15.4,18.8,5.5,5.5,15.0,22.7,45.7,336,4.62
2018-03-21,16.3,11.3,14.4,0.1,0.1,1.0,18.1,38.2,318,13.42
2018-03-22,17.3,10.2,13.4,0.0,0.0,0.0,13.1,29.9,81,22.0
2018-03-23,22.6,10.6,16.4,0.0,0.0,0.0,16.3,33.1,70,23.02
2018-03-24,23.7,15.0,18.9,0.0,0.0,0.0,20.4,42.1,100,23.41
2018-03-25,23.9,17.1,20.1,0.0,0.0,0.0,19.8,41.0,113,20.82
2018-03-26,25.5,15.8,20.7,0.0,0.0,0.0,12.7,26.6,138,18.75
2018-03-27,24.2,16.8,20.2,4.3,4.3,10.0,14.1,31.0,64,15.62
2018-03-28,26.0,18.8,21.8,0.1,0.1,1.0,17.3,36.4,84,18.19
2018-03-29,26.6,20.1,22.9,0.0,0.0,0.0,19.7,41.0,98,21.1
2018-03-30,25.3,19.5,22.0,0.1,0.1,1.0,22.0,45.7,84,18.92
2018-03-31,25.8,17.9,21.8,0.0,0.0,0.0,24.7,50.4,90,19.8
2018-04-01,26.8,18.8,22.5,0.0,0.0,0.0,20.0,41.8,104,22.4
2018-04-02,28.8,17.0,22.9,0.0,0.0,0.0,12.3,26.3,113,21.48
2018-04-03,28.5,18.5,23.1,0.7,0.7,4.0,11.3,25.2,108,17.72
2018-04-04,28.4,18.8,23.4,1.4,1.4,4.0,8.8,23.0,42,18.4
2018-04-05,29.0,19.1,24.0,0.1,0.1,1.0,16.4,35.3,307,19.93
2018-04-06,25.9,15.7,19.8,3.0,3.0,11.0,22.4,46.4,33,7.72
2018-04-07,18.2,13.5,15.8,1.1,1.1,5.0,15.3,34.2,72,12.26
2018-04-08,22.8,12.1,17.6,0.0,0.0,0.0,25.5,52.6,114,24.8
2018-04-09,26.4,13.4,20.0,0.0,0.0,0.0,19.3,39.2,117,24.72
2018-04-10,27.7,15.1,21.4,0.0,0.0,0.0,13.6,30.2,26,20.84
2018-04-11,29.5,19.0,24.0,0.1,0.1,1.0,10.0,27.7,153,15.9
2018-04-12,29.0,20.6,24.3,2.2,2.2,2.0,11.3,24.5,316,14.21
2018-04-13,30.8,20.5,25.3,3.2,3.2,2.0,8.0,22.3,101,17.74
2018-04-14,30.3,22.3,25.0,44.2,44.2,11.0,10.6,43.9,237,15.47
2018-04-15,22.6,18.0,19.2,25.5,25.5,12.0,16.7,35.6,61,6.51
2018-04-16,22.4,16.9,19.6,1.6,1.6,4.0,21.3,42.8,77,14.31
2018-04-17,20.5,15.8,17.7,10.8,10.8,9.0,14.4,29.5,74,7.28
2018-04-18,24.3,15.4,19.8,0.0,0.0,0.0,19.0,39.6,80,23.27
2018-04-19,27.1,18.9,22.6,0.0,0.0,0.0,18.0,35.6,98,21.2
2018-04-20,26.6,19.9,23.0,0.0,0.0,0.0,22.6,46.4,106,22.0
2018-04-21,29.3,20.8,24.5,0.0,0.0,0.0,12.4,27.0,113,18.11
2018-04-22,29.4,20.9,25.1,0.1,0.1,1.0,13.2,26.6,74,15.3
2018-04-23,31.4,21.4,25.9,0.0,0.0,0.0,7.8,23.0,81,21.2
2018-04-24,24.5,20.1,22.2,16.4,16.4,7.0,15.9,36.7,48,7.25
2018-04-25,22.5,18.6,20.3,0.0,0.0,0.0,16.8,36.0,69,20.84
2018-04-26,26.6,17.8,21.8,0.0,0.0,0.0,19.5,39.6,79,23.98
2018-04-27,28.2,19.1,23.2,0.0,0.0,0.0,16.9,33.5,68,11.58
2018-04-28,26.7,21.9,23.8,0.0,0.0,0.0,21.5,42.8,100,17.41
2018-04-29,29.0,20.4,24.5,2.2,2.2,4.0,11.3,29.5,49,20.08
2018-04-30,29.4,21.3,25.2,0.3,0.3,2.0,10.0,24.8,329,19.63
2018-05-01,30.1,22.5,25.7,1.4,1.4,3.0,10.4,25.2,287,18.05
2018-05-02,31.8,22.7,26.7,0.6,0.6,3.0,16.6,40.0,301,24.07
2018-05-03,24.0,19.9,21.5,0.8,0.8,6.0,21.5,42.8,71,7.48
2018-05-04,26.0,20.2,22.6,0.0,0.0,0.0,23.5,46.8,100,12.29
2018-05-05,29.8,21.0,25.2,0.5,0.5,3.0,16.7,33.5,121,18.58
2018-05-06,31.3,21.0,26.3,0.0,0.0,0.0,12.4,28.1,294,19.05
2018-05-07,32.3,23.5,27.4,0.5,0.5,1.0,14.8,46.4,303,18.66
2018-05-08,26.8,21.8,23.9,15.8,15.8,11.0,19.1,45.0,302,7.43
2018-05-09,25.2,19.9,22.0,0.1,0.1,1.0,19.3,39.6,76,17.0
2018-05-10,24.3,18.8,21.5,0.0,0.0,0.0,22.5,46.4,78,22.75
2018-05-11,30.5,20.7,24.4,0.1,0.1,1.0,16.5,34.2,91,20.15
2018-05-12,29.0,20.0,25.1,0.0,0.0,0.0,10.3,27.7,299,22.51
2018-05-13,30.9,21.1,26.3,0.4,0.4,4.0,10.0,24.1,306,23.07
2018-05-14,31.6,22.0,26.6,0.3,0.3,3.0,14.6,30.2,165,20.78
2018-05-15,31.1,22.8,27.2,0.1,0.1,1.0,8.5,20.2,358,18.09
2018-05-16,32.9,22.8,27.8,0.3,0.3,3.0,8.9,25.9,26,20.36
2018-05-17,33.7,24.6,28.8,0.2,0.2,2.0,9.6,26.3,346,22.91
2018-05-18,34.1,23.8,28.3,1.0,1.0,1.0,8.4,22.7,360,22.8
2018-05-19,31.9,24.1,27.8,0.4,0.4,3.0,10.2,25.9,348,21.11
2018-05-20,31.6,23.7,27.7,1.2,1.2,3.0,12.3,28.8,308,21.97
2018-05-21,31.1,24.2,27.3,1.4,1.4,6.0,10.7,23.8,41,20.1
2018-05-22,32.3,23.7,28.1,0.0,0.0,0.0,13.4,39.6,340,25.23
2018-05-23,30.2,23.8,26.3,1.0,1.0,5.0,18.7,40.0,42,14.98
2018-05-24,31.4,23.0,26.9,1.3,1.3,3.0,16.6,37.4,82,22.78
2018-05-25,32.9,23.2,28.1,1.1,1.1,4.0,16.4,35.6,283,21.17
2018-05-26,34.2,24.4,28.8,0.0,0.0,0.0,18.7,41.0,283,24.61
2018-05-27,35.4,23.3,29.1,0.0,0.0,0.0,14.8,33.1,354,25.35
2018-05-28,33.7,25.1,28.7,4.2,4.2,5.0,16.0,35.6,299,21.55
2018-05-29,33.3,25.8,28.8,2.1,2.1,6.0,10.2,27.4,313,19.51
2018-05-30,32.1,25.1,28.7,8.1,8.1,9.0,11.5,30.2,247,19.55
2018-05-31,33.9,24.9,28.8,11.6,11.6,8.0,12.0,39.2,303,22.36
2018-06-01,27.1,23.0,25.1,1.0,1.0,8.0,20.7,41.4,60,8.2
2018-06-02,28.6,23.2,25.4,3.7,3.7,5.0,17.5,35.6,70,14.67
2018-06-03,29.1,23.4,26.0,7.2,7.2,6.0,13.4,26.3,61,14.17
2018-06-04,31.9,24.4,27.7,1.2,1.2,4.0,17.0,34.9,71,20.97
2018-06-05,32.2,24.5,28.3,7.6,7.6,10.0,7.6,19.8,111,20.32
2018-06-06,33.0,25.3,28.5,6.8,6.8,11.0,12.6,26.3,70,19.09
2018-06-07,32.5,26.2,28.6,0.1,0.1,1.0,21.7,44.6,85,20.54
2018-06-08,32.3,26.1,28.9,0.5,0.5,4.0,22.4,47.5,85,23.98
2018-06-09,31.9,25.6,28.2,0.7,0.7,5.0,12.4,28.8,55,20.89
2018-06-10,31.3,25.0,27.4,32.3,32.3,15.0,10.2,31.7,81,14.41
2018-06-11,27.8,23.0,25.7,11.3,11.3,15.0,16.3,33.8,40,11.98
2018-06-12,30.0,20.9,26.0,0.0,0.0,0.0,19.7,39.6,91,27.5
2018-06-13,29.0,23.9,26.2,0.3,0.3,1.0,26.6,53.6,93,18.19
2018-06-14,28.9,24.0,26.2,2.7,2.7,12.0,22.4,45.0,69,17.93
2018-06-15,26.5,24.2,25.3,5.4,5.4,19.0,16.3,34.2,32,9.03
2018-06-16,28.2,22.3,25.3,0.5,0.5,5.0,16.8,34.9,70,18.51
2018-06-17,30.6,24.6,27.2,1.4,1.4,4.0,15.2,31.0,85,16.24
2018-06-18,30.2,24.5,27.1,2.1,2.1,10.0,14.2,30.2,73,13.0
2018-06-19,30.1,24.9,26.7,22.0,22.0,18.0,11.3,28.4,293,11.46
2018-06-20,32.5,24.7,28.4,7.7,7.7,5.0,13.0,47.5,280,20.24
2018-06-21,31.6,25.2,27.7,9.5,9.5,13.0,9.7,32.8,294,14.48
2018-06-22,31.4,24.9,27.5,20.5,20.5,16.0,6.4,25.6,186,14.7
2018-06-23,31.4,24.6,27.5,7.4,7.4,6.0,17.3,35.3,257,19.69
2018-06-24,31.3,24.6,28.0,0.1,0.1,1.0,13.7,29.5,271,16.93
2018-06-25,33.0,24.8,28.0,2.5,2.5,6.0,9.4,22.3,2,20.87
2018-06-26,32.5,26.0,28.6,0.9,0.9,5.0,10.2,24.5,98,23.6
2018-06-27,32.2,25.3,28.5,0.7,0.7,5.0,8.4,18.4,193,23.99
2018-06-28,31.8,24.7,28.6,0.4,0.4,4.0,14.7,31.7,258,23.68
2018-06-29,32.2,24.8,28.2,2.9,2.9,5.0,12.7,32.4,355,21.41
2018-06-30,31.2,25.4,28.0,4.1,4.1,13.0,10.8,21.2,63,18.62
2018-07-01,30.9,25.2,27.6,8.3,8.3,15.0,16.0,34.6,295,21.0
2018-07-02,32.1,26.0,28.6,0.6,0.6,4.0,22.1,47.2,267,24.13
2018-07-03,33.1,25.9,29.3,0.0,0.0,0.0,25.1,52.2,267,21.58
2018-07-04,32.6,26.1,29.4,0.0,0.0,0.0,27.6,55.1,265,17.5
2018-07-05,32.2,25.9,29.1,0.0,0.0,0.0,23.1,46.8,271,15.53
2018-07-06,33.5,24.1,28.5,7.4,7.4,5.0,12.2,37.8,260,20.43
2018-07-07,31.9,25.2,28.2,6.5,6.5,6.0,10.1,23.0,51,15.74
2018-07-08,32.1,24.9,28.5,3.9,3.9,10.0,10.6,23.8,86,19.85
2018-07-09,32.1,24.5,28.1,0.0,0.0,0.0,22.7,46.4,100,27.11
2018-07-10,30.1,23.5,27.2,23.5,23.5,17.0,30.2,67.3,347,18.94
2018-07-11,30.2,25.3,27.3,71.1,71.1,19.0,43.3,86.4,248,6.9
2018-07-12,30.3,25.0,27.8,0.0,0.0,0.0,29.6,60.1,117,25.24
2018-07-13,30.8,25.7,28.0,0.0,0.0,0.0,26.4,52.6,115,25.17
2018-07-14,30.9,25.3,27.9,0.0,0.0,0.0,25.3,51.1,108,27.51
2018-07-15,31.1,25.3,28.0,0.0,0.0,0.0,24.4,49.7,101,24.28
2018-07-16,31.1,25.7,28.2,1.1,1.1,11.0,27.9,57.2,96,26.01
2018-07-17,31.5,26.4,28.6,0.8,0.8,5.0,28.7,58.0,93,25.26
2018-07-18,32.1,26.1,28.7,0.0,0.0,0.0,23.1,46.8,94,26.16
2018-07-19,32.1,25.5,28.7,0.0,0.0,0.0,20.6,42.5,82,24.52
2018-07-20,31.1,24.7,27.9,0.2,0.2,2.0,14.5,32.8,71,24.65
2018-07-21,30.3,25.4,27.3,24.7,24.7,19.0,10.6,28.1,276,15.93
2018-07-22,32.8,24.9,28.6,3.3,3.3,9.0,16.5,34.9,146,21.62
2018-07-23,28.8,26.1,27.3,8.2,8.2,12.0,8.2,28.1,329,7.14
2018-07-24,31.8,25.5,28.2,15.2,15.2,8.0,13.4,29.2,33,18.32
2018-07-25,32.4,25.5,28.7,2.9,2.9,10.0,7.5,19.4,58,21.6
2018-07-26,32.5,25.8,28.8,5.7,5.7,8.0,8.2,18.4,314,21.63
2018-07-27,31.7,24.9,28.5,2.0,2.0,9.0,10.5,22.7,92,18.7
2018-07-28,32.1,25.8,28.7,1.1,1.1,9.0,12.2,25.2,56,22.17
2018-07-29,32.4,25.9,28.7,0.2,0.2,2.0,10.5,23.0,297,24.73
2018-07-30,33.2,25.1,29.0,0.0,0.0,0.0,12.9,28.8,303,26.63
2018-07-31,33.6,25.2,29.5,0.0,0.0,0.0,14.8,32.0,295,26.42
2018-08-01,33.7,26.2,29.3,11.2,11.2,7.0,15.5,37.1,306,21.09
2018-08-02,33.2,25.6,29.2,4.5,4.5,6.0,19.1,45.0,279,20.59
2018-08-03,33.8,25.6,28.8,7.9,7.9,6.0,7.6,28.1,57,21.45
2018-08-04,32.0,26.4,28.7,2.0,2.0,3.0,9.6,22.7,26,16.68
2018-08-05,32.2,25.9,29.0,4.9,4.9,8.0,10.9,28.8,52,18.71
2018-08-06,31.7,25.8,28.7,3.2,3.2,8.0,15.7,32.4,92,18.15
2018-08-07,32.9,24.7,28.7,0.0,0.0,0.0,19.5,39.6,81,26.73
2018-08-08,32.0,24.0,28.2,0.6,0.6,2.0,18.5,38.5,76,22.7
2018-08-09,32.1,24.6,28.4,2.0,2.0,7.0,10.7,23.4,69,20.93
2018-08-10,33.1,25.0,28.8,0.4,0.4,2.0,10.0,25.6,331,23.46
2018-08-11,33.0,25.5,28.9,2.1,2.1,14.0,12.2,28.8,304,22.5
2018-08-12,31.3,25.6,28.1,11.5,11.5,15.0,21.5,43.9,289,19.03
2018-08-13,32.3,25.4,28.8,1.7,1.7,9.0,18.7,40.0,79,18.54
2018-08-14,30.8,25.7,27.7,18.5,18.5,19.0,8.7,23.0,357,15.06
2018-08-15,29.9,25.6,27.5,2.3,2.3,15.0,15.4,38.2,277,12.99
2018-08-16,32.2,25.8,28.7,4.1,4.1,10.0,17.5,43.2,263,20.46
2018-08-17,34.5,25.1,28.7,6.1,6.1,7.0,10.3,32.0,13,20.66
2018-08-18,30.1,26.3,27.6,6.3,6.3,13.0,9.3,20.2,359,9.98
2018-08-19,31.2,25.1,27.3,19.7,19.7,13.0,10.7,26.6,347,15.45
2018-08-20,31.8,25.3,28.3,1.8,1.8,8.0,10.7,24.1,70,18.5
2018-08-21,31.7,25.7,28.3,3.8,3.8,14.0,10.4,23.4,52,17.6
2018-08-22,32.2,25.7,28.8,2.0,2.0,7.0,13.9,28.8,62,21.05
2018-08-23,31.9,26.2,28.7,2.8,2.8,10.0,29.5,58.3,82,20.92
2018-08-24,28.1,25.8,26.8,13.4,13.4,14.0,13.1,27.0,325,7.52
2018-08-25,31.4,25.1,27.8,6.8,6.8,9.0,20.2,40.0,110,15.81
2018-08-26,30.5,26.2,27.9,5.5,5.5,15.0,11.0,25.2,113,15.11
2018-08-27,31.4,25.1,27.4,13.3,13.3,19.0,13.5,28.8,110,15.25
2018-08-28,31.2,25.2,27.6,5.8,5.8,16.0,12.1,27.0,85,16.61
2018-08-29,30.2,25.0,27.1,1.6,1.6,6.0,8.7,19.1,111,9.37
2018-08-30,29.2,24.4,27.0,1.4,1.4,8.0,9.8,22.0,9,10.9
2018-08-31,31.4,25.4,27.6,0.4,0.4,2.0,6.2,18.0,58,13.72
2018-09-01,32.0,24.6,28.4,0.0,0.0,0.0,7.3,18.7,347,21.22
2018-09-02,31.2,24.0,27.3,2.1,2.1,7.0,7.7,19.8,303,20.2
2018-09-03,32.4,23.7,27.6,0.0,0.0,0.0,16.4,34.6,279,25.0
2018-09-04,33.6,24.8,28.7,0.0,0.0,0.0,13.0,28.8,308,22.42
2018-09-05,32.4,25.0,28.2,1.4,1.4,4.0,12.4,24.8,81,18.78
2018-09-06,32.0,25.6,28.1,10.5,10.5,8.0,8.4,24.5,27,17.91
2018-09-07,31.1,25.6,27.5,6.7,6.7,10.0,9.0,21.2,303,15.51
2018-09-08,27.7,24.9,26.0,28.5,28.5,21.0,12.8,25.6,8,6.92
2018-09-09,26.6,24.1,25.1,8.0,8.0,21.0,25.4,51.8,48,10.42
2018-09-10,27.7,23.6,25.5,4.8,4.8,17.0,30.1,61.2,68,14.46
2018-09-11,31.1,25.3,27.6,6.9,6.9,6.0,28.2,56.2,111,18.09
2018-09-12,31.7,24.8,28.0,0.1,0.1,1.0,14.5,28.4,99,18.3
2018-09-13,31.5,25.7,28.3,0.0,0.0,0.0,21.3,42.5,96,23.41
2018-09-14,30.6,25.5,27.6,1.3,1.3,9.0,23.8,47.5,83,20.07
2018-09-15,28.8,25.6,26.7,13.8,13.8,24.0,28.9,59.4,86,11.75
2018-09-16,29.8,26.3,27.6,4.9,4.9,13.0,29.8,61.2,110,14.18
2018-09-17,33.4,25.7,29.0,0.0,0.0,0.0,11.5,23.8,109,21.12
2018-09-18,31.8,24.4,27.9,0.6,0.6,3.0,20.0,41.4,94,21.68
2018-09-19,31.8,25.0,27.9,0.0,0.0,0.0,18.8,39.6,96,23.5
2018-09-20,33.0,24.1,28.1,0.0,0.0,0.0,10.2,21.6,108,19.89
2018-09-21,32.4,24.4,27.6,1.0,1.0,5.0,10.5,24.1,29,18.48
2018-09-22,30.9,25.4,27.7,2.1,2.1,7.0,12.0,22.7,64,16.08
2018-09-23,31.0,24.9,27.1,2.8,2.8,10.0,12.5,24.1,68,14.23
2018-09-24,28.9,23.9,25.6,10.6,10.6,22.0,19.0,41.0,50,14.56
2018-09-25,28.4,23.8,25.7,5.1,5.1,22.0,21.5,43.9,59,18.57
2018-09-26,27.4,23.3,25.1,4.4,4.4,20.0,17.2,35.3,42,11.54
2018-09-27,28.1,23.8,25.3,7.6,7.6,24.0,20.8,42.5,29,14.51
2018-09-28,26.9,23.9,25.1,5.9,5.9,21.0,19.5,41.8,4,10.66
2018-09-29,25.1,21.2,23.7,5.7,5.7,16.0,13.8,30.6,268,6.66
2018-09-30,26.3,20.4,23.0,0.0,0.0,0.0,13.4,29.5,86,22.16
2018-10-01,28.4,19.4,23.6,0.0,0.0,0.0,17.7,36.7,80,22.8
2018-10-02,26.0,19.5,22.8,0.0,0.0,0.0,19.2,40.0,79,20.76
2018-10-03,26.7,19.1,23.0,0.6,0.6,5.0,19.6,42.1,78,16.83
2018-10-04,24.8,21.3,23.0,4.0,4.0,14.0,15.8,33.8,274,5.83
2018-10-05,27.4,20.2,23.9,5.4,5.4,7.0,15.1,31.0,262,18.47
2018-10-06,27.5,21.6,24.1,0.5,0.5,2.0,21.9,43.9,72,12.67
2018-10-07,26.3,21.5,23.5,3.3,3.3,8.0,17.1,35.3,73,14.96
2018-10-08,25.1,21.5,23.3,39.7,39.7,18.0,17.1,34.6,53,8.36
2018-10-09,24.5,22.6,23.5,21.7,21.7,19.0,13.6,27.4,64,6.85
2018-10-10,24.3,22.2,22.9,8.6,8.6,19.0,18.1,37.1,70,9.49
2018-10-11,22.2,20.1,21.2,6.6,6.6,22.0,20.2,41.4,56,5.49
2018-10-12,22.2,19.2,20.6,8.9,8.9,21.0,22.5,45.0,76,8.14
2018-10-13,24.1,20.1,21.8,1.2,1.2,7.0,25.3,50.0,79,10.13
2018-10-14,26.6,21.4,23.6,7.8,7.8,11.0,21.6,45.0,75,14.3
2018-10-15,26.7,21.6,23.7,1.0,1.0,8.0,18.4,36.4,67,12.13
2018-10-16,26.7,21.3,23.6,2.3,2.3,16.0,12.3,27.7,17,12.47
2018-10-17,22.3,21.0,21.5,31.7,31.7,24.0,9.7,20.9,69,3.99
2018-10-18,25.0,20.8,22.5,0.6,0.6,4.0,20.8,42.1,74,12.73
2018-10-19,22.6,20.7,21.4,6.8,6.8,11.0,20.1,40.7,78,8.14
2018-10-20,24.1,20.3,21.8,0.0,0.0,0.0,19.3,38.9,77,11.32
2018-10-21,26.4,18.9,22.3,0.0,0.0,0.0,17.4,35.6,74,16.08
2018-10-22,27.9,20.4,23.7,0.2,0.2,2.0,12.0,24.8,339,17.15
2018-10-23,25.1,21.1,22.8,1.4,1.4,12.0,11.5,24.5,33,10.79
2018-10-24,25.6,20.3,22.9,0.0,0.0,0.0,15.8,33.5,71,11.85
2018-10-25,27.8,20.9,24.0,0.3,0.3,2.0,18.9,38.2,91,15.47
2018-10-26,28.1,20.5,23.8,0.4,0.4,4.0,12.5,28.8,356,16.81
2018-10-27,23.5,16.0,20.5,0.2,0.2,2.0,17.6,37.1,68,17.58
2018-10-28,22.5,15.0,18.2,0.0,0.0,0.0,14.9,31.3,95,19.53
2018-10-29,23.9,14.1,18.8,0.0,0.0,0.0,19.1,39.2,88,19.68
2018-10-30,25.1,17.3,21.7,1.2,1.2,3.0,29.1,58.0,81,16.2
2018-10-31,22.7,18.7,20.9,7.2,7.2,23.0,25.8,51.5,69,6.34
2018-11-01,20.3,18.6,19.4,13.0,13.0,24.0,24.3,50.0,74,5.11
2018-11-02,23.9,20.1,22.0,7.3,7.3,23.0,25.9,53.6,77,5.55
2018-11-03,27.2,22.3,24.0,2.1,2.1,7.0,16.8,38.2,64,11.56
2018-11-04,25.7,22.5,23.6,1.8,1.8,8.0,13.5,28.8,69,9.72
2018-11-05,26.6,22.2,23.9,0.8,0.8,7.0,19.1,39.2,71,11.55
2018-11-06,27.3,22.8,24.4,0.7,0.7,7.0,19.7,41.0,83,14.27
2018-11-07,29.7,20.8,25.3,0.0,0.0,0.0,13.0,27.7,95,15.97
2018-11-08,28.3,20.8,23.9,0.2,0.2,1.0,13.0,28.8,291,15.03
2018-11-09,23.5,21.3,22.3,2.4,2.4,20.0,19.3,41.0,60,8.87
2018-11-10,26.2,21.4,23.3,3.1,3.1,13.0,23.6,49.7,76,10.88
2018-11-11,28.2,20.6,23.9,0.0,0.0,0.0,12.9,25.9,55,15.64
2018-11-12,26.3,19.8,22.5,0.8,0.8,7.0,13.2,26.3,35,6.7
2018-11-13,22.6,20.4,21.1,1.2,1.2,11.0,19.1,38.5,59,7.28
2018-11-14,22.9,19.6,20.8,0.0,0.0,0.0,20.9,42.1,73,7.91
2018-11-15,26.4,18.9,22.2,0.0,0.0,0.0,19.5,40.7,93,15.84
2018-11-16,27.2,19.2,22.8,0.4,0.4,1.0,13.6,27.0,69,10.4
2018-11-17,22.4,20.3,21.2,10.3,10.3,17.0,13.5,27.4,62,5.05
2018-11-18,26.6,20.8,23.2,0.5,0.5,5.0,14.0,27.0,48,11.26
2018-11-19,21.8,19.5,20.5,8.9,8.9,17.0,12.7,26.3,43,3.97
2018-11-20,23.7,19.4,21.4,0.7,0.7,2.0,24.6,50.0,91,11.51
2018-11-21,26.8,18.3,22.3,1.2,1.2,5.0,11.2,34.2,295,13.68
2018-11-22,20.4,18.1,18.9,4.1,4.1,18.0,19.0,37.8,52,4.22
2018-11-23,20.2,17.2,18.4,4.9,4.9,17.0,18.7,37.8,74,5.22
2018-11-24,23.6,18.8,20.9,0.2,0.2,2.0,20.0,40.7,87,11.8
2018-11-25,25.0,19.9,22.0,0.0,0.0,0.0,19.7,39.6,100,9.6
2018-11-26,22.1,18.9,20.3,1.3,1.3,8.0,11.1,22.7,62,2.39
2018-11-27,22.6,18.7,20.3,0.1,0.1,1.0,17.2,34.9,70,8.16
2018-11-28,21.5,18.4,19.5,1.8,1.8,10.0,10.3,21.6,80,4.42
2018-11-29,23.1,15.8,19.2,0.0,0.0,0.0,20.3,41.4,82,13.8
2018-11-30,24.8,18.4,20.9,0.0,0.0,0.0,22.2,45.0,99,14.89
2018-12-01,26.8,18.1,21.7,0.0,0.0,0.0,14.9,29.9,82,14.26
2018-12-02,27.5,19.8,22.7,0.0,0.0,0.0,17.1,35.6,97,15.44
2018-12-03,28.4,17.0,21.7,0.0,0.0,0.0,7.4,18.4,3,15.41
2018-12-04,28.4,17.8,22.7,0.1,0.1,1.0,13.4,26.6,49,14.02
2018-12-05,22.5,20.9,21.6,0.9,0.9,7.0,19.5,39.2,72,5.18
2018-12-06,27.1,19.9,22.9,1.9,1.9,12.0,15.8,31.0,61,10.01
2018-12-07,20.8,18.0,18.8,3.8,3.8,23.0,20.6,42.1,55,4.96
2018-12-08,19.6,16.5,17.9,3.7,3.7,24.0,22.2,48.6,63,5.05
2018-12-09,19.3,17.3,18.2,4.0,4.0,24.0,18.2,36.7,68,3.79
2018-12-10,22.1,18.9,20.5,4.6,4.6,21.0,16.8,34.2,57,3.18
2018-12-11,21.6,16.6,19.4,3.0,3.0,16.0,11.7,24.1,38,3.42
2018-12-12,17.1,14.9,15.8,2.6,2.6,17.0,16.9,34.6,65,3.82
2018-12-13,19.9,15.4,17.2,1.7,1.7,11.0,22.1,44.3,68,5.52
2018-12-14,19.2,16.6,17.5,1.8,1.8,14.0,25.1,50.8,70,5.1
2018-12-15,21.4,17.4,19.2,0.9,0.9,9.0,27.4,54.4,80,8.33
2018-12-16,23.2,15.9,18.9,1.1,1.1,9.0,14.0,28.1,6,10.03
2018-12-17,17.5,10.9,15.1,0.3,0.3,2.0,13.3,29.5,62,12.83
2018-12-18,19.6,10.2,14.8,0.0,0.0,0.0,20.2,41.4,92,15.63
2018-12-19,23.2,14.5,17.8,0.0,0.0,0.0,18.4,36.4,102,15.24
2018-12-20,26.4,14.3,19.4,0.0,0.0,0.0,10.5,20.5,47,14.68
2018-12-21,24.5,16.0,20.5,0.2,0.2,1.0,19.4,39.2,75,10.39
2018-12-22,28.2,18.0,22.4,0.0,0.0,0.0,12.5,26.6,55,13.78
2018-12-23,23.6,17.5,20.2,11.6,11.6,15.0,18.9,38.9,61,3.9
2018-12-24,19.2,16.0,17.3,6.5,6.5,21.0,20.6,41.8,69,3.17
2018-12-25,24.4,19.1,21.1,3.7,3.7,13.0,23.9,47.5,81,6.95
2018-12-26,21.6,18.9,20.1,2.6,2.6,16.0,8.4,18.0,34,3.69
2018-12-27,18.9,15.6,17.4,6.1,6.1,23.0,17.9,37.1,41,4.19
2018-12-28,16.4,13.9,15.0,2.4,2.4,22.0,21.3,45.0,59,5.5
2018-12-29,14.7,12.4,13.7,0.5,0.5,5.0,23.5,47.5,59,5.68
2018-12-30,16.9,14.3,15.3,2.2,2.2,16.0,26.1,52.9,68,4.06
2018-12-31,16.9,15.0,15.9,4.4,4.4,24.0,16.1,32.8,69,2.45
2019-01-01,18.1,15.7,16.6,2.6,2.6,22.0,21.3,43.6,71,3.93
2019-01-02,18.0,15.8,17.0,5.3,5.3,22.0,20.4,41.8,70,2.72
2019-01-03,19.6,16.8,17.9,10.9,10.9,21.0,21.4,42.8,73,3.03
2019-01-04,27.0,19.2,21.9,0.0,0.0,0.0,19.1,39.6,62,13.47
2019-01-05,22.0,18.0,19.5,1.0,1.0,10.0,12.8,27.7,51,5.31
2019-01-06,18.7,16.7,17.9,7.5,7.5,13.0,16.9,34.2,70,3.64
2019-01-07,22.9,17.7,20.0,0.4,0.4,4.0,22.8,44.6,91,8.74
2019-01-08,19.8,18.0,19.0,2.7,2.7,22.0,15.0,31.0,48,4.46
2019-01-09,20.0,16.8,18.5,1.0,1.0,8.0,23.8,46.8,73,6.08
2019-01-10,25.7,19.2,21.6,1.5,1.5,8.0,17.5,34.6,75,9.37
2019-01-11,24.7,18.1,20.5,0.0,0.0,0.0,11.5,26.3,287,9.03
2019-01-12,20.4,17.2,18.5,1.2,1.2,12.0,14.1,28.4,53,3.78
2019-01-13,19.7,16.9,17.9,0.2,0.2,2.0,19.2,38.5,64,6.15
2019-01-14,21.7,16.5,19.0,0.3,0.3,3.0,22.1,43.9,86,10.2
2019-01-15,21.8,18.2,19.5,3.2,3.2,12.0,15.5,34.2,55,4.8
2019-01-16,17.7,15.6,16.5,12.7,12.7,24.0,18.9,38.5,60,4.0
2019-01-17,16.2,14.1,15.0,3.0,3.0,9.0,16.7,33.1,51,4.69
2019-01-18,19.4,13.3,16.1,0.0,0.0,0.0,26.0,52.6,93,15.35
2019-01-19,22.7,13.9,18.2,0.0,0.0,0.0,14.6,29.2,123,11.0
2019-01-20,21.1,15.3,17.7,4.5,4.5,15.0,16.8,33.8,43,4.75
2019-01-21,16.7,13.8,15.1,3.0,3.0,16.0,18.3,36.4,59,4.67
2019-01-22,14.9,10.5,13.9,1.1,1.1,9.0,11.4,23.0,38,3.9
2019-01-23,18.3,9.6,14.1,0.0,0.0,0.0,20.5,41.4,84,12.84
2019-01-24,18.8,12.8,15.8,0.0,0.0,0.0,19.5,39.2,80,9.09
2019-01-25,21.4,14.8,17.3,0.3,0.3,2.0,15.6,32.8,68,14.23
2019-01-26,16.0,12.7,14.2,0.1,0.1,1.0,18.5,38.5,51,9.17
2019-01-27,17.6,12.4,14.4,0.0,0.0,0.0,18.9,38.5,76,9.86
2019-01-28,21.2,11.9,16.1,0.0,0.0,0.0,16.1,34.6,70,16.55
2019-01-29,21.3,14.8,18.1,0.1,0.1,1.0,20.5,41.4,89,12.28
2019-01-30,25.0,14.9,19.2,0.0,0.0,0.0,11.6,24.8,39,16.51
2019-01-31,24.7,14.4,18.0,4.0,4.0,7.0,16.1,34.9,10,14.7
2019-02-01,16.0,13.4,14.8,0.8,0.8,7.0,18.8,36.4,71,6.24
2019-02-02,24.6,15.9,19.6,0.0,0.0,0.0,18.9,38.9,123,15.55
2019-02-03,26.5,13.6,19.6,0.0,0.0,0.0,11.7,26.6,328,15.8
2019-02-04,20.5,16.9,17.9,4.0,4.0,17.0,17.2,34.2,58,4.45
2019-02-05,21.9,15.6,18.3,3.4,3.4,13.0,9.5,21.6,62,7.03
2019-02-06,24.8,13.5,19.0,0.0,0.0,0.0,24.7,49.3,106,17.53
2019-02-07,28.0,14.3,19.8,0.4,0.4,2.0,15.6,33.1,337,18.12
2019-02-08,18.2,16.2,17.1,0.1,0.1,1.0,18.3,36.7,51,6.59
2019-02-09,18.3,15.4,16.6,2.7,2.7,12.0,13.6,27.0,44,3.46
2019-02-10,20.8,15.1,17.4,0.3,0.3,3.0,19.9,40.3,61,7.64
2019-02-11,17.9,15.4,16.6,0.1,0.1,1.0,19.2,38.5,58,5.43
2019-02-12,23.0,17.4,19.8,0.0,0.0,0.0,20.9,42.8,77,8.91
2019-02-13,19.5,17.0,18.3,0.6,0.6,6.0,14.3,29.9,48,6.52
2019-02-14,19.9,17.8,18.5,2.4,2.4,10.0,12.1,25.9,48,6.18
2019-02-15,24.9,17.3,20.0,0.2,0.2,2.0,10.2,24.8,322,12.9
2019-02-16,19.1,15.9,17.3,1.3,1.3,12.0,15.8,32.0,57,4.72
2019-02-17,17.4,14.8,16.3,0.3,0.3,3.0,22.9,45.4,64,5.98
2019-02-18,22.7,17.6,19.4,1.5,1.5,9.0,18.4,36.0,42,8.45
2019-02-19,25.4,16.9,20.2,0.4,0.4,3.0,14.3,28.1,8,12.31
2019-02-20,28.1,17.3,22.0,1.1,1.1,5.0,8.0,20.9,360,16.01
2019-02-21,23.3,19.0,20.8,2.3,2.3,15.0,14.0,28.8,46,8.86
2019-02-22,19.0,15.3,17.4,2.9,2.9,18.0,11.6,25.2,23,6.24
2019-02-23,16.4,13.7,14.9,6.0,6.0,11.0,21.8,43.2,67,7.54
2019-02-24,16.7,14.7,15.6,25.6,25.6,20.0,15.5,30.6,68,3.39
2019-02-25,19.2,15.6,17.1,0.9,0.9,8.0,11.1,23.8,57,5.97
2019-02-26,19.7,15.7,17.7,0.1,0.1,1.0,19.3,38.5,70,8.67
2019-02-27,25.7,14.1,19.8,0.0,0.0,0.0,7.3,18.0,245,14.29
2019-02-28,20.7,16.7,18.1,0.3,0.3,3.0,15.9,32.8,61,7.12
2019-03-01,22.2,16.5,19.0,0.1,0.1,1.0,21.4,41.8,71,9.23
2019-03-02,26.1,17.7,20.9,0.2,0.2,2.0,11.5,30.2,285,15.57
2019-03-03,21.7,15.2,18.4,12.4,12.4,16.0,17.1,40.3,265,4.24
2019-03-04,19.0,13.8,16.6,0.0,0.0,0.0,21.0,42.5,75,12.69
2019-03-05,24.4,15.4,19.7,0.6,0.6,5.0,22.0,47.5,108,14.84
2019-03-06,21.3,15.2,17.2,11.1,11.1,12.0,13.8,28.8,4,11.04
2019-03-07,15.3,12.6,13.9,16.7,16.7,23.0,15.0,30.6,74,3.02
2019-03-08,18.0,12.7,15.6,18.1,18.1,21.0,17.7,38.2,69,4.3
2019-03-09,21.8,16.8,18.5,52.3,52.3,23.0,15.3,42.1,79,6.02
2019-03-10,18.8,14.9,16.9,28.3,28.3,19.0,10.0,35.3,344,6.16
2019-03-11,17.9,14.6,16.0,1.0,1.0,8.0,16.7,33.8,77,9.67
2019-03-12,23.8,12.9,18.1,0.0,0.0,0.0,20.0,41.0,94,21.83
2019-03-13,22.5,15.5,19.2,0.0,0.0,0.0,25.9,51.8,110,17.49
2019-03-14,23.6,16.9,19.7,1.9,1.9,8.0,23.7,47.9,142,16.08
2019-03-15,18.4,14.5,16.5,6.1,6.1,8.0,13.1,28.1,61,13.09
2019-03-16,20.8,14.1,18.0,0.3,0.3,1.0,22.5,44.3,91,8.52
2019-03-17,24.5,16.8,20.1,1.3,1.3,6.0,14.6,28.8,82,12.71
2019-03-18,23.6,17.3,20.2,0.9,0.9,5.0,14.3,34.6,303,15.97
2019-03-19,22.9,16.1,19.7,0.0,0.0,0.0,20.2,40.0,82,13.02
2019-03-20,27.6,18.5,23.1,0.0,0.0,0.0,12.3,27.4,187,19.34
2019-03-21,30.0,18.5,24.1,0.1,0.1,1.0,8.1,18.7,354,19.89
2019-03-22,22.4,17.6,20.0,2.1,2.1,15.0,17.0,34.9,49,6.36
2019-03-23,17.4,15.3,16.4,1.7,1.7,12.0,17.5,35.6,59,5.85
2019-03-24,19.3,14.3,17.1,12.7,12.7,17.0,20.3,41.0,75,4.37
2019-03-25,20.0,16.1,17.8,11.2,11.2,12.0,11.7,41.8,281,6.8
2019-03-26,22.4,16.7,19.2,0.0,0.0,0.0,20.9,42.8,84,16.98
2019-03-27,26.4,16.2,21.7,0.0,0.0,0.0,12.0,27.0,220,19.62
2019-03-28,29.3,18.6,23.9,0.4,0.4,2.0,17.3,35.6,275,19.27
2019-03-29,23.7,20.0,22.1,9.7,9.7,18.0,12.3,35.6,334,8.48
2019-03-30,23.7,18.5,20.6,6.7,6.7,6.0,18.0,37.1,73,18.52
2019-03-31,20.2,17.1,18.6,1.8,1.8,9.0,25.3,51.8,69,11.28
2019-04-01,17.7,15.8,16.8,5.3,5.3,13.0,21.9,44.6,74,5.36
2019-04-02,23.2,17.5,19.8,4.2,4.2,17.0,20.3,40.7,93,11.67
2019-04-03,23.5,17.9,20.4,1.3,1.3,13.0,15.2,32.4,270,12.37
2019-04-04,27.7,20.1,23.1,0.9,0.9,3.0,16.2,37.8,54,20.38
2019-04-05,24.2,19.0,21.1,0.2,0.2,2.0,12.9,25.2,329,15.92
2019-04-06,27.1,17.9,22.1,0.0,0.0,0.0,12.5,25.6,97,20.98
2019-04-07,27.6,18.7,23.3,0.2,0.2,2.0,20.3,42.5,279,18.88
2019-04-08,31.0,19.9,24.8,0.0,0.0,0.0,13.6,27.7,102,22.02
2019-04-09,30.0,19.9,24.9,0.1,0.1,1.0,12.2,24.8,305,20.27
2019-04-10,29.6,19.9,22.6,0.8,0.8,8.0,21.7,45.0,38,18.55
2019-04-11,26.9,18.5,21.7,5.0,5.0,12.0,17.4,34.2,79,11.76
2019-04-12,21.2,17.5,19.0,3.6,3.6,9.0,22.0,44.3,80,12.5
2019-04-13,27.9,18.7,22.3,5.6,5.6,12.0,16.2,36.7,78,16.48
2019-04-14,26.0,19.6,22.0,7.7,7.7,14.0,11.0,31.0,41,11.66
2019-04-15,22.0,18.5,20.0,11.3,11.3,10.0,23.6,46.8,76,13.49
2019-04-16,22.8,18.4,20.1,21.2,21.2,17.0,16.2,42.5,291,7.22
2019-04-17,24.7,18.3,21.1,0.4,0.4,3.0,16.2,32.0,82,21.86
2019-04-18,29.1,18.2,23.5,0.0,0.0,0.0,11.6,26.6,121,18.74
2019-04-19,27.3,20.4,23.7,6.9,6.9,7.0,6.5,16.6,73,9.87
2019-04-20,27.2,21.2,23.7,7.4,7.4,16.0,16.1,49.7,284,16.1
2019-04-21,28.2,21.1,24.0,9.6,9.6,22.0,12.8,46.8,302,15.17
2019-04-22,30.4,22.0,25.5,16.4,16.4,14.0,10.7,33.8,258,18.46
2019-04-23,31.0,22.8,26.3,1.7,1.7,3.0,12.9,36.7,280,21.96
2019-04-24,31.9,22.2,26.6,0.2,0.2,2.0,14.2,30.2,310,22.17
2019-04-25,31.3,22.4,26.1,0.4,0.4,3.0,8.7,28.4,347,22.61
2019-04-26,27.8,23.3,25.3,0.3,0.3,2.0,19.7,40.3,67,18.89
2019-04-27,25.2,22.2,23.4,5.0,5.0,15.0,25.7,52.2,69,13.98
2019-04-28,28.0,22.2,24.6,10.8,10.8,8.0,16.8,34.9,355,18.5
2019-04-29,29.9,20.6,25.4,2.2,2.2,3.0,9.1,26.6,296,22.42
2019-04-30,30.3,22.2,25.6,23.9,23.9,12.0,16.0,38.2,296,18.1
2019-05-01,22.9,19.5,21.3,23.6,23.6,19.0,15.5,47.2,19,9.11
2019-05-02,23.3,18.3,20.3,13.1,13.1,17.0,19.2,41.4,76,8.56
2019-05-03,24.3,18.6,21.1,3.4,3.4,7.0,20.9,42.5,73,19.77
2019-05-04,25.3,20.4,22.6,5.2,5.2,6.0,21.9,43.9,93,16.05
2019-05-05,26.8,21.0,23.5,1.3,1.3,3.0,20.6,41.0,94,17.24
2019-05-06,23.0,19.8,21.1,18.0,18.0,24.0,17.8,34.9,69,5.41
2019-05-07,20.5,19.2,19.8,14.5,14.5,15.0,18.6,37.1,69,8.0
2019-05-08,24.2,19.9,21.8,3.5,3.5,11.0,17.5,36.0,67,9.1
2019-05-09,24.0,20.8,22.1,14.3,14.3,23.0,16.4,32.8,63,5.76
2019-05-10,24.3,21.0,22.6,4.8,4.8,8.0,20.1,41.4,71,14.77
2019-05-11,27.8,22.1,24.3,1.5,1.5,7.0,20.5,41.0,64,17.14
2019-05-12,30.1,22.8,25.7,3.1,3.1,5.0,19.4,39.6,78,22.6
2019-05-13,30.6,22.8,26.7,0.2,0.2,2.0,13.0,28.1,330,23.67
2019-05-14,29.9,22.3,26.0,0.0,0.0,0.0,13.7,29.9,291,22.28
2019-05-15,29.5,22.9,25.9,9.4,9.4,11.0,9.1,29.2,7,13.26
2019-05-16,32.0,25.0,27.6,9.9,9.9,14.0,17.1,43.9,284,21.78
2019-05-17,30.5,24.6,26.6,15.6,15.6,17.0,11.8,52.9,65,13.86
2019-05-18,32.1,24.1,26.9,30.2,30.2,6.0,13.7,55.8,6,19.19
2019-05-19,32.2,24.3,27.8,7.0,7.0,6.0,10.4,44.3,95,20.47
2019-05-20,26.9,21.8,24.1,15.5,15.5,15.0,18.1,40.0,43,7.08
2019-05-21,24.5,20.9,22.4,0.0,0.0,0.0,19.6,40.7,78,24.4
2019-05-22,27.6,19.9,23.3,0.4,0.4,3.0,14.3,29.5,78,19.59
2019-05-23,25.2,20.7,23.0,16.4,16.4,15.0,17.0,34.6,81,10.52
2019-05-24,28.3,22.6,25.2,0.0,0.0,0.0,21.4,44.3,109,24.4
2019-05-25,28.7,23.1,25.6,0.0,0.0,0.0,23.2,45.4,133,22.01
2019-05-26,30.3,22.4,26.1,0.0,0.0,0.0,17.8,34.9,123,19.75
2019-05-27,29.8,23.3,26.0,21.8,21.8,13.0,8.0,20.5,135,12.88
2019-05-28,26.4,21.8,24.1,19.1,19.1,17.0,13.2,28.8,53,5.49
2019-05-29,24.4,21.2,22.5,0.2,0.2,1.0,17.3,36.0,70,14.61
2019-05-30,29.8,21.3,25.5,0.5,0.5,3.0,14.8,29.2,102,19.48
2019-05-31,31.3,23.9,26.5,4.1,4.1,7.0,8.0,29.2,290,18.69
2019-06-01,28.0,24.0,25.9,9.5,9.5,16.0,12.1,38.5,281,12.04
2019-06-02,30.7,23.9,27.2,17.6,17.6,9.0,20.2,54.0,300,16.82
2019-06-03,30.1,24.0,26.9,1.6,1.6,4.0,9.4,16.9,68,11.67
2019-06-04,28.8,24.3,26.3,3.9,3.9,9.0,15.5,39.6,277,12.24
2019-06-05,31.8,22.7,27.4,2.0,2.0,6.0,6.6,17.3,86,22.24
2019-06-06,31.9,24.3,28.4,5.3,5.3,7.0,15.5,33.1,266,22.31
2019-06-07,32.0,25.1,28.2,3.1,3.1,5.0,14.3,37.4,258,20.91
2019-06-08,32.1,25.0,27.9,0.0,0.0,0.0,16.0,33.1,298,18.68
2019-06-09,31.6,24.5,28.1,0.0,0.0,0.0,25.6,54.0,272,17.14
2019-06-10,27.9,24.8,26.7,12.3,12.3,12.0,11.2,41.8,300,6.84
2019-06-11,25.7,23.2,24.2,87.0,87.0,19.0,13.0,46.8,76,4.49
2019-06-12,26.7,23.0,24.3,47.9,47.9,18.0,16.1,32.4,70,8.94
2019-06-13,26.2,23.0,24.6,9.4,9.4,21.0,12.4,44.3,24,7.29
2019-06-14,25.8,21.7,24.2,32.1,32.1,18.0,12.3,27.7,299,9.44
2019-06-15,27.1,20.5,24.1,0.0,0.0,0.0,16.9,34.6,85,27.98
2019-06-16,29.7,22.0,25.8,0.0,0.0,0.0,21.6,43.2,101,26.1
2019-06-17,31.4,23.2,27.3,2.1,2.1,7.0,6.5,18.0,63,19.97
2019-06-18,32.1,25.5,28.2,3.4,3.4,8.0,10.4,38.5,242,19.22
2019-06-19,32.8,25.2,29.0,0.0,0.0,0.0,19.5,40.7,275,24.88
2019-06-20,32.7,25.4,29.1,0.5,0.5,2.0,15.6,41.8,278,24.8
2019-06-21,33.1,24.6,29.1,0.0,0.0,0.0,19.8,41.0,275,27.05
2019-06-22,32.7,26.1,28.7,0.3,0.3,2.0,14.9,33.1,285,15.34
2019-06-23,27.8,23.9,25.6,31.6,31.6,24.0,16.1,50.4,327,5.04
2019-06-24,25.7,23.7,24.7,16.4,16.4,23.0,12.9,25.9,63,6.19
2019-06-25,32.0,24.5,26.5,13.6,13.6,13.0,11.9,26.6,71,16.4
2019-06-26,29.8,24.0,26.5,3.1,3.1,10.0,14.3,30.2,50,15.7
2019-06-27,30.5,24.4,27.5,5.3,5.3,7.0,8.6,33.8,88,16.55
2019-06-28,33.4,24.6,28.8,2.8,2.8,8.0,10.6,24.5,34,23.36
2019-06-29,31.9,25.7,29.1,1.5,1.5,6.0,6.2,19.4,7,21.29
2019-06-30,32.0,26.3,28.9,5.3,5.3,10.0,12.7,24.8,22,18.16
2019-07-01,32.7,26.0,29.2,1.5,1.5,7.0,21.7,42.5,95,20.8
2019-07-02,31.6,26.5,28.5,37.9,37.9,12.0,25.5,51.5,102,17.3
2019-07-03,31.6,25.7,28.1,4.8,4.8,12.0,9.4,38.5,85,13.77
2019-07-04,32.4,26.0,28.6,9.3,9.3,6.0,11.5,25.9,269,15.48
2019-07-05,32.7,25.7,28.9,0.0,0.0,0.0,26.8,54.0,271,22.74
2019-07-06,32.4,26.1,28.9,0.4,0.4,3.0,18.9,54.7,246,19.11
2019-07-07,32.8,25.8,29.0,0.7,0.7,3.0,17.8,43.2,259,21.09
2019-07-08,32.9,26.0,28.7,1.7,1.7,4.0,10.0,42.1,293,17.15
2019-07-09,32.8,25.1,29.0,0.7,0.7,4.0,9.4,46.8,253,20.99
2019-07-10,34.0,25.4,29.1,2.7,2.7,3.0,16.3,36.0,238,24.11
2019-07-11,31.8,25.6,28.1,9.6,9.6,11.0,9.6,31.7,61,13.63
2019-07-12,32.9,25.9,29.1,2.1,2.1,7.0,5.3,22.3,166,20.86
2019-07-13,34.2,24.6,29.3,0.0,0.0,0.0,22.0,44.6,266,27.33
2019-07-14,33.0,25.1,29.1,0.8,0.8,4.0,19.4,40.0,276,24.96
2019-07-15,33.2,26.5,29.2,1.1,1.1,4.0,12.2,25.9,82,23.13
2019-07-16,33.9,24.7,28.9,0.0,0.0,0.0,21.6,43.9,91,26.97
2019-07-17,32.0,26.7,28.8,5.1,5.1,14.0,26.9,54.0,82,23.0
2019-07-18,30.7,26.3,27.9,17.5,17.5,24.0,13.8,33.1,334,17.54
2019-07-19,33.0,25.8,29.0,10.3,10.3,13.0,16.2,32.4,262,22.19
2019-07-20,33.5,26.5,29.3,1.7,1.7,3.0,12.0,32.0,76,20.28
2019-07-21,32.2,26.0,29.3,2.2,2.2,4.0,9.9,34.9,97,20.01
2019-07-22,32.5,25.6,28.0,5.1,5.1,7.0,9.3,25.9,77,18.39
2019-07-23,32.0,25.3,27.8,6.2,6.2,8.0,10.6,24.5,42,22.13
2019-07-24,32.3,24.8,28.4,3.4,3.4,8.0,6.9,21.2,300,20.29
2019-07-25,32.8,25.3,29.2,2.5,2.5,7.0,9.4,21.6,271,20.87
2019-07-26,33.6,25.2,29.0,3.7,3.7,5.0,9.2,26.3,49,22.14
2019-07-27,32.6,25.8,28.6,8.8,8.8,8.0,9.0,27.0,80,22.51
2019-07-28,31.0,25.9,28.1,3.5,3.5,9.0,10.5,21.2,91,18.28
2019-07-29,33.3,26.3,29.2,0.4,0.4,4.0,18.3,36.4,127,22.31
2019-07-30,34.0,25.2,29.4,0.0,0.0,0.0,23.1,44.6,114,26.17
2019-07-31,32.5,24.9,29.0,0.0,0.0,0.0,25.8,52.6,111,27.22
2019-08-01,33.0,25.4,29.0,0.0,0.0,0.0,22.4,45.0,112,24.28
2019-08-02,32.3,24.9,28.6,0.0,0.0,0.0,21.3,44.6,86,24.94
2019-08-03,31.4,25.3,28.4,0.8,0.8,5.0,16.0,33.5,70,21.56
2019-08-04,33.7,25.9,29.4,0.1,0.1,1.0,23.3,50.0,90,25.72
2019-08-05,32.3,26.4,29.1,2.3,2.3,7.0,22.3,46.1,80,22.62
2019-08-06,32.1,26.4,28.8,0.0,0.0,0.0,19.2,41.0,72,25.21
2019-08-07,31.2,25.7,28.3,11.4,11.4,15.0,19.0,44.3,72,20.72
2019-08-08,30.8,26.5,27.8,19.5,19.5,24.0,17.6,42.8,32,12.46
2019-08-09,31.6,26.4,27.6,31.2,31.2,21.0,36.9,75.6,264,5.31
2019-08-10,33.4,27.8,31.3,0.0,0.0,0.0,31.8,64.8,259,21.92
2019-08-11,33.6,27.3,30.3,0.0,0.0,0.0,25.8,51.8,267,25.14
2019-08-12,33.2,25.9,29.3,12.7,12.7,6.0,15.2,38.9,282,19.57
2019-08-13,32.7,26.1,29.1,0.9,0.9,5.0,16.6,34.9,293,24.05
2019-08-14,33.3,25.7,29.2,1.0,1.0,3.0,18.0,43.2,280,25.1
2019-08-15,32.3,26.1,28.3,24.1,24.1,12.0,15.0,43.6,275,17.07
2019-08-16,32.3,25.9,28.0,13.5,13.5,11.0,13.2,37.4,258,16.56
2019-08-17,33.1,26.3,29.2,4.0,4.0,5.0,19.3,39.6,275,23.26
2019-08-18,31.5,24.7,27.2,8.6,8.6,12.0,12.8,35.3,324,14.02
2019-08-19,29.7,25.1,26.7,30.9,30.9,23.0,14.3,31.3,67,12.34
2019-08-20,29.2,24.7,26.8,11.3,11.3,17.0,10.1,23.0,67,12.6
2019-08-21,31.1,25.1,27.7,8.1,8.1,9.0,11.8,23.8,78,16.81
2019-08-22,32.2,25.1,28.5,0.0,0.0,0.0,24.6,48.2,104,23.76
2019-08-23,31.5,26.2,28.6,0.6,0.6,6.0,22.3,45.7,87,23.59
2019-08-24,29.9,26.9,28.2,13.0,13.0,24.0,39.9,80.6,91,16.71
2019-08-25,32.7,26.7,29.3,2.6,2.6,14.0,39.8,79.9,134,18.68
2019-08-26,31.3,26.4,28.7,1.4,1.4,6.0,9.2,21.2,53,17.75
2019-08-27,32.4,24.5,28.4,0.0,0.0,0.0,22.4,43.9,109,25.27
2019-08-28,31.9,26.9,29.1,0.2,0.2,2.0,28.8,56.9,106,24.64
2019-08-29,32.9,25.9,29.0,1.2,1.2,5.0,20.5,40.7,196,20.33
2019-08-30,30.2,25.5,27.2,10.8,10.8,11.0,13.4,29.9,18,11.06
2019-08-31,31.5,25.9,28.3,0.0,0.0,0.0,23.5,47.5,93,23.32
2019-09-01,31.4,26.1,28.5,0.0,0.0,0.0,26.3,52.9,113,22.62
2019-09-02,31.6,25.8,28.4,0.0,0.0,0.0,23.8,48.6,110,23.34
2019-09-03,31.1,26.4,28.1,0.3,0.3,3.0,25.1,51.5,95,22.0
2019-09-04,29.6,25.3,26.8,8.7,8.7,18.0,17.7,41.8,71,16.78
2019-09-05,29.2,24.9,26.7,17.3,17.3,24.0,11.6,26.3,305,13.55
2019-09-06,31.2,25.0,27.7,8.0,8.0,13.0,14.7,32.0,259,20.56
2019-09-07,32.1,24.9,27.7,1.4,1.4,4.0,9.4,23.0,341,18.72
2019-09-08,30.7,24.5,27.0,2.3,2.3,5.0,10.5,22.7,350,19.07
2019-09-09,31.2,23.3,27.4,0.4,0.4,2.0,13.6,26.3,86,19.77
2019-09-10,32.2,24.5,28.1,0.3,0.3,1.0,18.8,40.3,101,21.33
2019-09-11,32.1,26.1,28.6,0.0,0.0,0.0,20.4,41.0,91,23.91
2019-09-12,31.8,25.8,28.3,0.0,0.0,0.0,20.9,42.1,80,21.98
2019-09-13,31.3,25.3,27.9,0.0,0.0,0.0,17.4,37.1,71,21.09
2019-09-14,30.8,23.9,27.1,1.6,1.6,10.0,14.8,31.0,71,18.69
2019-09-15,29.7,24.9,26.6,4.6,4.6,20.0,12.6,28.4,60,16.87
2019-09-16,29.1,24.0,26.2,2.5,2.5,9.0,17.2,35.3,63,14.94
2019-09-17,28.6,23.2,25.8,1.9,1.9,9.0,19.9,40.7,66,16.52
2019-09-18,28.2,23.2,25.6,4.4,4.4,13.0,19.7,42.1,51,13.51
2019-09-19,27.6,23.3,25.4,1.0,1.0,5.0,19.4,41.4,39,15.43
2019-09-20,27.3,22.7,24.4,13.0,13.0,18.0,16.6,35.3,288,9.62
2019-09-21,23.7,21.8,22.6,63.7,63.7,21.0,20.2,50.4,252,6.1
2019-09-22,27.8,20.5,24.0,0.0,0.0,0.0,13.2,29.2,276,19.35
2019-09-23,27.7,21.4,23.9,0.1,0.1,1.0,14.1,29.5,76,19.31
2019-09-24,26.5,21.5,23.7,0.0,0.0,0.0,18.8,38.2,78,14.79
2019-09-25,26.6,21.5,23.7,0.0,0.0,0.0,18.5,38.9,78,20.69
2019-09-26,27.4,22.4,24.7,1.0,1.0,9.0,22.1,44.6,76,16.46
2019-09-27,28.0,24.0,25.4,9.2,9.2,15.0,20.4,44.3,70,10.74
2019-09-28,27.8,23.5,25.2,11.1,11.1,16.0,16.4,31.7,68,12.64
2019-09-29,28.4,24.1,26.0,4.7,4.7,18.0,23.0,46.1,73,14.4
2019-09-30,26.4,24.4,25.4,111.1,111.1,24.0,37.2,121.0,49,4.65
2019-10-01,30.7,23.5,26.1,97.3,97.3,10.0,46.9,94.7,257,17.11
2019-10-02,32.8,21.9,26.8,1.2,1.2,3.0,9.5,27.0,26,20.43
2019-10-03,30.9,23.4,26.5,2.6,2.6,7.0,10.5,20.9,86,16.5
2019-10-04,31.1,22.9,26.6,0.6,0.6,4.0,13.1,25.6,71,19.29
2019-10-05,30.4,23.7,26.6,0.0,0.0,0.0,19.2,39.2,86,21.84
2019-10-06,29.0,24.5,26.3,0.0,0.0,0.0,25.5,50.8,87,19.49
2019-10-07,29.9,23.8,26.1,0.0,0.0,0.0,19.4,39.6,82,20.76
2019-10-08,28.2,23.6,25.3,0.1,0.1,1.0,23.0,47.2,74,18.6
2019-10-09,26.7,22.6,24.4,1.5,1.5,14.0,22.3,45.0,74,16.33
2019-10-10,27.6,20.3,23.6,0.0,0.0,0.0,10.8,23.0,78,20.47
2019-10-11,28.5,19.3,23.7,0.0,0.0,0.0,12.1,25.6,69,20.89
2019-10-12,28.8,20.4,24.5,0.0,0.0,0.0,14.7,31.3,74,17.7
2019-10-13,27.6,21.9,24.4,0.0,0.0,0.0,17.2,36.0,78,16.32
2019-10-14,27.2,22.8,24.4,0.0,0.0,0.0,20.3,41.4,72,16.7
2019-10-15,24.7,20.9,22.6,1.0,1.0,7.0,22.9,45.4,66,9.79
2019-10-16,25.1,20.1,22.5,0.0,0.0,0.0,19.5,39.6,70,10.26
2019-10-17,25.9,21.1,23.2,0.0,0.0,0.0,16.8,35.3,57,14.63
2019-10-18,25.5,19.8,22.2,0.0,0.0,0.0,15.3,33.1,64,13.53
2019-10-19,24.2,20.9,22.4,0.6,0.6,6.0,19.6,39.2,55,6.78
2019-10-20,25.1,19.5,22.2,0.1,0.1,1.0,14.6,30.6,59,10.36
2019-10-21,24.9,18.9,22.2,0.1,0.1,1.0,14.5,31.7,65,12.54
2019-10-22,26.2,18.9,22.4,0.0,0.0,0.0,14.5,32.0,80,17.56
2019-10-23,25.6,19.1,22.7,0.5,0.5,4.0,13.1,28.4,68,12.54
2019-10-24,26.5,19.7,22.7,0.0,0.0,0.0,13.4,29.2,72,14.13
2019-10-25,26.1,19.0,22.5,0.0,0.0,0.0,17.6,36.7,76,17.67
2019-10-26,25.7,20.4,22.7,0.0,0.0,0.0,19.9,41.0,72,10.79
2019-10-27,26.2,19.1,22.6,1.0,1.0,8.0,21.1,43.6,74,15.26
2019-10-28,27.3,20.6,23.5,0.8,0.8,8.0,16.8,35.3,309,13.74
2019-10-29,22.8,20.9,21.8,1.8,1.8,16.0,16.2,34.6,56,5.98
2019-10-30,24.3,21.0,22.3,3.1,3.1,20.0,24.3,48.6,68,5.94
2019-10-31,24.2,22.6,23.2,4.0,4.0,20.0,24.5,48.2,67,4.92
2019-11-01,25.6,22.3,23.6,0.2,0.2,2.0,25.1,50.4,69,11.87
2019-11-02,26.2,22.1,23.8,0.0,0.0,0.0,22.7,45.4,78,10.15
2019-11-03,24.8,22.2,23.2,0.3,0.3,3.0,19.5,40.0,58,5.77
2019-11-04,24.0,21.5,22.4,0.4,0.4,4.0,19.9,41.8,56,8.54
2019-11-05,23.3,20.8,21.6,1.1,1.1,10.0,24.6,49.7,66,7.26
2019-11-06,24.8,20.5,22.2,0.0,0.0,0.0,20.8,42.8,80,9.23
2019-11-07,25.6,20.2,22.1,0.9,0.9,7.0,22.6,46.1,71,12.57
2019-11-08,24.1,19.0,20.7,2.0,2.0,16.0,19.3,40.3,64,12.85
2019-11-09,23.4,17.6,20.1,0.0,0.0,0.0,19.0,40.0,73,13.43
2019-11-10,24.6,15.1,19.6,0.0,0.0,0.0,15.2,32.8,76,17.36
2019-11-11,24.5,14.6,19.7,0.0,0.0,0.0,19.1,39.6,81,17.54
2019-11-12,25.8,17.6,21.4,0.0,0.0,0.0,20.6,42.8,93,17.61
2019-11-13,28.0,18.3,22.3,0.1,0.1,1.0,17.6,37.4,81,16.22
2019-11-14,22.3,19.0,20.6,0.4,0.4,4.0,24.3,49.0,67,7.46
2019-11-15,24.2,17.9,20.6,0.0,0.0,0.0,22.3,46.8,83,17.29
2019-11-16,26.2,19.0,22.0,0.0,0.0,0.0,22.9,46.4,95,17.24
2019-11-17,29.7,16.2,22.9,0.0,0.0,0.0,9.4,23.4,84,16.79
2019-11-18,25.5,18.1,21.2,5.6,5.6,13.0,19.9,40.7,58,6.24
2019-11-19,18.8,17.4,18.1,4.0,4.0,22.0,22.1,44.3,63,4.56
2019-11-20,20.6,17.6,18.9,1.9,1.9,17.0,25.7,51.5,71,5.01
2019-11-21,23.7,19.4,21.4,4.0,4.0,17.0,27.5,54.7,66,8.86
2019-11-22,23.6,21.3,22.3,6.3,6.3,18.0,12.9,25.9,31,3.83
2019-11-23,26.9,20.6,23.2,0.8,0.8,4.0,10.7,23.0,28,8.86
2019-11-24,26.5,21.3,23.0,0.4,0.4,4.0,13.0,27.0,79,10.97
2019-11-25,23.4,19.2,21.2,2.4,2.4,16.0,21.6,43.2,62,7.62
2019-11-26,21.6,18.1,19.8,1.8,1.8,14.0,25.2,50.8,69,6.65
2019-11-27,22.8,19.5,20.5,1.1,1.1,11.0,22.2,44.6,64,7.03
2019-11-28,19.3,16.5,17.9,3.1,3.1,21.0,17.1,37.4,45,4.79
2019-11-29,21.2,16.2,18.4,1.0,1.0,8.0,21.0,42.8,68,11.39
2019-11-30,23.6,18.2,20.6,2.0,2.0,12.0,21.4,45.4,92,11.8
2019-12-01,26.5,17.6,20.8,0.7,0.7,5.0,14.8,32.8,344,14.65
2019-12-02,18.4,14.4,15.8,1.1,1.1,10.0,15.2,31.7,32,4.15
2019-12-03,18.2,14.5,16.0,0.0,0.0,0.0,23.3,47.2,72,9.49
2019-12-04,18.6,15.3,16.6,3.3,3.3,4.0,26.5,52.2,67,6.68
2019-12-05,17.1,14.7,15.5,25.2,25.2,24.0,17.9,38.2,64,2.71
2019-12-06,16.2,14.1,15.5,34.5,34.5,24.0,17.2,37.4,55,1.79
2019-12-07,16.2,13.4,14.3,5.2,5.2,10.0,13.1,29.2,48,3.49
2019-12-08,18.5,12.2,15.0,0.0,0.0,0.0,17.7,36.0,79,12.4
2019-12-09,20.9,11.1,16.8,0.0,0.0,0.0,19.2,38.2,92,9.5
2019-12-10,22.0,15.7,18.6,0.0,0.0,0.0,10.8,26.3,300,11.04
2019-12-11,22.0,16.6,18.7,0.5,0.5,5.0,17.2,35.3,64,11.23
2019-12-12,20.0,15.5,17.6,0.0,0.0,0.0,23.9,48.2,78,12.07
2019-12-13,22.9,15.3,18.8,0.0,0.0,0.0,16.8,33.8,75,12.3
2019-12-14,22.7,18.2,19.8,0.0,0.0,0.0,22.4,44.6,74,10.19
2019-12-15,24.1,18.1,20.4,0.0,0.0,0.0,20.3,40.7,101,14.23
2019-12-16,25.6,15.8,20.4,0.0,0.0,0.0,14.1,30.6,88,14.99
2019-12-17,26.7,16.1,20.7,0.0,0.0,0.0,9.1,21.6,357,14.19
2019-12-18,21.7,17.8,19.7,1.6,1.6,15.0,21.1,43.9,62,5.98
2019-12-19,20.8,17.0,19.0,1.1,1.1,11.0,15.7,31.3,57,4.23
2019-12-20,20.9,16.7,18.4,9.8,9.8,22.0,23.2,46.4,71,6.31
2019-12-21,23.6,18.1,20.2,1.2,1.2,6.0,11.0,24.8,321,8.27
2019-12-22,22.5,16.1,18.8,6.4,6.4,18.0,13.0,32.4,305,5.64
2019-12-23,20.9,16.5,18.3,0.0,0.0,0.0,13.3,27.4,69,6.4
2019-12-24,21.6,15.2,18.4,0.3,0.3,3.0,10.5,23.4,3,6.23
2019-12-25,24.5,16.7,19.7,0.0,0.0,0.0,16.3,33.1,80,7.95
2019-12-26,23.7,15.3,18.9,0.8,0.8,8.0,15.0,30.6,17,9.56
2019-12-27,16.1,13.9,15.0,0.7,0.7,6.0,17.7,36.4,65,5.58
2019-12-28,21.0,16.0,18.4,0.0,0.0,0.0,26.2,52.6,91,10.34
2019-12-29,20.6,17.8,19.4,17.7,17.7,18.0,15.5,33.8,73,2.79
2019-12-30,22.9,18.3,20.2,8.9,8.9,16.0,15.1,31.3,66,4.0
2019-12-31,18.1,14.5,15.9,5.1,5.1,19.0,18.9,38.2,59,4.5
2020-01-01,18.0,14.7,16.1,0.0,0.0,0.0,22.5,43.9,74,6.12
2020-01-02,22.6,15.7,18.5,0.0,0.0,0.0,22.1,44.3,89,12.98
2020-01-03,23.1,17.0,19.2,0.0,0.0,0.0,17.7,35.6,90,14.79
2020-01-04,23.6,16.3,19.7,0.0,0.0,0.0,17.9,36.7,86,14.68
2020-01-05,23.7,17.9,20.3,0.0,0.0,0.0,20.8,41.8,90,14.32
2020-01-06,25.3,15.4,19.9,0.0,0.0,0.0,8.4,20.9,92,13.53
2020-01-07,24.4,15.9,19.5,0.0,0.0,0.0,12.4,28.8,221,13.95
2020-01-08,19.1,14.8,16.7,0.0,0.0,0.0,22.6,46.4,68,11.72
2020-01-09,20.4,14.6,16.8,0.0,0.0,0.0,19.6,39.6,81,10.72
2020-01-10,23.6,15.9,18.9,0.0,0.0,0.0,19.9,40.0,89,13.24
2020-01-11,21.4,15.0,17.7,1.4,1.4,12.0,11.6,24.8,9,6.8
2020-01-12,16.9,13.5,14.8,1.9,1.9,16.0,12.1,25.2,41,3.83
2020-01-13,18.3,13.1,15.6,2.9,2.9,11.0,17.1,34.9,66,7.76
2020-01-14,18.7,14.5,16.5,1.4,1.4,12.0,16.9,34.2,42,5.94
2020-01-15,19.7,15.7,17.6,1.3,1.3,10.0,18.6,37.4,67,7.06
2020-01-16,20.9,16.1,18.2,0.5,0.5,4.0,11.3,25.9,281,9.98
2020-01-17,16.9,14.1,15.2,3.6,3.6,22.0,10.1,21.6,5,3.05
2020-01-18,15.4,12.7,13.9,0.5,0.5,4.0,14.0,28.8,63,6.04
2020-01-19,16.9,13.6,14.9,4.0,4.0,17.0,8.2,18.7,55,4.21
2020-01-20,17.9,13.6,15.2,0.7,0.7,6.0,11.5,23.8,69,9.95
2020-01-21,21.5,12.8,16.8,0.0,0.0,0.0,21.7,44.3,94,16.15
2020-01-22,26.2,13.2,19.1,0.0,0.0,0.0,9.3,20.5,33,14.01
2020-01-23,26.1,14.5,20.2,0.0,0.0,0.0,13.6,26.3,65,13.83
2020-01-24,23.7,17.1,20.2,2.5,2.5,10.0,15.4,32.8,49,9.1
2020-01-25,24.5,17.8,20.1,3.7,3.7,18.0,16.2,34.6,42,10.42
2020-01-26,19.0,15.9,17.7,18.8,18.8,24.0,15.3,32.8,285,3.97
2020-01-27,16.0,13.4,14.6,1.1,1.1,7.0,13.3,28.1,326,5.6
2020-01-28,15.0,12.5,13.6,4.7,4.7,22.0,11.3,23.0,40,3.61
2020-01-29,13.2,10.6,12.0,0.0,0.0,0.0,11.7,24.1,360,4.97
2020-01-30,13.8,6.7,10.6,0.0,0.0,0.0,14.5,32.0,300,16.23
2020-01-31,14.7,6.9,10.3,0.0,0.0,0.0,14.7,32.0,92,15.66
2020-02-01,17.1,6.5,11.8,0.0,0.0,0.0,18.2,38.2,79,17.63
2020-02-02,21.3,9.7,15.4,0.0,0.0,0.0,16.8,34.2,102,15.7
2020-02-03,21.6,12.2,16.6,6.2,6.2,12.0,17.9,36.0,40,13.33
2020-02-04,18.0,15.8,16.6,6.7,6.7,18.0,9.7,19.4,13,2.5
2020-02-05,16.9,15.0,15.8,4.3,4.3,12.0,19.0,38.2,59,5.62
2020-02-06,21.7,15.8,18.5,0.6,0.6,6.0,26.4,54.7,98,15.01
2020-02-07,17.7,15.2,16.3,1.6,1.6,10.0,11.3,24.8,324,5.66
2020-02-08,16.4,14.0,14.9,0.0,0.0,0.0,16.4,34.2,49,7.21
2020-02-09,15.4,12.7,14.1,0.1,0.1,1.0,16.5,33.8,58,6.44
2020-02-10,19.3,11.9,15.7,0.0,0.0,0.0,25.0,50.4,101,17.41
2020-02-11,23.3,14.5,18.4,0.0,0.0,0.0,14.9,28.8,135,11.45
2020-02-12,25.8,13.0,19.4,0.0,0.0,0.0,11.3,25.6,327,17.04
2020-02-13,26.7,15.8,20.9,7.1,7.1,3.0,12.4,28.1,351,16.11
2020-02-14,26.8,16.2,20.7,0.6,0.6,2.0,12.8,27.7,43,14.32
2020-02-15,26.6,18.1,21.9,0.6,0.6,6.0,14.0,30.2,53,12.6
2020-02-16,20.8,10.3,13.7,11.9,11.9,23.0,14.8,38.2,8,4.39
2020-02-17,11.8,7.6,10.1,0.3,0.3,3.0,16.3,34.9,32,12.49
2020-02-18,14.8,8.3,12.0,0.0,0.0,0.0,21.1,42.8,76,12.68
2020-02-19,21.1,9.7,15.4,0.0,0.0,0.0,20.3,42.1,107,17.46
2020-02-20,21.5,12.0,17.0,1.2,1.2,7.0,21.7,45.0,73,15.75
2020-02-21,24.7,14.9,19.3,0.0,0.0,0.0,19.4,40.0,100,19.17
2020-02-22,22.5,13.5,17.6,2.5,2.5,14.0,22.5,45.4,58,11.94
2020-02-23,21.9,16.3,19.0,0.4,0.4,4.0,24.6,50.4,82,11.75
2020-02-24,26.3,18.1,21.4,0.0,0.0,0.0,18.4,39.2,111,17.92
2020-02-25,27.3,15.5,21.3,0.0,0.0,0.0,10.2,24.5,342,19.11
2020-02-26,27.5,16.9,21.7,1.2,1.2,9.0,16.0,31.7,42,18.15
2020-02-27,21.8,17.6,19.4,1.1,1.1,11.0,23.2,46.8,58,9.93
2020-02-28,26.3,17.5,21.3,0.6,0.6,4.0,16.8,34.9,73,17.38
2020-02-29,27.2,16.0,21.4,0.0,0.0,0.0,9.1,28.1,311,16.91
2020-03-01,22.9,17.2,19.6,1.2,1.2,9.0,14.3,31.0,335,8.6
2020-03-02,18.3,15.1,16.8,1.0,1.0,5.0,20.6,41.8,64,7.52
2020-03-03,23.9,16.4,19.7,0.0,0.0,0.0,19.5,39.6,86,13.33
2020-03-04,20.1,15.4,17.7,2.7,2.7,15.0,17.5,37.1,52,5.8
2020-03-05,16.7,14.0,15.2,9.2,9.2,12.0,23.3,46.1,67,6.38
2020-03-06,23.7,15.0,19.0,0.0,0.0,0.0,19.6,39.6,101,12.72
2020-03-07,25.8,16.3,20.3,0.1,0.1,1.0,13.1,31.0,296,16.81
2020-03-08,25.3,17.9,21.6,0.3,0.3,3.0,19.2,40.0,83,13.33
2020-03-09,26.5,17.0,22.6,0.6,0.6,4.0,21.0,59.4,283,14.36
2020-03-10,22.9,15.0,17.8,28.4,28.4,18.0,20.1,58.3,4,4.46
2020-03-11,19.7,13.4,16.9,0.0,0.0,0.0,21.3,42.8,85,13.89
2020-03-12,23.1,17.3,19.3,18.6,18.6,18.0,18.2,37.1,71,7.54
2020-03-13,21.9,18.0,19.5,5.7,5.7,15.0,11.8,25.9,291,7.12
2020-03-14,17.8,13.2,16.0,7.1,7.1,15.0,13.4,27.4,43,5.73
2020-03-15,19.0,10.2,15.0,0.0,0.0,0.0,17.9,36.7,82,22.42
2020-03-16,21.1,12.3,16.8,0.0,0.0,0.0,25.3,51.1,97,22.34
2020-03-17,25.4,15.8,19.5,0.0,0.0,0.0,17.1,36.0,159,18.92
2020-03-18,24.6,16.6,19.7,2.1,2.1,7.0,13.3,28.1,269,13.67
2020-03-19,23.3,17.1,19.8,5.4,5.4,15.0,15.5,33.5,290,9.19
2020-03-20,24.4,18.2,20.8,0.0,0.0,0.0,20.7,42.8,99,14.12
2020-03-21,29.4,16.4,22.2,0.0,0.0,0.0,13.0,28.1,336,20.98
2020-03-22,28.6,17.8,22.9,0.0,0.0,0.0,17.2,36.0,299,21.01
2020-03-23,23.6,19.2,21.3,0.4,0.4,4.0,21.4,43.9,65,12.73
2020-03-24,25.6,19.0,21.9,0.1,0.1,1.0,23.1,45.7,84,13.72
2020-03-25,27.8,19.7,23.8,1.6,1.6,6.0,18.1,37.8,108,18.07
2020-03-26,30.3,19.9,24.5,0.8,0.8,3.0,10.3,20.9,25,19.22
2020-03-27,29.4,20.7,23.5,3.1,3.1,10.0,11.4,27.0,43,16.67
2020-03-28,21.1,14.7,18.2,12.7,12.7,22.0,13.4,29.2,21,4.86
2020-03-29,20.4,14.3,17.3,0.0,0.0,0.0,17.0,36.4,85,14.49
2020-03-30,23.6,16.0,19.0,2.5,2.5,13.0,15.0,33.1,33,11.82
2020-03-31,23.6,17.5,20.1,2.6,2.6,8.0,8.8,22.0,76,9.59
2020-04-01,20.0,16.8,18.0,3.3,3.3,13.0,13.9,27.7,41,6.25
2020-04-02,22.4,16.9,18.7,6.0,6.0,5.0,19.5,44.6,71,10.16
2020-04-03,24.4,17.7,20.0,4.8,4.8,16.0,20.3,41.0,53,12.47
2020-04-04,19.5,16.3,17.7,2.9,2.9,16.0,15.3,31.7,56,7.0
2020-04-05,20.5,15.1,16.8,6.1,6.1,8.0,20.1,42.5,70,8.76
2020-04-06,20.1,15.6,17.5,7.2,7.2,16.0,21.6,43.9,67,9.53
2020-04-07,19.8,16.6,17.6,6.1,6.1,10.0,13.5,29.2,55,8.68
2020-04-08,20.8,16.6,18.6,4.6,4.6,11.0,18.5,36.7,68,10.33
2020-04-09,22.7,17.6,19.5,2.5,2.5,10.0,15.8,33.1,71,18.77
2020-04-10,24.3,16.3,20.5,0.0,0.0,0.0,21.7,44.6,96,21.47
2020-04-11,25.2,17.3,20.6,11.3,11.3,10.0,15.5,44.3,225,14.64
2020-04-12,18.8,11.0,15.3,7.5,7.5,12.0,13.1,27.7,313,10.63
2020-04-13,20.0,9.1,14.9,0.0,0.0,0.0,14.6,31.7,312,24.09
2020-04-14,22.1,12.7,17.2,0.0,0.0,0.0,18.9,39.2,104,23.09
2020-04-15,23.1,15.0,18.8,1.1,1.1,6.0,19.8,49.7,260,20.49
2020-04-16,26.4,14.0,20.5,0.0,0.0,0.0,19.9,39.6,113,25.31
2020-04-17,27.4,14.7,21.8,0.0,0.0,0.0,12.5,28.1,248,22.32
2020-04-18,28.3,16.9,23.0,0.2,0.2,2.0,10.0,20.9,36,19.96
2020-04-19,28.0,20.5,24.1,1.1,1.1,6.0,20.6,42.5,295,12.91
2020-04-20,24.8,21.0,22.8,0.8,0.8,6.0,19.8,40.7,69,12.81
2020-04-21,26.5,20.1,22.3,2.7,2.7,13.0,17.4,35.3,46,11.52
2020-04-22,20.3,18.1,19.0,10.1,10.1,18.0,23.7,49.0,64,8.79
2020-04-23,20.2,16.1,18.2,23.5,23.5,24.0,26.9,55.4,68,10.57
2020-04-24,18.2,15.9,16.9,12.7,12.7,21.0,20.8,41.8,77,5.61
2020-04-25,23.0,17.2,20.0,8.4,8.4,21.0,17.5,34.2,80,6.79
2020-04-26,23.5,18.9,20.6,1.1,1.1,9.0,13.0,27.0,65,8.13
2020-04-27,24.9,19.1,21.9,0.2,0.2,2.0,19.6,40.3,92,13.47
2020-04-28,25.3,18.5,21.9,0.0,0.0,0.0,23.8,47.5,84,22.77
2020-04-29,26.7,19.1,22.7,0.0,0.0,0.0,20.2,40.7,112,23.75
2020-04-30,29.0,16.5,23.3,0.0,0.0,0.0,13.6,29.9,115,25.1
2020-05-01,29.3,18.2,24.0,0.0,0.0,0.0,9.5,19.4,51,22.44
2020-05-02,28.7,21.4,24.8,0.6,0.6,1.0,9.2,21.6,271,15.93
2020-05-03,30.1,21.2,25.4,1.0,1.0,2.0,16.1,41.4,271,21.46
2020-05-04,31.5,21.7,26.1,0.0,0.0,0.0,9.7,23.0,308,25.63
2020-05-05,31.7,22.2,26.5,0.1,0.1,1.0,12.7,31.7,1,20.92
2020-05-06,28.3,23.2,24.9,1.7,1.7,11.0,17.3,60.5,7,13.44
2020-05-07,27.6,23.2,25.1,2.3,2.3,14.0,11.0,41.8,82,10.7
2020-05-08,30.9,23.0,27.1,0.3,0.3,3.0,8.6,31.3,149,21.24
2020-05-09,33.0,23.3,28.0,0.3,0.3,2.0,10.1,39.2,277,24.57
2020-05-10,32.2,24.0,27.5,6.6,6.6,12.0,11.4,32.8,329,20.82
2020-05-11,28.0,23.3,25.1,1.9,1.9,7.0,12.6,29.2,61,12.96
2020-05-12,25.4,21.2,23.0,19.8,19.8,15.0,13.5,27.4,62,8.56
2020-05-13,27.5,21.9,24.6,0.1,0.1,1.0,22.4,45.7,85,21.81
2020-05-14,30.7,22.2,26.5,0.0,0.0,0.0,14.3,31.3,110,24.92
2020-05-15,32.4,22.3,27.3,0.0,0.0,0.0,13.3,28.1,10,22.99
2020-05-16,31.7,23.1,27.1,8.4,8.4,6.0,6.6,25.6,34,19.3
2020-05-17,32.1,23.1,27.4,1.3,1.3,3.0,7.5,20.2,92,22.73
2020-05-18,29.0,23.8,25.8,21.0,21.0,8.0,22.3,50.8,268,13.37
2020-05-19,24.8,22.0,23.1,31.5,31.5,20.0,14.6,42.1,35,5.73
2020-05-20,27.7,22.0,24.6,17.6,17.6,17.0,16.2,32.8,76,16.71
2020-05-21,26.5,22.9,24.3,31.5,31.5,24.0,13.9,31.3,61,8.49
2020-05-22,26.5,23.1,24.4,94.8,94.8,22.0,12.3,47.5,42,5.74
2020-05-23,25.3,23.3,24.2,19.4,19.4,20.0,9.7,20.5,44,6.31
2020-05-24,28.3,22.9,25.3,0.8,0.8,7.0,14.0,29.2,73,19.59
2020-05-25,29.5,22.7,26.0,5.2,5.2,11.0,13.4,32.4,84,19.99
2020-05-26,29.6,23.5,26.7,3.8,3.8,9.0,13.5,39.6,259,14.08
2020-05-27,26.5,23.2,24.5,53.7,53.7,23.0,11.9,29.9,55,10.72
2020-05-28,27.3,22.8,24.2,16.9,16.9,21.0,12.2,38.9,62,12.25
2020-05-29,31.4,23.4,26.8,3.5,3.5,11.0,11.1,22.7,86,19.93
2020-05-30,30.5,24.4,27.3,19.3,19.3,6.0,17.0,47.2,262,19.91
2020-05-31,30.5,24.2,27.0,19.3,19.3,14.0,21.1,50.0,285,22.56
2020-06-01,30.7,24.9,27.1,12.6,12.6,16.0,15.6,41.8,273,19.09
2020-06-02,31.5,24.3,27.4,4.6,4.6,7.0,12.2,28.4,236,20.33
2020-06-03,31.7,24.1,27.6,0.0,0.0,0.0,18.0,37.1,275,25.29
2020-06-04,32.3,23.0,27.7,0.0,0.0,0.0,21.5,44.3,275,26.64
2020-06-05,32.7,24.1,28.4,7.6,7.6,5.0,11.9,41.0,271,23.88
2020-06-06,32.1,24.4,27.6,5.9,5.9,7.0,20.5,47.9,270,18.78
2020-06-07,29.7,24.1,26.2,16.5,16.5,17.0,14.9,45.0,291,13.14
2020-06-08,29.0,24.0,26.1,5.6,5.6,16.0,8.3,26.3,123,8.91
2020-06-09,30.5,23.7,27.0,1.1,1.1,3.0,10.8,27.4,87,9.42
2020-06-10,31.2,23.0,27.4,0.0,0.0,0.0,11.4,24.1,295,13.98
2020-06-11,29.9,25.6,27.6,1.4,1.4,7.0,7.6,19.8,336,10.65
2020-06-12,31.9,24.8,28.5,0.1,0.1,1.0,9.1,20.9,8,20.38
2020-06-13,32.9,25.2,28.7,0.0,0.0,0.0,12.0,25.2,45,21.3
2020-06-14,31.7,24.8,28.3,3.5,3.5,8.0,9.7,23.0,340,19.78
2020-06-15,32.4,25.8,28.8,0.8,0.8,3.0,18.4,37.1,263,24.51
2020-06-16,32.7,23.6,28.4,0.0,0.0,0.0,18.1,38.5,271,27.57
2020-06-17,32.9,24.0,28.5,0.0,0.0,0.0,20.1,40.7,274,27.17
2020-06-18,33.8,23.7,28.8,0.0,0.0,0.0,22.5,46.1,271,26.89
2020-06-19,33.7,24.2,29.2,0.0,0.0,0.0,19.3,40.0,273,26.64
2020-06-20,33.0,24.7,29.4,1.0,1.0,4.0,20.0,41.4,260,24.27
2020-06-21,33.9,24.8,29.5,0.0,0.0,0.0,22.6,46.4,266,25.38
2020-06-22,33.9,24.9,29.6,0.0,0.0,0.0,22.1,45.7,274,26.33
2020-06-23,35.2,25.1,30.1,1.0,1.0,5.0,19.2,41.4,274,25.55
2020-06-24,34.8,25.3,29.9,1.6,1.6,5.0,15.5,33.8,288,22.92
2020-06-25,35.5,26.1,30.1,0.4,0.4,4.0,13.7,29.5,284,21.59
2020-06-26,33.5,26.7,29.0,5.4,5.4,4.0,10.8,25.2,222,15.03
2020-06-27,34.7,25.0,30.2,0.0,0.0,0.0,18.0,38.9,268,25.22
2020-06-28,34.8,25.8,30.1,0.6,0.6,5.0,15.6,33.8,285,23.43
2020-06-29,36.2,25.6,30.5,2.1,2.1,2.0,15.0,34.6,260,24.69
2020-06-30,35.4,26.0,30.3,2.1,2.1,6.0,15.1,35.3,284,23.14
2020-07-01,33.0,26.5,28.5,30.4,30.4,8.0,11.4,27.7,292,15.26
2020-07-02,32.0,26.3,28.4,9.6,9.6,10.0,8.9,21.6,72,15.36
2020-07-03,33.3,25.3,29.2,1.0,1.0,6.0,11.2,23.8,292,20.83
2020-07-04,33.5,25.5,29.7,0.1,0.1,1.0,11.8,28.1,278,22.81
2020-07-05,33.9,25.6,29.8,0.3,0.3,2.0,11.5,25.6,266,23.87
2020-07-06,33.9,25.1,29.8,1.2,1.2,6.0,20.5,42.5,245,23.66
2020-07-07,33.9,26.4,29.9,4.5,4.5,5.0,11.8,29.9,268,20.48
2020-07-08,34.9,26.5,29.9,0.9,0.9,3.0,13.7,30.6,236,18.23
2020-07-09,33.7,26.7,29.7,1.0,1.0,2.0,11.2,30.6,269,14.08
2020-07-10,36.4,26.4,30.8,0.0,0.0,0.0,20.1,40.3,282,21.12
2020-07-11,34.7,26.9,30.4,0.7,0.7,2.0,14.5,32.0,296,24.1
2020-07-12,35.3,25.9,30.6,0.2,0.2,2.0,12.1,29.5,357,25.09
2020-07-13,35.9,25.8,31.1,0.0,0.0,0.0,9.3,24.1,329,25.81
2020-07-14,35.7,25.4,30.7,0.4,0.4,2.0,18.4,37.8,104,25.26
2020-07-15,34.7,27.0,30.8,3.4,3.4,9.0,17.7,41.8,289,20.35
2020-07-16,35.2,26.9,31.2,1.2,1.2,2.0,23.0,54.0,267,17.68
2020-07-17,36.7,26.3,31.5,0.0,0.0,0.0,22.0,52.9,265,24.77
2020-07-18,38.2,26.4,31.9,0.0,0.0,0.0,15.3,34.2,271,24.98
2020-07-19,36.2,26.3,31.0,0.4,0.4,4.0,9.7,32.0,64,23.4
2020-07-20,35.0,26.1,30.3,7.4,7.4,6.0,10.8,28.8,357,21.72
2020-07-21,34.7,26.3,29.8,7.1,7.1,6.0,7.9,22.7,50,21.56
2020-07-22,34.8,26.5,30.4,1.8,1.8,3.0,12.8,29.2,96,23.28
2020-07-23,34.4,27.4,30.6,4.1,4.1,6.0,13.0,31.7,233,22.05
2020-07-24,37.3,26.8,32.1,0.3,0.3,3.0,19.0,45.0,281,24.83
2020-07-25,33.7,27.6,30.3,1.4,1.4,9.0,13.3,39.2,273,15.39
2020-07-26,34.6,26.7,29.7,2.6,2.6,7.0,17.7,42.1,260,17.77
2020-07-27,34.7,26.5,29.0,5.3,5.3,6.0,11.3,28.8,89,17.29
2020-07-28,32.1,26.1,28.9,4.2,4.2,7.0,14.7,30.6,93,17.31
2020-07-29,33.7,25.3,29.4,1.1,1.1,6.0,22.1,46.4,109,26.27
2020-07-30,31.9,26.6,29.1,0.0,0.0,0.0,25.2,51.5,100,14.22
2020-07-31,34.1,27.6,30.1,0.0,0.0,0.0,25.3,52.6,114,21.97
2020-08-01,34.5,26.3,30.4,0.0,0.0,0.0,26.7,55.4,118,24.78
2020-08-02,33.9,25.8,29.2,3.2,3.2,11.0,19.4,42.5,68,21.11
2020-08-03,27.3,25.9,26.5,82.4,82.4,21.0,28.6,57.6,260,7.33
2020-08-04,32.0,24.9,27.8,5.3,5.3,11.0,11.9,25.9,42,15.7
2020-08-05,32.3,26.1,28.6,7.6,7.6,9.0,9.7,19.8,94,14.93
2020-08-06,33.6,25.7,29.5,0.0,0.0,0.0,14.1,29.2,101,24.54
2020-08-07,33.2,25.8,29.3,0.4,0.4,3.0,16.2,33.8,105,23.69
2020-08-08,32.5,25.2,28.8,1.6,1.6,8.0,13.0,25.6,86,20.1
2020-08-09,31.3,24.7,28.2,0.1,0.1,1.0,13.9,29.9,324,16.81
2020-08-10,33.0,25.8,29.1,1.1,1.1,5.0,16.3,33.8,47,16.96
2020-08-11,31.4,26.6,28.3,4.9,4.9,6.0,8.0,24.1,187,12.12
2020-08-12,33.6,26.1,29.2,4.2,4.2,6.0,11.9,26.3,152,22.34
2020-08-13,34.0,25.5,29.3,1.9,1.9,4.0,11.5,26.3,111,24.18
2020-08-14,32.4,25.2,28.4,8.9,8.9,6.0,10.9,27.7,47,20.79
2020-08-15,33.4,24.7,28.9,0.2,0.2,2.0,5.6,22.0,156,23.51
2020-08-16,33.2,25.4,29.2,0.0,0.0,0.0,19.8,41.4,105,23.65
2020-08-17,32.4,26.2,28.9,0.0,0.0,0.0,26.0,52.9,101,24.51
2020-08-18,32.2,26.7,29.3,0.0,0.0,0.0,25.7,52.2,100,20.26
2020-08-19,34.0,25.5,29.6,0.0,0.0,0.0,21.9,45.7,99,25.66
2020-08-20,34.1,24.8,29.6,0.0,0.0,0.0,21.8,46.1,100,25.77
2020-08-21,33.9,26.3,29.4,0.0,0.0,0.0,28.4,56.9,98,24.25
2020-08-22,30.7,25.1,27.3,17.8,17.8,18.0,14.9,33.5,62,13.11
2020-08-23,30.2,25.2,27.2,22.7,22.7,16.0,26.0,56.2,269,16.28
2020-08-24,34.5,25.6,29.4,0.0,0.0,0.0,18.5,38.5,277,24.71
2020-08-25,35.5,26.1,30.0,0.0,0.0,0.0,21.3,46.4,271,25.06
2020-08-26,34.4,25.3,29.7,0.0,0.0,0.0,22.1,47.5,257,23.14
2020-08-27,33.7,25.4,28.3,28.3,28.3,11.0,15.6,32.8,71,15.74
2020-08-28,31.8,26.0,28.5,5.6,5.6,10.0,11.2,23.4,59,17.99
2020-08-29,31.6,26.2,28.8,3.4,3.4,8.0,16.6,32.8,79,18.15
2020-08-30,31.3,26.3,28.6,6.8,6.8,8.0,16.5,34.6,76,20.22
2020-08-31,30.0,25.8,27.4,8.1,8.1,18.0,9.7,32.4,58,14.55
2020-09-01,30.2,25.6,27.1,15.2,15.2,16.0,16.6,36.4,260,10.1
2020-09-02,34.6,26.3,29.8,1.0,1.0,2.0,17.1,38.5,282,23.61
2020-09-03,30.0,25.7,27.1,31.4,31.4,9.0,12.6,33.8,326,10.96
2020-09-04,30.3,24.8,27.2,0.7,0.7,4.0,15.5,32.0,69,20.56
2020-09-05,30.1,23.9,26.6,0.2,0.2,1.0,10.7,25.2,18,17.02
2020-09-06,28.2,20.8,24.7,0.1,0.1,1.0,15.8,33.8,269,23.09
2020-09-07,32.0,20.2,26.1,0.0,0.0,0.0,16.9,34.6,97,24.29
2020-09-08,32.7,23.8,28.2,0.6,0.6,2.0,8.6,23.8,183,20.76
2020-09-09,32.2,24.9,28.3,0.5,0.5,5.0,12.4,29.2,330,21.36
2020-09-10,31.8,24.8,28.0,4.2,4.2,8.0,12.1,26.3,115,15.18
2020-09-11,31.7,25.2,28.4,0.3,0.3,2.0,7.2,25.6,126,15.15
2020-09-12,31.2,25.2,27.2,11.1,11.1,14.0,13.0,25.9,36,12.5
2020-09-13,30.1,25.4,27.2,1.0,1.0,6.0,17.3,36.0,66,16.39
2020-09-14,30.6,25.6,27.7,20.4,20.4,8.0,14.5,30.6,67,17.95
2020-09-15,33.4,25.1,28.7,1.2,1.2,3.0,9.8,25.2,357,20.26
2020-09-16,33.7,24.9,29.1,0.8,0.8,6.0,9.8,22.0,79,20.21
2020-09-17,34.6,25.6,29.7,0.0,0.0,0.0,11.4,26.3,117,21.51
2020-09-18,33.9,25.7,28.8,5.3,5.3,6.0,10.5,25.9,46,18.96
2020-09-19,33.6,25.2,28.5,2.7,2.7,5.0,11.8,27.7,53,17.05
2020-09-20,29.2,24.6,26.6,4.7,4.7,13.0,19.0,38.9,57,12.29
2020-09-21,29.1,24.1,26.2,0.8,0.8,7.0,18.1,38.2,72,16.33
2020-09-22,29.1,22.8,25.5,0.0,0.0,0.0,17.4,35.6,81,18.12
2020-09-23,30.6,22.1,26.0,0.0,0.0,0.0,15.0,32.4,74,21.98
2020-09-24,26.3,23.6,24.5,8.6,8.6,16.0,10.6,23.4,81,5.31
2020-09-25,28.4,23.1,24.8,2.8,2.8,8.0,14.3,32.0,79,15.4
2020-09-26,26.4,23.1,24.4,2.3,2.3,8.0,16.5,35.6,76,6.79
2020-09-27,23.9,22.0,22.9,16.8,16.8,23.0,13.4,28.4,77,5.22
2020-09-28,24.2,22.4,23.3,20.3,20.3,20.0,9.6,20.2,73,3.7
2020-09-29,27.7,22.2,24.4,0.3,0.3,3.0,12.8,28.4,86,16.34
2020-09-30,23.7,20.5,22.6,11.5,11.5,13.0,8.1,16.9,108,5.08
2020-10-01,27.0,20.6,23.4,0.0,0.0,0.0,17.1,35.3,77,18.18
2020-10-02,29.2,20.8,24.9,0.0,0.0,0.0,19.3,38.5,81,19.56
2020-10-03,30.7,23.1,26.3,0.0,0.0,0.0,18.9,38.5,87,21.92
2020-10-04,32.3,23.1,27.1,0.0,0.0,0.0,13.9,28.4,78,21.24
2020-10-05,25.8,23.0,24.6,5.2,5.2,21.0,21.7,46.8,56,6.99
2020-10-06,24.9,22.4,23.4,0.7,0.7,6.0,20.0,40.7,66,8.95
2020-10-07,25.3,21.5,23.5,0.0,0.0,0.0,18.8,39.6,67,12.21
2020-10-08,25.7,21.6,23.6,0.2,0.2,2.0,19.0,40.0,66,10.93
2020-10-09,26.1,21.5,23.5,1.2,1.2,11.0,18.8,38.5,65,11.8
2020-10-10,25.2,22.0,23.6,1.7,1.7,16.0,21.1,42.1,64,8.28
2020-10-11,27.1,23.2,24.9,1.5,1.5,15.0,24.1,50.4,66,10.5
2020-10-12,28.6,24.5,25.8,10.2,10.2,24.0,24.7,50.8,66,15.58
2020-10-13,26.5,23.7,24.8,6.9,6.9,24.0,31.0,63.0,62,12.59
2020-10-14,27.2,23.9,25.0,0.4,0.4,3.0,25.8,51.5,70,13.07
2020-10-15,27.1,23.2,24.8,1.3,1.3,10.0,27.6,55.4,73,14.91
2020-10-16,27.4,23.3,24.7,3.8,3.8,22.0,23.9,48.2,70,14.05
2020-10-17,24.6,21.6,22.8,5.7,5.7,21.0,21.4,42.5,56,7.51
2020-10-18,24.1,21.2,22.5,6.5,6.5,24.0,20.5,41.4,58,7.06
2020-10-19,24.3,21.0,22.4,2.8,2.8,21.0,22.7,45.4,64,6.8
2020-10-20,25.9,22.2,23.6,5.1,5.1,20.0,28.8,58.0,65,11.11
2020-10-21,28.4,23.5,25.3,9.6,9.6,22.0,25.8,51.8,68,10.66
2020-10-22,24.4,20.3,22.6,11.3,11.3,24.0,19.4,42.1,35,4.33
2020-10-23,22.5,19.6,20.7,8.0,8.0,10.0,17.1,34.6,72,6.2
2020-10-24,23.3,20.3,21.2,0.7,0.7,2.0,25.2,51.1,77,10.3
2020-10-25,25.3,20.7,22.6,0.0,0.0,0.0,24.3,48.6,86,16.5
2020-10-26,26.8,20.7,23.7,0.0,0.0,0.0,23.5,46.8,87,16.15
2020-10-27,27.4,21.9,24.4,0.0,0.0,0.0,24.0,48.6,89,16.52
2020-10-28,26.9,22.5,24.3,0.0,0.0,0.0,22.7,46.4,76,10.9
2020-10-29,25.9,22.4,23.5,0.4,0.4,3.0,21.7,44.3,66,9.84
2020-10-30,23.8,20.3,22.0,0.0,0.0,0.0,19.8,39.2,64,11.5
2020-10-31,24.2,19.6,21.7,0.0,0.0,0.0,22.8,46.1,80,14.99
2020-11-01,27.6,19.6,23.3,0.0,0.0,0.0,22.8,46.4,87,14.6
2020-11-02,27.2,20.9,23.5,0.5,0.5,5.0,20.3,41.4,65,14.95
2020-11-03,23.6,18.9,20.9,2.4,2.4,13.0,21.4,43.6,60,8.38
2020-11-04,21.9,19.4,20.3,0.1,0.1,1.0,24.1,48.6,73,8.63
2020-11-05,24.9,19.3,22.1,1.0,1.0,7.0,23.9,48.6,74,9.63
2020-11-06,29.0,23.2,26.0,1.4,1.4,9.0,27.0,55.4,79,14.58
2020-11-07,30.8,21.4,26.0,3.4,3.4,11.0,31.4,62.3,93,10.38
2020-11-08,21.3,20.2,20.6,3.2,3.2,21.0,13.4,29.2,64,3.64
2020-11-09,21.6,19.6,20.4,0.0,0.0,0.0,23.3,47.2,69,5.67
2020-11-10,22.0,19.0,20.4,0.5,0.5,3.0,23.8,48.2,70,6.15
2020-11-11,23.6,19.6,21.4,0.0,0.0,0.0,27.5,56.2,72,12.24
2020-11-12,24.3,20.8,22.3,0.9,0.9,9.0,26.8,53.3,78,7.54
2020-11-13,22.7,21.4,21.9,5.9,5.9,21.0,19.7,40.3,65,2.9
2020-11-14,23.4,20.7,21.6,3.1,3.1,13.0,23.8,47.9,76,5.76
2020-11-15,26.4,20.8,23.3,0.1,0.1,1.0,22.4,45.4,87,12.38
2020-11-16,26.8,21.4,23.7,0.3,0.3,3.0,22.5,45.4,78,12.39
2020-11-17,27.6,22.4,24.4,0.0,0.0,0.0,23.5,47.5,91,13.78
2020-11-18,30.1,20.2,24.9,0.0,0.0,0.0,14.4,32.8,112,16.28
2020-11-19,30.5,19.7,24.9,0.0,0.0,0.0,11.0,22.7,52,15.93
2020-11-20,28.5,21.0,24.4,1.0,1.0,10.0,16.8,33.5,44,12.75
2020-11-21,25.2,22.3,23.6,1.9,1.9,15.0,23.5,47.9,68,7.86
2020-11-22,29.3,20.6,24.0,1.6,1.6,10.0,17.1,35.3,40,13.85
2020-11-23,22.7,20.5,21.3,4.2,4.2,22.0,24.5,49.0,62,5.13
2020-11-24,23.1,20.6,21.6,0.1,0.1,1.0,23.7,48.2,71,6.8
2020-11-25,26.0,20.4,22.5,0.0,0.0,0.0,23.8,48.2,79,12.15
2020-11-26,27.5,21.2,23.5,0.0,0.0,0.0,20.1,40.7,85,13.25
2020-11-27,23.0,19.4,21.0,1.2,1.2,12.0,22.0,46.4,55,6.65
2020-11-28,20.5,18.5,19.3,3.5,3.5,24.0,21.4,42.8,61,4.95
2020-11-29,19.9,17.8,18.7,2.8,2.8,22.0,21.6,44.3,64,5.17
2020-11-30,20.0,17.8,18.7,4.7,4.7,22.0,24.6,51.8,65,4.86
2020-12-01,20.5,17.8,19.0,5.1,5.1,21.0,23.8,48.6,61,4.3
2020-12-02,20.9,17.7,18.8,3.0,3.0,14.0,21.8,43.9,53,6.18
2020-12-03,18.3,15.8,17.1,2.9,2.9,19.0,17.8,40.0,52,4.19
2020-12-04,18.6,16.0,17.0,4.2,4.2,24.0,19.0,39.6,64,4.62
2020-12-05,19.0,16.0,17.6,3.3,3.3,23.0,22.2,44.3,65,5.29
2020-12-06,20.6,17.9,19.3,3.4,3.4,24.0,22.6,49.0,70,6.75
2020-12-07,21.5,19.4,20.0,3.8,3.8,24.0,20.5,40.7,62,4.78
2020-12-08,19.7,18.1,18.8,4.6,4.6,24.0,17.1,37.1,62,4.42
2020-12-09,20.6,17.8,19.1,24.9,24.9,21.0,18.5,37.1,70,4.09
2020-12-10,21.4,19.9,20.4,5.2,5.2,24.0,16.5,33.1,57,3.65
2020-12-11,21.6,19.5,20.3,4.6,4.6,20.0,16.0,32.8,58,4.04
2020-12-12,20.4,17.5,18.9,2.1,2.1,9.0,15.6,32.4,60,6.85
2020-12-13,23.2,17.4,19.4,0.8,0.8,7.0,12.6,28.4,71,10.03
2020-12-14,18.8,15.6,17.2,2.9,2.9,18.0,18.3,40.3,50,4.78
2020-12-15,16.4,14.7,15.4,8.7,8.7,24.0,15.5,33.1,61,2.88
2020-12-16,16.0,14.7,15.2,11.7,11.7,24.0,15.3,32.0,65,2.48
2020-12-17,17.3,14.5,16.0,3.3,3.3,16.0,21.7,43.6,70,4.23
2020-12-18,19.5,16.6,18.2,3.0,3.0,15.0,13.3,29.5,38,3.24
2020-12-19,17.6,15.3,16.4,4.3,4.3,23.0,15.8,32.0,46,4.44
2020-12-20,17.1,15.6,16.2,2.1,2.1,19.0,18.9,40.3,66,3.93
2020-12-21,16.5,14.7,15.6,9.2,9.2,24.0,18.9,38.2,71,2.17
2020-12-22,20.1,16.3,18.2,1.3,1.3,13.0,24.8,51.1,70,6.48
2020-12-23,22.5,18.7,20.4,7.4,7.4,21.0,20.3,40.7,78,4.86
2020-12-24,18.9,16.4,17.9,4.4,4.4,17.0,10.6,22.3,11,3.28
2020-12-25,18.5,16.0,16.8,0.4,0.4,4.0,20.1,41.4,76,6.57
2020-12-26,22.0,16.2,18.7,0.4,0.4,4.0,17.0,33.1,74,11.46
2020-12-27,21.0,15.6,18.5,0.2,0.2,1.0,7.9,16.6,123,3.54
2020-12-28,21.3,18.0,19.6,0.7,0.7,4.0,23.6,46.8,83,7.05
2020-12-29,24.4,17.5,20.7,0.3,0.3,2.0,14.5,31.7,35,10.26
2020-12-30,18.2,9.0,11.4,6.4,6.4,14.0,23.6,47.5,16,3.06
2020-12-31,9.9,6.8,8.6,0.4,0.4,4.0,13.8,28.4,44,3.87
2021-01-01,13.7,9.4,11.8,0.0,0.0,0.0,17.1,36.0,75,7.29
2021-01-02,15.5,12.5,14.0,0.0,0.0,0.0,20.6,41.0,73,5.91
2021-01-03,20.5,13.5,16.7,0.7,0.7,4.0,18.1,36.4,73,10.23
2021-01-04,19.3,16.0,17.8,4.3,4.3,18.0,13.8,29.5,43,4.72
2021-01-05,18.3,14.9,16.8,6.6,6.6,24.0,12.9,27.0,34,3.23
2021-01-06,16.5,14.2,15.1,3.8,3.8,24.0,21.6,42.5,63,4.45
2021-01-07,14.2,9.1,12.2,7.9,7.9,24.0,13.4,28.1,37,2.88
2021-01-08,8.9,6.3,7.3,10.1,10.1,17.0,12.7,24.8,3,1.88
2021-01-09,9.5,6.6,8.3,0.0,0.0,0.0,14.5,30.6,51,7.05
2021-01-10,14.6,9.0,11.8,0.0,0.0,0.0,20.9,42.1,79,9.52
2021-01-11,13.6,10.2,11.9,11.2,11.2,24.0,10.0,20.5,47,2.37
2021-01-12,12.6,5.9,9.7,0.5,0.5,3.0,10.6,25.2,82,11.28
2021-01-13,17.1,4.5,10.6,0.0,0.0,0.0,18.8,38.2,89,17.09
2021-01-14,20.0,10.1,14.4,0.0,0.0,0.0,16.3,33.8,89,16.89
2021-01-15,22.8,10.6,16.1,0.0,0.0,0.0,11.5,23.4,50,16.56
2021-01-16,20.6,12.7,16.2,2.1,2.1,9.0,22.0,44.6,65,10.89
2021-01-17,14.8,11.8,13.2,0.9,0.9,9.0,22.3,45.4,52,5.55
2021-01-18,15.8,9.9,13.2,0.0,0.0,0.0,17.7,36.0,76,8.52
2021-01-19,19.0,12.7,15.7,0.0,0.0,0.0,27.3,54.0,92,13.26
2021-01-20,23.0,15.8,19.2,0.0,0.0,0.0,23.6,47.5,98,15.42
2021-01-21,26.5,17.4,21.4,0.0,0.0,0.0,17.7,38.2,95,14.5
2021-01-22,24.3,19.6,21.1,1.9,1.9,6.0,20.2,40.0,67,6.98
2021-01-23,20.9,17.6,19.1,1.0,1.0,8.0,11.4,25.2,6,6.23
2021-01-24,18.7,14.8,16.7,0.1,0.1,1.0,19.3,40.3,66,8.01
2021-01-25,20.2,11.8,15.8,0.3,0.3,2.0,11.9,25.6,70,12.86
2021-01-26,22.8,11.3,17.2,0.9,0.9,8.0,13.1,26.3,54,15.6
2021-01-27,18.9,16.3,17.4,0.9,0.9,9.0,16.1,32.8,63,5.46
2021-01-28,17.3,14.0,15.6,1.4,1.4,11.0,14.4,30.2,4,4.93
2021-01-29,16.0,13.0,14.0,0.0,0.0,0.0,23.2,48.2,77,10.86
2021-01-30,20.1,13.0,16.1,0.0,0.0,0.0,22.7,46.8,99,17.13
2021-01-31,23.3,12.7,17.9,0.0,0.0,0.0,17.9,36.0,118,17.77
2021-02-01,23.4,13.4,17.6,0.0,0.0,0.0,11.0,26.3,349,17.73
2021-02-02,19.3,12.4,16.2,0.2,0.2,2.0,21.2,43.2,60,9.0
2021-02-03,21.6,14.6,17.6,0.0,0.0,0.0,23.6,47.9,94,17.7
2021-02-04,22.4,15.6,18.6,0.0,0.0,0.0,21.7,43.9,86,14.53
2021-02-05,25.2,14.9,19.6,0.0,0.0,0.0,17.3,34.9,93,18.3
2021-02-06,25.2,13.3,18.5,0.0,0.0,0.0,14.0,29.2,35,17.4
2021-02-07,25.7,17.4,20.6,0.0,0.0,0.0,16.7,35.3,79,18.42
2021-02-08,21.4,16.7,18.9,1.0,1.0,6.0,26.3,52.2,65,8.53
2021-02-09,19.0,15.6,17.2,0.0,0.0,0.0,27.7,54.7,78,7.54
2021-02-10,23.2,17.2,19.9,7.3,7.3,7.0,27.4,56.2,90,13.51
2021-02-11,21.5,17.2,18.8,17.1,17.1,24.0,15.3,42.5,11,4.81
2021-02-12,21.6,17.0,19.0,4.3,4.3,24.0,18.8,39.2,57,11.14
2021-02-13,20.3,17.6,18.8,5.4,5.4,19.0,17.0,35.3,57,6.22
2021-02-14,21.5,13.8,17.9,1.1,1.1,5.0,11.8,42.1,306,11.91
2021-02-15,22.0,13.6,17.6,0.0,0.0,0.0,20.7,41.4,67,16.62
2021-02-16,23.0,16.5,19.0,1.7,1.7,3.0,15.1,37.4,116,13.35
2021-02-17,17.0,12.6,15.4,3.3,3.3,11.0,18.1,37.1,39,7.0
2021-02-18,15.7,9.9,12.8,0.0,0.0,0.0,16.0,35.3,75,18.89
2021-02-19,18.2,9.6,13.5,0.0,0.0,0.0,16.9,34.9,80,19.81
2021-02-20,22.1,9.2,15.4,0.0,0.0,0.0,8.4,20.5,90,20.67
2021-02-21,23.5,9.2,16.7,0.0,0.0,0.0,10.4,24.8,339,20.39
2021-02-22,26.2,12.5,18.7,0.0,0.0,0.0,11.0,23.4,13,20.49
2021-02-23,25.0,17.5,20.3,0.6,0.6,4.0,20.6,42.1,71,15.1
2021-02-24,25.5,18.4,21.3,0.0,0.0,0.0,21.7,45.0,87,18.26
2021-02-25,27.3,17.4,21.6,0.2,0.2,2.0,15.9,33.1,66,16.6
2021-02-26,23.5,16.0,19.2,2.2,2.2,9.0,12.5,27.7,14,11.01
2021-02-27,18.2,16.6,17.2,6.8,6.8,17.0,8.7,18.7,281,4.42
2021-02-28,20.1,15.9,17.3,0.4,0.4,2.0,13.2,25.6,60,8.5
2021-03-01,25.7,14.1,19.7,0.0,0.0,0.0,9.8,24.1,288,16.5
2021-03-02,21.3,14.6,16.3,8.5,8.5,21.0,15.3,31.7,43,4.81
2021-03-03,20.2,14.9,17.4,4.4,4.4,8.0,21.3,43.2,78,7.59
2021-03-04,23.7,13.9,18.3,1.1,1.1,6.0,10.7,25.2,273,13.87
2021-03-05,24.3,16.7,20.0,0.6,0.6,3.0,22.7,45.4,97,12.05
2021-03-06,21.5,17.0,19.5,4.1,4.1,16.0,15.2,34.6,310,10.76
2021-03-07,19.7,17.3,18.2,7.9,7.9,21.0,13.6,29.2,31,5.13
2021-03-08,19.6,16.7,18.0,0.4,0.4,4.0,17.9,36.4,63,6.76
2021-03-09,22.0,16.8,19.0,0.1,0.1,1.0,18.4,37.4,62,9.9
2021-03-10,21.3,17.7,18.9,0.3,0.3,3.0,23.2,46.4,73,9.76
2021-03-11,26.5,17.7,21.3,0.0,0.0,0.0,18.6,36.7,53,20.37
2021-03-12,23.2,16.6,19.1,0.2,0.2,2.0,17.3,35.6,61,11.66
2021-03-13,20.7,16.0,18.0,0.0,0.0,0.0,19.4,39.6,72,15.83
2021-03-14,21.9,15.9,18.9,0.0,0.0,0.0,19.6,40.3,80,15.24
2021-03-15,26.7,16.6,21.2,0.0,0.0,0.0,15.5,33.8,107,21.38
2021-03-16,27.9,15.5,21.6,0.0,0.0,0.0,7.7,19.4,43,20.83
2021-03-17,27.7,17.1,22.2,0.3,0.3,3.0,12.3,24.5,54,19.59
2021-03-18,27.5,19.7,23.0,1.2,1.2,6.0,13.3,26.3,60,15.93
2021-03-19,25.6,18.8,22.3,0.0,0.0,0.0,13.1,29.9,293,18.49
2021-03-20,26.8,18.3,21.8,0.0,0.0,0.0,14.3,28.8,331,19.46
2021-03-21,20.2,14.4,16.7,2.5,2.5,18.0,16.8,34.6,45,5.51
2021-03-22,14.4,13.1,13.8,6.9,6.9,17.0,13.9,29.5,72,4.41
2021-03-23,20.1,14.3,17.3,0.4,0.4,1.0,22.3,46.1,102,8.77
2021-03-24,18.5,13.7,16.5,19.3,19.3,16.0,16.3,34.9,281,9.75
2021-03-25,20.8,11.3,16.6,0.1,0.1,1.0,11.7,24.8,93,11.98
2021-03-26,26.5,17.7,21.4,0.0,0.0,0.0,15.1,31.3,99,20.12
2021-03-27,27.4,16.3,22.0,0.0,0.0,0.0,13.5,29.9,277,20.39
2021-03-28,29.3,18.0,22.6,2.7,2.7,4.0,16.5,43.6,315,19.74
2021-03-29,28.9,18.9,23.6,0.3,0.3,3.0,7.6,20.2,333,18.16
2021-03-30,28.7,19.7,23.8,0.7,0.7,4.0,14.3,36.0,302,16.93
2021-03-31,28.2,21.4,24.2,0.3,0.3,3.0,14.9,33.5,296,16.83
2021-04-01,29.4,20.0,24.1,0.0,0.0,0.0,9.7,26.6,297,14.92
2021-04-02,29.7,20.9,24.5,0.0,0.0,0.0,9.8,24.5,318,18.51
2021-04-03,28.7,21.5,23.7,0.0,0.0,0.0,14.2,26.6,36,18.25
2021-04-04,21.9,16.6,19.4,0.2,0.2,2.0,19.5,40.3,61,7.27
2021-04-05,19.6,13.3,16.7,0.0,0.0,0.0,15.2,34.6,70,23.54
2021-04-06,21.6,14.4,17.8,0.0,0.0,0.0,16.9,35.6,74,21.36
2021-04-07,23.8,15.6,19.7,0.0,0.0,0.0,22.4,46.8,86,23.41
2021-04-08,24.5,16.3,20.0,2.7,2.7,13.0,18.1,37.4,59,11.55
2021-04-09,18.7,16.3,17.1,3.5,3.5,16.0,17.4,35.6,63,6.73
2021-04-10,20.9,17.3,19.0,0.8,0.8,6.0,17.6,34.6,57,8.65
2021-04-11,28.4,19.3,23.4,0.2,0.2,2.0,20.9,43.9,115,21.41
2021-04-12,28.6,19.6,23.8,0.0,0.0,0.0,11.6,28.1,291,23.73
2021-04-13,29.1,20.1,23.3,0.1,0.1,1.0,15.3,31.0,21,21.31
2021-04-14,21.5,18.2,19.8,3.0,3.0,17.0,16.8,34.9,58,7.45
2021-04-15,22.2,18.9,20.3,0.4,0.4,4.0,17.9,39.2,61,9.06
2021-04-16,25.3,19.0,21.2,0.3,0.3,3.0,13.2,28.4,56,13.95
2021-04-17,24.5,19.7,21.3,0.6,0.6,4.0,16.4,36.0,75,20.67
2021-04-18,22.2,18.4,19.8,0.0,0.0,0.0,27.1,55.4,79,19.64
2021-04-19,24.4,18.3,21.0,0.0,0.0,0.0,23.4,48.6,88,13.83
2021-04-20,26.5,19.6,22.5,0.0,0.0,0.0,26.0,53.6,99,22.46
2021-04-21,27.7,20.6,23.7,0.1,0.1,1.0,26.7,54.4,92,22.45
2021-04-22,28.8,23.0,25.6,0.3,0.3,3.0,21.9,46.1,91,19.25
2021-04-23,25.6,21.1,22.9,8.9,8.9,15.0,14.8,31.7,14,11.81
2021-04-24,25.9,20.8,23.1,0.5,0.5,5.0,17.6,38.2,69,19.18
2021-04-25,24.0,20.4,21.8,0.5,0.5,5.0,18.7,39.2,80,8.08
2021-04-26,26.5,19.5,22.6,0.0,0.0,0.0,26.0,52.2,101,21.49
2021-04-27,28.9,20.5,24.1,0.5,0.5,3.0,20.4,43.6,136,21.01
2021-04-28,23.1,20.8,21.9,17.7,17.7,20.0,5.4,25.9,264,7.23
2021-04-29,21.3,16.4,19.9,19.4,19.4,16.0,10.7,23.0,64,7.79
2021-04-30,29.2,14.2,22.0,0.0,0.0,0.0,11.8,25.6,348,27.0
2021-05-01,30.0,17.3,23.5,0.0,0.0,0.0,11.0,24.8,337,21.77
2021-05-02,30.9,19.9,24.9,0.5,0.5,2.0,21.1,42.5,83,21.79
2021-05-03,28.3,23.1,25.2,1.6,1.6,4.0,22.2,45.4,115,16.4
2021-05-04,31.1,22.1,25.6,2.0,2.0,8.0,11.7,32.0,329,19.83
2021-05-05,25.0,20.5,22.5,10.1,10.1,13.0,19.5,40.7,55,8.7
2021-05-06,29.6,21.0,24.8,1.1,1.1,6.0,16.3,32.8,75,21.14
2021-05-07,30.4,21.1,25.8,0.0,0.0,0.0,16.9,36.7,294,22.91
2021-05-08,29.8,22.1,25.4,2.0,2.0,7.0,15.5,34.6,295,15.91
2021-05-09,31.0,22.0,26.1,3.2,3.2,6.0,11.1,32.0,291,19.17
2021-05-10,31.5,22.6,27.2,1.2,1.2,4.0,10.9,29.2,317,23.57
2021-05-11,34.1,22.3,27.3,0.0,0.0,0.0,8.1,21.2,346,24.98
2021-05-12,34.4,22.2,27.8,0.0,0.0,0.0,11.8,25.2,5,25.93
2021-05-13,33.2,22.8,28.3,0.0,0.0,0.0,12.4,29.9,333,20.06
2021-05-14,32.5,24.5,28.4,1.6,1.6,4.0,10.1,25.9,18,20.74
2021-05-15,33.4,25.2,29.0,0.7,0.7,6.0,8.6,23.4,328,20.79
2021-05-16,36.2,24.0,30.0,0.0,0.0,0.0,9.6,23.4,337,25.7
2021-05-17,35.1,24.3,29.1,3.3,3.3,7.0,14.0,32.0,338,21.83
2021-05-18,33.3,24.3,28.5,1.6,1.6,5.0,9.9,32.0,265,19.58
2021-05-19,33.8,24.7,28.4,1.1,1.1,5.0,10.0,27.0,279,19.72
2021-05-20,34.6,24.5,29.4,0.0,0.0,0.0,14.1,40.3,299,20.0
2021-05-21,35.4,24.8,29.2,4.5,4.5,8.0,16.9,37.4,283,19.01
2021-05-22,32.8,25.1,28.1,3.6,3.6,13.0,22.4,47.9,288,16.73
2021-05-23,33.4,25.0,28.9,0.6,0.6,3.0,9.7,27.0,312,21.11
2021-05-24,34.0,24.0,27.6,17.2,17.2,12.0,14.8,38.9,342,15.8
2021-05-25,29.1,23.7,26.2,0.0,0.0,0.0,16.4,32.8,65,16.36
2021-05-26,33.4,23.5,28.6,0.5,0.5,4.0,14.4,37.1,278,23.18
2021-05-27,36.3,23.5,29.8,0.0,0.0,0.0,21.3,44.6,290,24.94
2021-05-28,36.2,25.9,30.1,5.1,5.1,5.0,27.0,63.4,278,21.8
2021-05-29,27.9,24.8,25.9,17.7,17.7,24.0,16.2,54.7,45,9.73
2021-05-30,28.7,25.0,26.0,40.4,40.4,24.0,20.0,46.8,278,11.67
2021-05-31,27.2,24.1,25.3,23.9,23.9,23.0,13.4,28.4,68,11.85
2021-06-01,31.3,23.8,26.6,18.4,18.4,15.0,9.5,28.8,60,18.26
2021-06-02,32.4,24.7,28.0,7.5,7.5,8.0,10.2,26.6,232,21.18
2021-06-03,32.3,24.3,28.4,0.0,0.0,0.0,10.3,23.0,270,21.6
2021-06-04,31.6,25.2,27.3,28.9,28.9,13.0,8.9,23.8,331,13.65
2021-06-05,26.6,24.0,25.5,26.4,26.4,23.0,9.7,21.6,37,5.94
2021-06-06,26.9,23.8,24.8,18.5,18.5,22.0,15.6,33.1,65,8.47
2021-06-07,30.1,24.0,26.5,6.5,6.5,10.0,13.8,28.8,68,16.18
2021-06-08,30.9,23.3,27.4,0.0,0.0,0.0,16.1,33.1,114,18.03
2021-06-09,31.0,23.4,27.5,0.7,0.7,3.0,19.0,38.9,93,22.28
2021-06-10,32.7,24.5,28.3,2.3,2.3,5.0,10.4,20.5,95,22.5
2021-06-11,33.6,24.8,29.0,0.2,0.2,1.0,9.3,21.2,109,24.74
2021-06-12,33.2,25.0,28.9,0.5,0.5,4.0,11.8,26.6,287,22.78
2021-06-13,31.1,26.0,28.8,2.4,2.4,9.0,9.8,27.0,262,20.02
2021-06-14,32.9,25.6,29.0,0.0,0.0,0.0,17.4,37.4,279,25.75
2021-06-15,32.7,25.3,29.2,0.1,0.1,1.0,25.2,51.5,269,26.7
2021-06-16,33.5,25.9,30.0,0.0,0.0,0.0,28.2,57.6,267,27.43
2021-06-17,34.1,27.2,30.3,0.0,0.0,0.0,23.6,49.0,268,27.42
2021-06-18,34.8,27.2,30.6,0.0,0.0,0.0,27.2,55.1,269,27.1
2021-06-19,34.8,27.3,30.8,0.0,0.0,0.0,23.2,49.0,268,27.08
2021-06-20,35.2,26.8,30.3,1.0,1.0,5.0,22.3,50.0,269,22.92
2021-06-21,33.0,26.5,29.5,1.7,1.7,8.0,23.2,50.4,277,18.64
2021-06-22,30.7,25.0,26.8,109.0,109.0,18.0,18.7,39.2,298,10.44
2021-06-23,28.9,24.9,26.3,41.1,41.1,23.0,19.6,40.0,65,14.89
2021-06-24,29.4,24.5,26.5,40.1,40.1,14.0,11.3,27.0,83,17.34
2021-06-25,29.3,24.9,26.6,14.8,14.8,22.0,10.4,28.8,257,12.56
2021-06-26,30.9,24.7,28.0,0.5,0.5,4.0,18.7,42.1,266,21.46
2021-06-27,32.7,24.4,28.6,0.8,0.8,2.0,17.5,44.6,260,22.21
2021-06-28,32.9,25.7,29.2,0.0,0.0,0.0,24.1,49.0,266,23.51
2021-06-29,32.2,26.1,29.0,0.1,0.1,1.0,22.7,46.1,271,14.64
2021-06-30,32.4,26.5,29.2,0.0,0.0,0.0,23.4,49.0,273,24.66
2021-07-01,32.9,24.0,28.4,0.3,0.3,2.0,15.5,39.2,284,22.94
2021-07-02,33.7,24.9,29.3,0.5,0.5,2.0,9.5,23.4,275,25.12
2021-07-03,33.8,25.3,29.1,0.4,0.4,2.0,11.4,26.6,341,22.91
2021-07-04,32.1,27.0,29.0,1.8,1.8,7.0,12.7,28.8,28,17.16
2021-07-05,33.6,25.2,29.3,0.9,0.9,4.0,22.0,44.3,114,26.24
2021-07-06,33.7,27.0,29.5,11.0,11.0,9.0,30.4,61.6,127,19.78
2021-07-07,32.3,26.1,28.8,1.8,1.8,6.0,11.2,24.8,42,20.65
2021-07-08,32.7,26.3,29.8,1.0,1.0,6.0,9.2,23.0,256,22.77
2021-07-09,33.9,26.6,29.9,0.1,0.1,1.0,11.4,27.0,299,25.61
2021-07-10,32.9,25.0,29.1,1.0,1.0,4.0,9.9,25.2,333,22.9
2021-07-11,34.4,25.5,29.3,1.0,1.0,4.0,10.1,24.5,73,21.1
2021-07-12,33.7,25.2,29.4,0.4,0.4,3.0,5.4,16.9,27,20.72
2021-07-13,33.6,25.9,29.3,1.5,1.5,8.0,7.6,19.8,155,21.09
2021-07-14,33.5,25.9,29.3,0.4,0.4,3.0,17.0,34.6,98,24.49
2021-07-15,33.4,25.7,29.3,0.0,0.0,0.0,22.6,46.4,106,26.92
2021-07-16,34.1,26.3,29.5,0.2,0.2,2.0,17.2,35.6,105,24.73
2021-07-17,33.3,25.6,29.3,0.0,0.0,0.0,19.2,40.7,98,25.15
2021-07-18,34.2,25.7,29.4,0.1,0.1,1.0,17.3,37.1,90,22.19
2021-07-19,33.2,26.8,29.3,0.1,0.1,1.0,19.4,41.4,86,18.34
2021-07-20,33.0,26.2,29.2,0.5,0.5,5.0,18.8,41.0,72,23.86
2021-07-21,31.0,25.5,27.9,9.4,9.4,24.0,16.7,41.4,28,21.03
2021-07-22,29.8,25.8,27.4,15.3,15.3,24.0,11.2,38.5,339,13.06
2021-07-23,29.2,25.8,27.2,24.4,24.4,24.0,17.9,45.7,315,13.49
2021-07-24,28.9,25.9,27.1,43.5,43.5,17.0,28.2,60.8,284,7.46
2021-07-25,33.6,27.4,30.5,0.0,0.0,0.0,24.5,50.0,265,26.52
2021-07-26,34.3,27.9,30.2,5.7,5.7,6.0,19.1,44.3,249,23.77
2021-07-27,34.9,25.5,29.9,0.1,0.1,1.0,6.8,22.0,346,25.16
2021-07-28,34.1,26.4,29.9,0.6,0.6,3.0,7.6,29.5,122,22.53
2021-07-29,34.0,26.6,29.1,6.3,6.3,6.0,7.9,27.7,15,17.56
2021-07-30,33.7,26.2,29.2,8.6,8.6,9.0,10.7,24.5,288,21.24
2021-07-31,31.6,26.5,28.2,39.6,39.6,15.0,10.1,20.2,84,11.95
2021-08-01,30.3,25.2,26.9,31.4,31.4,21.0,8.6,36.4,336,7.46
2021-08-02,28.6,25.2,26.8,8.5,8.5,17.0,7.4,20.9,302,6.11
2021-08-03,29.5,25.5,27.0,19.5,19.5,21.0,14.0,43.9,270,11.2
2021-08-04,30.4,25.7,27.6,5.7,5.7,11.0,15.6,31.3,74,12.72
2021-08-05,31.2,25.0,27.7,6.8,6.8,11.0,12.3,27.0,56,14.86
2021-08-06,29.9,25.8,27.5,30.3,30.3,20.0,12.8,27.7,75,8.01
2021-08-07,27.0,25.4,26.1,83.1,83.1,23.0,36.2,71.3,251,4.26
2021-08-08,31.5,24.8,28.0,3.0,3.0,13.0,16.0,39.2,288,22.46
2021-08-09,31.9,25.4,28.2,9.9,9.9,8.0,7.0,18.0,44,16.32
2021-08-10,32.6,25.8,28.6,3.4,3.4,11.0,10.3,20.9,62,20.06
2021-08-11,31.8,25.0,28.2,8.8,8.8,10.0,10.4,24.5,258,19.74
2021-08-12,32.0,26.0,28.4,7.2,7.2,8.0,15.0,36.4,271,20.68
2021-08-13,32.5,25.3,27.9,7.3,7.3,7.0,10.2,24.8,313,19.85
2021-08-14,31.7,25.4,28.3,9.4,9.4,10.0,9.4,22.3,24,21.69
2021-08-15,31.8,25.7,28.3,3.3,3.3,8.0,13.4,29.2,21,18.75
2021-08-16,32.1,26.2,28.9,0.7,0.7,4.0,8.6,19.8,304,20.97
2021-08-17,31.8,25.6,28.5,1.9,1.9,7.0,14.3,31.3,266,22.87
2021-08-18,29.3,26.0,27.0,8.3,8.3,14.0,10.4,26.6,312,10.43
2021-08-19,31.3,24.5,27.2,7.2,7.2,8.0,10.2,28.1,133,20.27
2021-08-20,31.7,24.9,27.9,4.3,4.3,7.0,10.1,23.4,250,21.84
2021-08-21,32.1,24.6,28.1,2.9,2.9,7.0,7.6,20.2,254,20.26
2021-08-22,31.7,24.6,27.9,1.2,1.2,6.0,10.1,23.4,290,20.49
2021-08-23,32.5,24.5,28.5,1.1,1.1,3.0,10.5,24.5,297,21.56
2021-08-24,32.9,25.3,28.7,0.4,0.4,2.0,8.4,22.0,348,22.01
2021-08-25,32.6,25.3,28.9,3.1,3.1,6.0,10.8,23.8,34,20.69
2021-08-26,32.2,25.5,28.5,1.2,1.2,4.0,20.2,41.8,108,24.55
2021-08-27,33.2,24.8,28.4,0.0,0.0,0.0,15.0,32.0,116,24.13
2021-08-28,32.4,24.2,28.6,0.0,0.0,0.0,22.9,46.4,110,25.2
2021-08-29,32.5,26.1,28.8,0.0,0.0,0.0,21.1,44.3,101,24.56
2021-08-30,32.6,25.9,28.9,0.0,0.0,0.0,22.6,46.1,102,23.31
2021-08-31,33.1,26.7,29.1,1.0,1.0,5.0,20.5,41.0,101,21.11
2021-09-01,33.9,26.1,29.3,0.0,0.0,0.0,17.2,36.4,104,23.8
2021-09-02,32.9,25.0,28.7,1.0,1.0,5.0,9.3,22.7,82,19.55
2021-09-03,32.1,25.5,28.1,2.8,2.8,10.0,10.5,21.6,30,18.64
2021-09-04,33.0,25.0,28.0,4.3,4.3,8.0,13.7,31.3,67,19.14
2021-09-05,33.1,25.1,29.0,0.0,0.0,0.0,20.6,42.8,101,22.82
2021-09-06,32.6,25.4,29.0,1.1,1.1,6.0,9.4,20.5,91,16.73
2021-09-07,34.1,25.8,29.4,0.2,0.2,2.0,17.3,36.4,90,21.84
2021-09-08,34.1,25.1,29.2,0.0,0.0,0.0,19.6,40.7,100,22.65
2021-09-09,33.4,25.6,29.2,0.0,0.0,0.0,21.4,43.9,103,24.32
2021-09-10,34.1,26.2,29.9,0.0,0.0,0.0,23.1,47.5,100,23.9
2021-09-11,32.9,26.8,29.3,0.1,0.1,1.0,30.3,61.2,100,20.07
2021-09-12,28.0,25.7,26.8,31.1,31.1,24.0,28.1,58.0,286,4.91
2021-09-13,33.4,25.7,28.6,4.3,4.3,6.0,22.8,46.1,262,21.11
2021-09-14,32.2,25.9,28.6,7.7,7.7,9.0,16.3,45.0,269,20.66
2021-09-15,30.9,25.1,27.4,13.3,13.3,20.0,10.4,32.0,331,15.97
2021-09-16,31.6,24.1,27.3,4.8,4.8,15.0,13.9,27.0,36,18.21
2021-09-17,31.4,25.4,27.5,7.1,7.1,6.0,12.2,24.1,61,15.73
2021-09-18,32.5,24.6,28.2,0.3,0.3,2.0,14.3,28.4,80,19.87
2021-09-19,33.3,25.2,28.6,0.0,0.0,0.0,13.3,28.1,103,20.86
2021-09-20,33.3,25.1,28.8,0.0,0.0,0.0,9.9,23.4,296,22.14
2021-09-21,33.0,24.6,28.4,0.6,0.6,2.0,10.8,25.6,276,19.99
2021-09-22,32.6,24.8,28.3,2.5,2.5,6.0,11.6,23.0,69,18.36
2021-09-23,32.7,25.1,28.6,0.0,0.0,0.0,20.9,43.2,94,20.85
2021-09-24,31.4,25.6,27.7,2.6,2.6,6.0,22.3,45.4,79,19.0
2021-09-25,30.6,25.5,27.4,0.7,0.7,4.0,23.0,47.2,78,19.3
2021-09-26,31.1,22.6,26.9,0.0,0.0,0.0,20.5,41.8,76,18.36
2021-09-27,30.0,24.8,27.1,0.0,0.0,0.0,15.7,34.2,65,15.72
2021-09-28,30.5,23.9,26.7,0.0,0.0,0.0,16.3,35.3,71,17.93
2021-09-29,32.0,21.9,26.8,0.0,0.0,0.0,11.0,24.1,63,22.3
2021-09-30,32.2,22.7,27.5,1.4,1.4,5.0,13.0,25.6,50,18.06
2021-10-01,32.9,24.5,27.6,3.7,3.7,6.0,13.9,32.8,67,18.53
2021-10-02,32.3,24.6,27.6,0.5,0.5,3.0,19.0,40.7,82,18.81
2021-10-03,32.1,24.6,27.8,0.0,0.0,0.0,25.5,51.5,98,22.79
2021-10-04,32.7,25.8,28.4,0.0,0.0,0.0,26.3,54.4,98,21.91
2021-10-05,32.1,25.4,28.0,0.0,0.0,0.0,27.4,56.5,97,20.96
2021-10-06,31.4,25.1,27.6,0.1,0.1,1.0,26.7,56.2,91,18.4
2021-10-07,32.6,25.6,28.2,0.3,0.3,2.0,25.1,51.8,96,18.52
2021-10-08,32.1,25.9,28.2,0.0,0.0,0.0,23.1,48.6,98,11.64
2021-10-09,32.0,25.9,28.4,0.0,0.0,0.0,28.9,60.1,88,17.82
2021-10-10,32.2,25.8,28.3,0.7,0.7,5.0,25.9,54.7,84,18.61
2021-10-11,28.6,25.1,26.2,26.0,26.0,24.0,37.0,81.0,64,7.3
2021-10-12,30.0,26.1,27.2,37.6,37.6,23.0,32.0,80.6,82,10.06
2021-10-13,29.8,25.8,27.1,8.2,8.2,10.0,23.8,47.2,93,12.6
2021-10-14,29.5,25.5,26.9,8.4,8.4,14.0,20.4,41.0,91,11.4
2021-10-15,29.4,24.7,26.7,0.0,0.0,0.0,25.6,50.0,90,17.78
2021-10-16,30.6,23.0,26.0,7.1,7.1,6.0,21.8,45.0,68,17.94
2021-10-17,22.6,20.5,21.7,6.1,6.1,16.0,18.4,40.0,53,5.56
2021-10-18,24.6,20.1,21.9,0.0,0.0,0.0,20.0,39.6,75,12.25
2021-10-19,26.0,20.0,22.9,0.0,0.0,0.0,14.3,28.8,76,10.04
2021-10-20,26.6,20.9,23.7,0.2,0.2,2.0,14.0,28.4,63,10.65
2021-10-21,25.1,20.8,22.4,3.9,3.9,16.0,15.2,30.2,340,5.86
2021-10-22,20.8,19.7,20.3,15.0,15.0,23.0,15.8,32.0,60,3.05
2021-10-23,22.2,19.4,20.7,1.6,1.6,11.0,20.4,40.3,76,5.17
2021-10-24,22.2,20.5,21.2,18.1,18.1,17.0,15.0,30.2,74,2.84
2021-10-25,23.5,20.9,21.8,0.8,0.8,8.0,17.9,35.6,66,5.71
2021-10-26,25.2,21.2,23.1,0.0,0.0,0.0,22.1,42.8,82,12.61
2021-10-27,25.1,20.9,22.8,0.0,0.0,0.0,20.6,41.0,73,9.95
2021-10-28,26.1,19.9,22.2,0.0,0.0,0.0,16.8,34.9,78,14.98
2021-10-29,25.3,19.2,21.5,0.0,0.0,0.0,14.5,31.3,76,12.68
2021-10-30,24.4,18.7,21.7,0.0,0.0,0.0,14.0,28.4,65,7.63
2021-10-31,25.0,21.0,22.7,0.8,0.8,4.0,19.3,37.8,72,12.59
2021-11-01,24.8,21.6,22.7,0.0,0.0,0.0,20.6,40.3,74,8.04
2021-11-02,25.4,21.6,23.0,0.3,0.3,2.0,19.5,38.2,75,9.51
2021-11-03,24.8,20.7,22.4,1.0,1.0,4.0,19.2,37.4,76,6.86
2021-11-04,26.6,21.3,23.2,0.8,0.8,5.0,19.6,40.0,90,11.24
2021-11-05,30.1,19.6,24.4,0.1,0.1,1.0,12.1,25.6,92,16.74
2021-11-06,28.4,20.5,24.2,4.0,4.0,6.0,13.0,34.2,311,14.79
2021-11-07,28.2,20.7,24.2,0.0,0.0,0.0,16.5,34.2,85,14.76
2021-11-08,22.0,15.9,18.8,9.8,9.8,14.0,19.5,39.6,31,4.58
2021-11-09,19.7,14.7,16.7,1.5,1.5,7.0,14.2,30.2,63,13.4
2021-11-10,21.7,13.0,16.9,0.1,0.1,1.0,10.7,22.0,107,12.13
2021-11-11,23.0,11.8,17.1,0.0,0.0,0.0,17.2,34.6,79,17.97
2021-11-12,22.2,16.2,19.2,0.7,0.7,1.0,22.0,43.2,84,9.86
2021-11-13,21.1,17.6,18.8,15.5,15.5,11.0,19.0,36.7,66,6.22
2021-11-14,21.2,17.5,18.9,0.0,0.0,0.0,16.6,32.8,77,7.07
2021-11-15,25.7,17.3,21.2,0.0,0.0,0.0,20.7,41.0,89,14.82
2021-11-16,27.2,20.4,23.0,0.0,0.0,0.0,16.3,31.7,93,13.77
2021-11-17,25.7,20.7,23.1,0.2,0.2,1.0,22.5,43.9,95,11.15
2021-11-18,22.5,20.3,21.4,3.0,3.0,13.0,12.1,25.6,327,5.23
2021-11-19,24.4,20.3,21.9,0.9,0.9,9.0,16.6,33.8,64,10.89
2021-11-20,25.6,20.5,22.8,0.1,0.1,1.0,20.4,40.7,79,12.09
2021-11-21,29.1,20.3,23.7,0.6,0.6,3.0,15.2,28.8,68,14.67
2021-11-22,22.3,15.2,18.7,5.8,5.8,23.0,15.7,33.5,17,4.02
2021-11-23,16.5,14.8,15.6,4.8,4.8,11.0,13.2,26.6,61,3.17
2021-11-24,20.6,16.3,18.1,0.0,0.0,0.0,20.0,39.2,77,7.01
2021-11-25,21.4,17.2,19.8,0.2,0.2,2.0,18.9,38.5,62,5.68
2021-11-26,21.5,18.0,19.5,4.8,4.8,22.0,18.4,37.8,54,4.15
2021-11-27,21.5,17.5,19.5,6.9,6.9,22.0,26.6,51.1,82,5.75
2021-11-28,23.1,19.9,21.2,0.3,0.3,3.0,25.2,49.3,83,4.98
2021-11-29,25.6,21.3,22.8,0.0,0.0,0.0,23.3,46.4,89,13.83
2021-11-30,22.6,16.4,19.7,3.7,3.7,10.0,18.7,36.7,26,7.04
2021-12-01,16.1,13.5,14.8,0.1,0.1,1.0,19.1,37.4,53,6.54
2021-12-02,19.7,13.0,15.9,0.0,0.0,0.0,16.0,31.7,65,10.77
2021-12-03,18.8,11.2,14.5,0.0,0.0,0.0,14.4,30.2,81,15.34
2021-12-04,19.1,11.6,15.8,0.0,0.0,0.0,20.7,41.4,82,11.21
2021-12-05,21.9,14.5,17.8,3.0,3.0,5.0,18.1,37.1,82,12.77
2021-12-06,20.6,16.5,18.3,4.5,4.5,14.0,18.4,36.4,67,8.36
2021-12-07,20.1,17.4,18.6,1.7,1.7,9.0,21.2,42.5,67,6.62
2021-12-08,21.5,16.6,19.0,0.0,0.0,0.0,23.7,45.4,82,9.66
2021-12-09,23.6,17.3,19.8,0.5,0.5,5.0,17.7,35.3,77,11.63
2021-12-10,23.1,18.5,20.2,1.1,1.1,8.0,23.7,47.5,74,12.29
2021-12-11,24.6,18.5,20.8,0.1,0.1,1.0,18.9,37.8,79,13.99
2021-12-12,22.4,16.5,19.1,2.2,2.2,10.0,20.4,41.0,43,9.83
2021-12-13,18.2,16.6,17.4,2.0,2.0,12.0,19.2,36.7,60,4.1
2021-12-14,23.2,17.1,19.8,0.0,0.0,0.0,22.4,43.9,91,10.68
2021-12-15,26.6,17.0,21.3,0.0,0.0,0.0,20.9,39.6,113,14.26
2021-12-16,27.7,15.9,21.3,0.0,0.0,0.0,10.2,23.8,51,14.84
2021-12-17,20.5,14.5,18.0,2.1,2.1,16.0,19.7,39.6,37,4.18
2021-12-18,16.3,13.0,14.2,0.0,0.0,0.0,20.1,39.6,61,6.65
2021-12-19,19.2,13.2,16.0,0.0,0.0,0.0,23.0,46.1,77,12.87
2021-12-20,21.5,16.0,18.6,0.8,0.8,2.0,21.6,41.8,91,6.26
2021-12-21,21.0,16.9,18.9,10.0,10.0,11.0,10.5,22.0,278,3.78
2021-12-22,19.3,17.5,18.2,3.1,3.1,22.0,8.7,18.7,21,2.49
2021-12-23,21.8,17.6,19.5,0.5,0.5,4.0,11.3,22.7,70,3.31
2021-12-24,19.6,17.4,18.8,3.7,3.7,13.0,10.9,22.0,295,2.24
2021-12-25,17.7,14.4,16.3,1.9,1.9,18.0,20.0,40.0,57,3.18
2021-12-26,15.5,12.5,13.7,2.2,2.2,20.0,20.2,40.0,56,4.18
2021-12-27,14.0,11.8,13.1,4.9,4.9,20.0,15.9,32.4,63,2.71
2021-12-28,20.8,14.1,16.8,0.6,0.6,5.0,20.2,40.0,69,8.91
2021-12-29,19.0,13.9,16.7,1.9,1.9,11.0,11.5,23.8,327,5.07
2021-12-30,16.5,13.8,15.1,0.1,0.1,1.0,16.1,32.0,57,5.88
2021-12-31,19.3,13.2,15.8,0.0,0.0,0.0,21.6,42.1,70,6.98
2022-01-01,18.3,13.8,16.2,0.0,0.0,0.0,14.6,28.8,67,4.38
2022-01-02,19.4,14.0,16.7,0.1,0.1,1.0,17.6,34.2,70,7.42
2022-01-03,20.6,15.5,17.8,0.0,0.0,0.0,13.0,26.6,74,7.79
2022-01-04,21.0,17.9,19.1,0.2,0.2,2.0,23.4,45.4,70,8.19
2022-01-05,23.0,14.5,19.0,0.3,0.3,3.0,12.7,26.3,76,7.98
2022-01-06,18.3,15.5,16.7,4.9,4.9,20.0,17.8,37.1,53,3.61
2022-01-07,17.9,14.5,16.1,4.3,4.3,8.0,18.4,35.3,63,5.1
2022-01-08,19.0,15.5,16.6,0.0,0.0,0.0,18.7,36.4,67,6.69
2022-01-09,20.1,15.7,17.4,0.0,0.0,0.0,15.5,30.2,63,6.31
2022-01-10,19.6,16.3,17.5,0.1,0.1,1.0,16.9,33.5,58,4.82
2022-01-11,16.5,12.1,13.6,2.2,2.2,7.0,14.7,28.4,23,3.3
2022-01-12,14.6,11.7,13.3,1.0,1.0,6.0,14.8,29.2,72,2.98
2022-01-13,15.4,12.6,13.8,2.6,2.6,10.0,14.4,27.7,14,4.38
2022-01-14,17.3,12.0,14.4,0.0,0.0,0.0,18.3,35.6,78,9.08
2022-01-15,19.4,12.9,15.7,0.2,0.2,2.0,11.2,22.7,85,8.38
2022-01-16,23.6,15.0,18.4,0.9,0.9,7.0,21.6,42.1,63,12.51
2022-01-17,18.4,15.6,16.9,3.6,3.6,15.0,17.2,34.9,57,3.15
2022-01-18,17.2,15.6,16.2,0.8,0.8,8.0,21.1,42.1,67,4.39
2022-01-19,18.2,15.8,16.7,0.9,0.9,9.0,21.7,42.1,63,5.58
2022-01-20,19.1,16.3,17.1,1.5,1.5,13.0,29.0,57.2,72,7.56
2022-01-21,18.3,15.8,16.8,30.7,30.7,22.0,24.2,48.2,77,2.28
2022-01-22,21.0,18.0,19.1,18.8,18.8,18.0,21.3,42.5,79,3.05
2022-01-23,25.1,16.6,19.9,1.9,1.9,5.0,21.0,42.8,300,11.49
2022-01-24,18.5,16.5,17.4,7.1,7.1,15.0,12.4,23.8,46,2.39
2022-01-25,20.4,15.8,18.0,3.1,3.1,7.0,18.6,37.1,66,7.49
2022-01-26,23.6,17.6,19.7,0.3,0.3,3.0,18.7,36.7,72,9.55
2022-01-27,24.5,16.2,19.4,0.0,0.0,0.0,13.9,29.5,46,9.54
2022-01-28,18.9,17.3,18.2,1.3,1.3,13.0,23.8,46.8,58,4.39
2022-01-29,17.9,16.1,16.8,1.2,1.2,6.0,15.3,31.7,53,4.14
2022-01-30,16.4,12.0,13.9,3.6,3.6,11.0,12.8,26.6,341,2.76
2022-01-31,17.4,12.4,14.7,0.0,0.0,0.0,25.3,48.2,82,10.04
2022-02-01,19.5,15.1,16.6,11.0,11.0,21.0,18.8,40.3,82,4.68
2022-02-02,19.3,15.4,17.1,5.1,5.1,13.0,18.8,36.7,64,6.35
2022-02-03,17.3,15.8,16.6,15.7,15.7,22.0,10.7,22.7,21,2.61
2022-02-04,16.0,13.3,14.9,4.8,4.8,15.0,11.9,24.8,27,3.51
2022-02-05,15.8,12.9,14.1,0.0,0.0,0.0,20.0,41.0,65,6.12
2022-02-06,16.2,13.5,14.6,0.2,0.2,2.0,24.5,47.5,71,7.63
2022-02-07,21.8,14.0,17.3,3.3,3.3,7.0,21.2,41.4,99,7.93
2022-02-08,16.9,13.6,15.2,0.5,0.5,4.0,16.3,31.7,60,5.86
2022-02-09,19.0,15.6,16.9,3.3,3.3,9.0,16.1,34.2,63,6.24
2022-02-10,17.7,16.0,16.8,0.4,0.4,4.0,17.0,33.1,57,4.08
2022-02-11,24.8,16.9,20.0,2.4,2.4,5.0,17.6,33.5,79,15.12
2022-02-12,19.2,16.7,18.1,0.3,0.3,3.0,14.0,28.4,29,5.59
2022-02-13,21.0,15.5,18.0,6.8,6.8,9.0,20.2,38.9,57,4.9
2022-02-14,15.3,13.7,14.8,16.4,16.4,14.0,14.1,28.1,43,4.8
2022-02-15,18.8,13.8,16.0,0.0,0.0,0.0,22.0,42.1,72,8.31
2022-02-16,17.7,15.1,16.0,0.2,0.2,2.0,22.2,43.6,64,7.15
2022-02-17,19.0,15.4,17.0,1.7,1.7,16.0,24.2,47.5,64,7.23
2022-02-18,19.3,15.6,17.1,2.9,2.9,18.0,17.0,32.8,52,5.56
2022-02-19,17.6,12.7,15.7,10.5,10.5,24.0,14.0,29.2,29,3.5
2022-02-20,12.3,10.1,10.8,26.3,26.3,24.0,17.7,35.3,52,3.41
2022-02-21,14.7,10.6,12.9,20.3,20.3,24.0,20.7,41.0,72,3.15
2022-02-22,16.9,14.5,15.5,25.6,25.6,24.0,23.7,48.2,55,2.72
2022-02-23,15.0,12.8,14.0,14.5,14.5,24.0,14.3,29.9,43,3.15
2022-02-24,15.1,12.2,13.3,0.9,0.9,9.0,23.3,44.6,58,8.04
2022-02-25,18.6,13.3,15.7,0.1,0.1,1.0,19.0,37.4,63,8.23
2022-02-26,21.1,13.8,16.8,0.9,0.9,6.0,8.7,20.9,59,12.74
2022-02-27,21.1,13.8,17.3,0.0,0.0,0.0,20.5,40.3,86,17.99
2022-02-28,26.5,14.2,19.6,0.0,0.0,0.0,12.7,24.8,23,20.6
2022-03-01,26.3,14.3,20.6,0.0,0.0,0.0,13.0,28.1,307,19.2
2022-03-02,21.3,17.7,19.3,0.1,0.1,1.0,18.6,36.4,66,7.86
2022-03-03,24.7,17.6,20.6,0.0,0.0,0.0,18.5,36.0,89,15.6
2022-03-04,25.7,15.3,20.2,0.0,0.0,0.0,17.1,36.0,288,18.89
2022-03-05,23.3,18.1,20.4,0.0,0.0,0.0,19.3,38.2,69,11.98
2022-03-06,22.3,17.6,19.3,0.7,0.7,6.0,24.1,46.8,81,13.83
2022-03-07,18.3,12.3,15.7,19.6,19.6,16.0,14.2,28.8,333,2.61
2022-03-08,18.8,11.2,14.9,0.0,0.0,0.0,21.8,42.8,88,20.51
2022-03-09,23.1,12.0,18.1,0.0,0.0,0.0,20.9,40.7,98,20.72
2022-03-10,24.3,15.5,19.3,0.0,0.0,0.0,14.5,28.1,117,18.23
2022-03-11,24.6,12.4,18.8,0.0,0.0,0.0,14.0,27.0,45,21.63
2022-03-12,26.6,17.2,21.6,0.0,0.0,0.0,21.7,41.4,119,21.41
2022-03-13,26.9,14.7,21.1,0.0,0.0,0.0,9.1,22.7,81,21.28
2022-03-14,27.3,16.8,22.1,0.0,0.0,0.0,9.8,22.7,23,21.09
2022-03-15,27.2,16.2,22.3,2.1,2.1,3.0,18.2,38.2,83,20.22
2022-03-16,28.0,19.1,23.1,0.0,0.0,0.0,20.0,38.9,107,19.19
2022-03-17,26.6,19.1,22.9,1.1,1.1,3.0,12.7,25.9,265,13.75
2022-03-18,21.7,15.8,19.1,7.0,7.0,9.0,14.8,29.5,349,8.47
2022-03-19,27.0,14.9,20.9,0.4,0.4,3.0,16.8,32.4,73,19.92
2022-03-20,26.6,20.5,22.9,0.6,0.6,4.0,17.8,35.6,111,19.35
2022-03-21,26.3,19.4,22.0,3.1,3.1,7.0,12.0,27.4,282,14.32
2022-03-22,21.2,17.9,19.3,2.0,2.0,12.0,14.3,27.7,42,7.79
2022-03-23,18.2,15.4,16.7,22.9,22.9,24.0,13.0,25.9,29,4.72
2022-03-24,23.5,15.7,19.3,0.7,0.7,3.0,22.5,44.3,99,14.18
2022-03-25,26.7,19.0,22.7,2.4,2.4,11.0,13.5,28.1,130,15.45
2022-03-26,30.6,19.2,23.0,37.7,37.7,14.0,19.9,43.6,15,14.69
2022-03-27,19.6,16.8,17.8,21.7,21.7,18.0,19.0,39.2,60,9.06
2022-03-28,17.7,16.6,17.2,22.4,22.4,20.0,18.4,37.4,68,5.56
2022-03-29,25.0,17.7,21.4,12.1,12.1,8.0,22.8,45.7,84,13.62
2022-03-30,29.2,19.7,23.9,2.0,2.0,2.0,16.2,32.0,64,17.55
2022-03-31,23.6,17.3,21.3,1.0,1.0,6.0,15.2,30.6,49,8.28
2022-04-01,17.5,15.0,16.3,0.7,0.7,7.0,22.2,43.9,53,8.24
2022-04-02,16.0,14.2,14.9,15.8,15.8,22.0,12.6,28.1,51,3.38
2022-04-03,17.2,13.7,15.3,12.5,12.5,12.0,16.7,33.8,67,7.08
2022-04-04,20.9,14.1,18.1,0.0,0.0,0.0,25.7,51.1,80,10.97
2022-04-05,25.7,16.8,20.6,0.0,0.0,0.0,18.3,37.1,101,20.12
2022-04-06,24.7,15.5,20.3,0.3,0.3,3.0,20.2,41.0,87,20.69
2022-04-07,23.2,18.2,20.3,0.2,0.2,2.0,19.7,38.9,77,14.67
2022-04-08,23.9,19.3,21.3,0.2,0.2,2.0,27.2,52.9,98,20.49
2022-04-09,26.1,18.2,22.1,0.0,0.0,0.0,20.3,40.3,96,23.19
2022-04-10,29.5,17.6,23.5,0.0,0.0,0.0,13.7,28.4,106,20.52
2022-04-11,29.7,18.8,24.3,0.4,0.4,2.0,10.8,21.6,33,21.61
2022-04-12,29.7,19.6,24.2,2.2,2.2,5.0,10.8,20.9,115,20.38
2022-04-13,29.4,20.8,24.4,0.0,0.0,0.0,12.8,27.0,292,21.27
2022-04-14,24.1,19.4,21.6,25.5,25.5,10.0,14.8,29.9,343,14.26
2022-04-15,21.2,17.8,19.6,1.5,1.5,15.0,18.3,36.7,29,9.88
2022-04-16,21.6,17.4,19.0,0.0,0.0,0.0,20.8,41.8,64,12.57
2022-04-17,22.3,17.5,19.4,0.1,0.1,1.0,17.3,34.2,73,11.4
2022-04-18,23.8,18.0,20.2,0.0,0.0,0.0,14.5,28.8,58,11.04
2022-04-19,19.3,15.7,17.9,9.9,9.9,17.0,15.9,30.6,72,5.35
2022-04-20,25.0,15.7,20.3,3.7,3.7,8.0,22.7,44.6,96,19.18
2022-04-21,27.7,18.3,22.8,0.5,0.5,3.0,8.7,20.2,138,17.97
2022-04-22,30.6,18.9,25.0,0.8,0.8,3.0,7.0,16.9,23,21.79
2022-04-23,29.3,20.5,24.7,6.2,6.2,5.0,14.8,29.9,306,15.27
2022-04-24,29.4,21.6,25.6,11.2,11.2,6.0,10.2,28.1,256,17.61
2022-04-25,30.4,21.7,25.8,0.4,0.4,4.0,14.0,29.9,299,20.04
2022-04-26,31.7,21.4,26.6,1.0,1.0,4.0,10.7,25.9,183,22.98
2022-04-27,30.4,22.6,26.3,1.4,1.4,6.0,11.5,25.6,308,21.42
2022-04-28,31.3,22.2,26.3,0.8,0.8,3.0,9.3,22.0,255,21.43
2022-04-29,30.4,20.9,24.5,5.1,5.1,7.0,17.3,36.0,17,18.75
2022-04-30,24.2,20.9,22.1,0.1,0.1,1.0,19.0,37.8,66,10.41
2022-05-01,20.6,17.1,19.2,12.5,12.5,20.0,13.0,28.1,55,4.54
2022-05-02,17.5,16.3,16.8,36.7,36.7,24.0,18.9,36.0,69,4.33
2022-05-03,23.0,17.0,20.4,1.5,1.5,6.0,25.2,50.4,85,11.64
2022-05-04,25.7,20.1,22.7,1.2,1.2,5.0,26.6,51.5,87,16.91
2022-05-05,26.8,20.9,23.6,0.2,0.2,2.0,15.6,32.0,52,15.97
2022-05-06,26.8,21.3,23.8,0.9,0.9,6.0,12.3,27.4,66,14.68
2022-05-07,28.0,20.3,24.0,0.0,0.0,0.0,11.3,24.8,66,22.41
2022-05-08,27.1,21.1,23.7,2.0,2.0,8.0,12.4,26.6,63,11.28
2022-05-09,25.5,22.7,23.5,8.1,8.1,16.0,15.4,29.5,69,8.2
2022-05-10,29.5,21.9,25.3,3.4,3.4,8.0,12.9,26.6,99,21.72
2022-05-11,27.6,21.9,24.1,11.4,11.4,11.0,7.6,28.1,248,9.62
2022-05-12,29.5,23.0,25.4,11.9,11.9,13.0,16.6,33.8,83,18.11
2022-05-13,30.3,22.7,25.1,16.1,16.1,17.0,25.8,53.6,330,15.49
2022-05-14,22.6,21.1,22.0,60.3,60.3,24.0,12.7,26.3,67,3.91
2022-05-15,21.6,18.5,20.5,7.7,7.7,18.0,14.6,29.5,58,6.3
2022-05-16,19.7,17.7,18.5,52.6,52.6,24.0,14.8,30.6,66,5.04
2022-05-17,23.9,17.4,20.3,4.7,4.7,7.0,17.4,34.2,75,12.34
2022-05-18,25.3,19.8,23.1,0.0,0.0,0.0,23.5,46.1,83,14.04
2022-05-19,27.2,23.3,24.8,0.0,0.0,0.0,23.8,46.8,78,17.37
2022-05-20,27.9,21.2,24.1,0.7,0.7,7.0,7.9,19.1,355,16.23
2022-05-21,25.8,20.5,22.6,0.5,0.5,5.0,11.8,23.4,71,13.21
2022-05-22,26.7,21.3,23.6,9.0,9.0,15.0,16.7,32.0,73,14.95
2022-05-23,26.0,21.7,23.4,10.9,10.9,18.0,9.8,24.1,294,10.21
2022-05-24,27.8,21.6,23.5,19.4,19.4,13.0,9.0,20.9,35,12.92
2022-05-25,27.1,21.8,24.0,25.7,25.7,24.0,10.3,20.9,37,9.12
2022-05-26,28.1,22.2,24.3,20.9,20.9,18.0,17.6,41.4,324,12.0
2022-05-27,24.6,22.1,23.4,30.6,30.6,24.0,12.3,26.6,69,6.75
2022-05-28,29.2,23.0,25.9,4.6,4.6,10.0,17.3,34.6,277,17.76
2022-05-29,32.2,22.6,27.4,0.2,0.2,1.0,18.6,36.7,263,24.11
2022-05-30,31.4,23.5,27.4,0.0,0.0,0.0,24.9,49.7,259,25.3
2022-05-31,28.5,23.6,25.8,15.5,15.5,11.0,10.5,28.4,245,12.64
2022-06-01,31.3,24.5,27.6,15.8,15.8,7.0,13.7,35.3,252,20.83
2022-06-02,31.0,24.4,27.1,20.7,20.7,8.0,10.0,31.7,113,16.11
2022-06-03,31.5,24.1,27.0,2.2,2.2,7.0,11.2,25.2,159,18.32
2022-06-04,31.3,24.7,27.4,10.3,10.3,5.0,12.6,30.6,271,22.56
2022-06-05,33.0,24.2,28.5,0.0,0.0,0.0,22.0,44.3,258,25.26
2022-06-06,30.5,24.6,26.8,16.6,16.6,12.0,26.3,54.0,275,9.42
2022-06-07,27.7,21.4,24.3,37.4,37.4,22.0,15.0,36.4,320,8.36
2022-06-08,24.7,21.8,23.3,32.1,32.1,22.0,17.0,32.0,67,6.88
2022-06-09,27.2,22.6,24.7,4.8,4.8,14.0,9.6,18.0,94,8.49
2022-06-10,30.2,24.1,26.3,3.8,3.8,8.0,11.7,27.4,100,13.48
2022-06-11,30.3,24.0,26.0,15.6,15.6,12.0,15.3,38.9,19,13.8
2022-06-12,27.6,23.7,25.4,18.8,18.8,18.0,10.2,25.9,86,7.88
2022-06-13,32.5,22.5,27.3,1.3,1.3,3.0,19.9,42.1,256,21.14
2022-06-14,32.4,23.4,27.5,2.1,2.1,5.0,20.2,41.0,286,22.65
2022-06-15,27.6,23.1,25.2,8.4,8.4,11.0,12.8,30.6,283,4.95
2022-06-16,29.9,24.2,25.9,9.8,9.8,16.0,10.8,34.9,257,13.75
2022-06-17,30.2,23.2,26.8,3.9,3.9,9.0,15.5,33.8,289,14.59
2022-06-18,32.2,22.7,27.7,1.1,1.1,3.0,12.9,27.4,167,23.1
2022-06-19,32.6,23.2,27.5,4.5,4.5,5.0,13.2,35.3,100,22.31
2022-06-20,32.9,24.1,28.5,4.6,4.6,5.0,12.3,27.0,264,24.8
2022-06-21,30.8,24.4,27.5,3.2,3.2,5.0,10.4,28.4,321,14.64
2022-06-22,33.6,23.6,28.7,0.3,0.3,1.0,10.6,24.1,223,25.69
2022-06-23,33.4,24.4,28.7,0.5,0.5,3.0,8.3,21.2,300,23.53
2022-06-24,32.0,26.0,28.1,3.8,3.8,4.0,10.5,23.8,190,21.78
2022-06-25,31.8,25.3,27.3,10.4,10.4,7.0,6.9,20.5,65,16.07
2022-06-26,32.6,24.1,27.9,3.7,3.7,4.0,7.3,21.6,66,22.4
2022-06-27,32.3,24.4,28.2,2.9,2.9,5.0,13.7,27.4,94,23.45
2022-06-28,32.5,24.0,28.7,0.3,0.3,2.0,15.5,30.2,102,23.9
2022-06-29,32.2,25.3,28.3,12.6,12.6,9.0,16.8,37.1,127,22.87
2022-06-30,31.1,25.3,28.0,0.0,0.0,0.0,26.9,52.2,107,23.9
2022-07-01,30.7,25.5,28.0,0.0,0.0,0.0,25.8,50.4,102,24.94
2022-07-02,31.0,24.1,27.2,31.2,31.2,13.0,10.0,26.6,77,17.39
2022-07-03,30.2,24.9,27.3,6.6,6.6,14.0,15.3,35.6,272,18.92
2022-07-04,32.2,24.4,27.9,8.9,8.9,4.0,15.0,34.6,48,20.84
2022-07-05,32.7,25.2,28.1,36.2,36.2,6.0,7.4,20.2,74,19.7
2022-07-06,32.9,25.0,28.5,1.4,1.4,3.0,12.9,26.6,68,23.32
2022-07-07,32.4,25.4,28.5,4.7,4.7,8.0,8.0,18.4,74,21.28
2022-07-08,32.7,25.5,29.3,0.9,0.9,4.0,8.6,20.2,298,23.26
2022-07-09,32.7,25.1,28.9,0.5,0.5,3.0,12.7,27.0,275,23.45
2022-07-10,34.1,26.0,29.2,0.5,0.5,3.0,10.4,23.0,285,22.74
2022-07-11,34.1,25.8,29.5,0.2,0.2,2.0,8.9,20.2,320,25.28
2022-07-12,32.1,26.3,29.3,1.1,1.1,6.0,11.3,22.0,30,22.98
2022-07-13,32.3,25.4,28.8,2.5,2.5,10.0,14.8,29.5,80,21.97
2022-07-14,33.6,25.6,29.6,0.0,0.0,0.0,9.7,23.0,272,25.56
2022-07-15,33.7,26.2,29.6,0.0,0.0,0.0,20.9,42.5,268,24.59
2022-07-16,34.5,25.5,30.1,0.0,0.0,0.0,21.8,43.6,276,25.82
2022-07-17,34.6,26.1,30.3,2.1,2.1,5.0,18.7,38.5,258,23.89
2022-07-18,34.8,25.6,29.9,4.1,4.1,5.0,14.3,30.2,251,21.28
2022-07-19,33.9,25.9,29.4,2.6,2.6,7.0,15.9,31.7,299,21.81
2022-07-20,33.9,25.9,29.6,2.7,2.7,5.0,12.9,28.1,307,23.08
2022-07-21,35.2,26.3,30.6,0.0,0.0,0.0,15.6,32.0,283,25.59
2022-07-22,36.4,26.2,30.9,0.0,0.0,0.0,13.6,27.7,304,27.33
2022-07-23,35.8,25.7,30.9,0.0,0.0,0.0,13.9,31.3,288,27.21
2022-07-24,37.0,25.8,30.9,0.0,0.0,0.0,12.0,29.5,309,27.62
2022-07-25,35.6,26.3,30.6,0.2,0.2,1.0,11.6,24.5,303,25.18
2022-07-26,33.8,25.0,29.3,1.8,1.8,6.0,15.5,33.8,268,22.91
2022-07-27,33.0,25.9,29.5,3.2,3.2,11.0,10.3,23.8,319,22.46
2022-07-28,34.4,25.1,29.8,0.6,0.6,4.0,12.0,23.8,40,24.76
2022-07-29,34.4,24.9,29.4,1.5,1.5,9.0,15.5,33.1,315,25.8
2022-07-30,33.8,25.4,29.2,3.3,3.3,12.0,9.7,24.1,57,20.53
2022-07-31,34.8,25.7,30.0,4.5,4.5,10.0,11.5,28.4,286,22.76
2022-08-01,35.8,26.9,30.2,6.4,6.4,3.0,11.1,30.6,341,20.74
2022-08-02,29.3,26.1,27.4,5.5,5.5,12.0,9.8,22.3,223,9.95
2022-08-03,32.7,24.9,28.6,0.5,0.5,4.0,16.3,31.7,118,23.3
2022-08-04,33.3,25.1,29.1,0.9,0.9,8.0,7.6,17.3,134,22.64
2022-08-05,33.6,25.9,29.5,2.3,2.3,10.0,13.4,28.1,96,23.52
2022-08-06,35.6,25.6,30.2,0.0,0.0,0.0,14.8,31.3,110,26.16
2022-08-07,34.3,24.8,29.7,0.3,0.3,2.0,22.8,45.7,129,25.46
2022-08-08,35.4,25.1,29.9,0.0,0.0,0.0,20.7,41.0,117,23.39
2022-08-09,35.7,24.7,30.0,0.0,0.0,0.0,26.4,51.5,126,24.95
2022-08-10,35.6,25.9,30.1,1.9,1.9,3.0,12.8,29.5,113,23.03
2022-08-11,33.9,26.3,29.8,0.6,0.6,4.0,11.5,27.7,265,20.86
2022-08-12,35.2,26.3,30.1,1.6,1.6,3.0,8.6,20.2,325,21.43
2022-08-13,35.7,26.1,30.7,0.9,0.9,4.0,8.0,21.6,7,24.52
2022-08-14,35.2,26.2,30.6,0.5,0.5,4.0,15.3,29.2,100,22.69
2022-08-15,35.7,25.8,30.8,0.6,0.6,3.0,11.7,24.1,140,23.98
2022-08-16,34.4,26.7,30.3,1.5,1.5,5.0,15.5,28.8,102,20.53
2022-08-17,35.2,26.7,30.4,0.6,0.6,6.0,12.8,29.9,109,22.9
2022-08-18,33.3,26.1,29.4,6.6,6.6,6.0,11.2,26.3,225,17.97
2022-08-19,33.2,26.7,29.9,2.3,2.3,6.0,9.2,25.6,349,21.34
2022-08-20,35.7,26.2,30.1,1.5,1.5,4.0,12.4,29.5,282,22.59
2022-08-21,36.4,25.9,30.6,0.0,0.0,0.0,15.9,34.2,280,22.38
2022-08-22,37.4,25.5,31.3,0.0,0.0,0.0,13.4,27.4,14,25.46
2022-08-23,37.7,25.3,30.8,0.0,0.0,0.0,24.9,50.4,109,24.65
2022-08-24,36.8,28.1,32.0,0.9,0.9,3.0,26.5,54.4,132,24.48
2022-08-25,37.0,27.2,30.9,2.2,2.2,4.0,12.2,31.0,326,21.56
2022-08-26,36.4,27.2,31.5,0.0,0.0,0.0,19.1,42.5,273,24.74
2022-08-27,37.5,26.4,31.5,0.0,0.0,0.0,11.0,24.5,346,20.6
2022-08-28,33.4,27.1,29.1,6.2,6.2,6.0,15.3,33.5,65,17.09
2022-08-29,33.8,25.2,29.3,4.8,4.8,7.0,17.2,36.4,76,22.74
2022-08-30,35.0,25.4,29.9,0.3,0.3,2.0,12.7,24.1,81,22.31
2022-08-31,34.0,25.0,29.2,14.8,14.8,11.0,16.3,34.6,59,22.63
2022-09-01,31.1,25.3,27.6,10.5,10.5,23.0,20.8,44.6,0,20.51
2022-09-02,27.4,24.9,26.2,105.2,105.2,24.0,14.5,32.4,20,8.37
2022-09-03,28.5,25.6,26.6,55.1,55.1,24.0,19.3,37.1,331,8.37
2022-09-04,27.8,25.3,26.1,54.9,54.9,20.0,31.7,64.4,271,3.82
2022-09-05,32.1,26.2,28.7,1.7,1.7,5.0,24.2,47.9,264,20.64
2022-09-06,30.0,25.0,26.5,16.7,16.7,14.0,12.7,26.6,76,11.55
2022-09-07,28.5,24.7,26.4,2.5,2.5,6.0,18.0,35.3,78,12.48
2022-09-08,29.1,22.2,25.5,0.0,0.0,0.0,15.3,31.7,82,24.99
2022-09-09,29.3,20.6,25.2,0.0,0.0,0.0,18.3,36.0,84,22.1
2022-09-10,29.6,20.4,25.2,0.0,0.0,0.0,15.0,30.6,82,22.58
2022-09-11,27.9,24.1,25.6,20.1,20.1,17.0,13.3,31.0,60,10.57
2022-09-12,26.1,23.6,24.6,72.5,72.5,24.0,16.4,36.7,265,6.01
2022-09-13,25.4,23.5,24.4,95.0,95.0,24.0,20.7,41.4,269,5.09
2022-09-14,30.3,23.5,26.6,1.6,1.6,4.0,22.0,43.9,270,22.54
2022-09-15,31.1,23.2,26.7,6.2,6.2,3.0,7.1,15.5,81,19.95
2022-09-16,30.7,23.8,26.8,0.2,0.2,2.0,9.6,23.8,319,22.12
2022-09-17,29.9,22.5,26.1,2.4,2.4,8.0,11.9,25.6,316,21.76
2022-09-18,29.4,22.3,25.9,0.8,0.8,3.0,12.4,33.1,284,18.62
2022-09-19,30.4,22.5,26.2,0.1,0.1,1.0,11.2,23.0,58,20.94
2022-09-20,27.5,22.3,24.6,0.0,0.0,0.0,16.6,34.2,71,20.38
2022-09-21,27.2,21.3,24.3,2.0,2.0,7.0,20.9,41.8,84,19.12
2022-09-22,28.3,20.0,23.9,0.0,0.0,0.0,11.0,24.5,88,22.97
2022-09-23,28.5,20.2,24.3,0.0,0.0,0.0,17.1,34.6,78,21.53
2022-09-24,25.9,22.9,24.4,2.8,2.8,16.0,18.6,39.2,67,7.75
2022-09-25,26.2,23.9,24.9,22.1,22.1,18.0,17.7,34.6,62,5.09
2022-09-26,30.0,25.0,27.0,0.8,0.8,7.0,23.4,46.1,78,19.57
2022-09-27,30.9,24.4,27.0,0.0,0.0,0.0,20.2,40.3,86,21.57
2022-09-28,31.4,23.7,27.3,0.0,0.0,0.0,18.0,34.9,89,22.13
2022-09-29,32.1,23.7,27.7,0.0,0.0,0.0,16.3,31.0,95,20.2
2022-09-30,32.7,23.4,27.5,0.0,0.0,0.0,17.9,36.0,103,21.83
2022-10-01,31.6,23.7,27.5,0.0,0.0,0.0,19.3,37.8,109,22.17
2022-10-02,33.5,23.9,28.1,0.0,0.0,0.0,19.6,37.8,106,21.45
2022-10-03,32.9,24.0,27.8,0.0,0.0,0.0,20.1,39.2,105,21.23
2022-10-04,33.1,23.2,27.5,0.0,0.0,0.0,15.5,30.6,86,20.26
2022-10-05,28.0,24.2,25.9,3.8,3.8,10.0,23.4,46.4,75,15.02
2022-10-06,27.7,24.4,25.6,2.9,2.9,16.0,22.6,45.4,74,13.02
2022-10-07,27.3,23.5,25.1,6.6,6.6,16.0,20.9,41.4,65,12.19
2022-10-08,26.6,23.1,24.2,10.6,10.6,19.0,21.7,44.6,67,8.33
2022-10-09,27.3,22.6,24.6,7.1,7.1,6.0,18.6,37.1,63,10.17
2022-10-10,22.4,20.6,21.3,3.4,3.4,11.0,18.4,37.4,51,5.66
2022-10-11,22.8,20.1,21.1,0.2,0.2,2.0,23.0,46.8,69,9.51
2022-10-12,24.2,20.3,22.1,2.1,2.1,15.0,25.9,50.0,74,9.21
2022-10-13,24.9,22.1,23.3,1.6,1.6,14.0,22.2,42.5,67,8.08
2022-10-14,26.4,22.4,24.0,7.0,7.0,23.0,20.2,40.0,53,13.95
2022-10-15,25.3,23.6,24.2,48.2,48.2,24.0,20.7,42.5,49,4.95
2022-10-16,27.0,24.0,25.3,23.8,23.8,24.0,24.7,50.0,67,6.74
2022-10-17,24.7,20.4,23.2,30.6,30.6,24.0,26.9,54.0,46,5.68
2022-10-18,21.1,19.4,20.1,5.2,5.2,20.0,20.8,41.8,66,5.37
2022-10-19,22.4,19.6,20.7,0.0,0.0,0.0,25.4,51.1,75,9.64
2022-10-20,25.2,20.5,22.5,0.0,0.0,0.0,24.5,47.2,80,15.32
2022-10-21,27.7,19.6,23.9,1.2,1.2,6.0,23.0,45.4,76,13.04
2022-10-22,27.7,24.4,25.7,18.5,18.5,20.0,21.6,42.1,59,11.64
2022-10-23,25.3,21.1,23.5,12.2,12.2,15.0,17.4,34.2,52,8.34
2022-10-24,23.4,20.6,21.6,0.1,0.1,1.0,21.9,45.0,75,15.43
2022-10-25,22.5,19.7,20.8,0.0,0.0,0.0,24.5,47.2,80,12.21
2022-10-26,25.6,18.9,22.0,0.0,0.0,0.0,22.3,43.9,94,15.51
2022-10-27,27.1,19.9,23.2,0.0,0.0,0.0,21.3,42.8,84,15.11
2022-10-28,26.4,21.8,23.6,1.5,1.5,10.0,24.1,47.2,75,15.57
2022-10-29,24.3,21.9,22.8,4.8,4.8,22.0,27.1,54.7,66,9.13
2022-10-30,25.1,22.1,23.2,6.9,6.9,21.0,26.8,53.6,69,9.53
2022-10-31,23.3,21.2,22.4,36.0,36.0,24.0,26.9,53.6,54,4.26
2022-11-01,22.9,20.6,21.4,18.2,18.2,24.0,22.0,43.2,66,4.5
2022-11-02,24.4,20.7,22.3,2.1,2.1,18.0,27.2,52.9,76,10.1
2022-11-03,25.6,22.1,23.5,0.3,0.3,3.0,16.3,31.3,71,6.62
2022-11-04,23.2,20.1,22.0,1.6,1.6,13.0,17.6,35.6,58,5.77
2022-11-05,21.6,19.3,20.2,0.0,0.0,0.0,22.7,44.6,71,7.53
2022-11-06,23.1,19.1,21.1,0.2,0.2,2.0,23.0,45.0,78,9.19
2022-11-07,24.7,21.1,22.6,0.3,0.3,2.0,23.4,47.2,79,10.26
2022-11-08,24.2,21.3,22.4,6.3,6.3,12.0,19.4,38.2,72,5.73
2022-11-09,27.2,21.6,24.0,0.0,0.0,0.0,24.3,47.9,85,14.49
2022-11-10,29.2,22.1,25.0,0.0,0.0,0.0,19.2,38.2,86,16.2
2022-11-11,29.1,23.8,25.6,0.4,0.4,2.0,16.0,33.1,81,13.49
2022-11-12,29.5,23.2,25.4,0.0,0.0,0.0,11.3,22.3,40,15.6
2022-11-13,26.1,21.7,23.8,0.6,0.6,5.0,16.3,32.0,72,8.49
2022-11-14,24.4,22.2,23.0,0.1,0.1,1.0,21.7,42.5,75,8.91
2022-11-15,28.2,21.6,23.6,0.8,0.8,4.0,17.0,32.0,81,11.35
2022-11-16,25.5,20.3,22.7,4.4,4.4,7.0,17.8,36.0,58,10.35
2022-11-17,26.4,19.6,23.0,0.2,0.2,2.0,11.9,23.8,293,11.76
2022-11-18,26.5,22.3,24.1,0.3,0.3,3.0,19.2,37.8,67,10.61
2022-11-19,27.8,22.4,24.2,0.3,0.3,2.0,17.6,34.6,66,11.67
2022-11-20,25.7,22.4,23.7,0.2,0.2,2.0,19.4,37.4,70,10.04
2022-11-21,25.6,22.3,23.7,0.0,0.0,0.0,22.4,43.2,78,9.27
2022-11-22,28.7,22.3,24.8,1.4,1.4,3.0,15.2,30.6,90,10.52
2022-11-23,23.5,20.9,22.1,3.3,3.3,9.0,14.4,28.1,52,5.04
2022-11-24,23.7,20.6,21.8,29.8,29.8,17.0,19.7,38.5,72,7.49
2022-11-25,25.6,20.7,22.7,14.6,14.6,19.0,16.5,32.0,66,7.86
2022-11-26,23.9,20.0,21.6,3.3,3.3,6.0,13.0,27.0,29,9.08
2022-11-27,26.9,20.8,23.5,0.4,0.4,2.0,16.3,31.3,95,11.24
2022-11-28,29.7,18.8,23.9,0.0,0.0,0.0,8.4,18.7,33,15.12
2022-11-29,28.8,20.4,24.3,1.2,1.2,7.0,11.4,23.8,331,12.9
2022-11-30,23.1,18.0,19.7,3.8,3.8,24.0,19.6,38.5,51,4.33
2022-12-01,19.1,17.5,18.2,9.4,9.4,24.0,21.9,43.9,61,5.1
2022-12-02,20.5,17.5,19.0,7.6,7.6,18.0,20.2,40.7,63,5.07
2022-12-03,24.1,20.3,21.6,0.9,0.9,8.0,9.9,19.4,58,5.29
2022-12-04,21.8,20.3,21.0,2.5,2.5,15.0,10.7,21.6,44,3.55
2022-12-05,20.2,17.0,18.7,3.4,3.4,22.0,12.2,24.8,14,2.81
2022-12-06,18.9,16.6,17.6,1.6,1.6,10.0,22.0,42.8,71,4.11
2022-12-07,20.8,18.2,19.0,6.8,6.8,19.0,16.3,33.1,55,5.77
2022-12-08,20.1,17.9,19.1,3.1,3.1,20.0,11.1,21.6,37,3.19
2022-12-09,20.4,18.7,19.4,3.7,3.7,21.0,12.0,24.8,12,3.29
2022-12-10,20.6,18.7,19.6,8.6,8.6,24.0,19.6,37.4,51,3.65
2022-12-11,18.3,16.4,17.3,11.2,11.2,24.0,14.5,29.9,50,3.54
2022-12-12,18.2,16.1,16.8,4.0,4.0,20.0,14.8,29.9,61,2.61
2022-12-13,17.4,15.2,16.0,3.4,3.4,17.0,20.4,40.0,65,2.56
2022-12-14,16.6,15.0,15.5,3.4,3.4,20.0,23.2,45.4,66,3.76
2022-12-15,19.1,15.3,16.9,5.8,5.8,23.0,22.1,43.2,71,2.19
2022-12-16,20.6,17.8,19.3,2.0,2.0,14.0,13.7,27.4,35,4.14
2022-12-17,18.0,10.9,14.0,12.3,12.3,19.0,13.3,28.1,3,2.83
2022-12-18,11.1,8.2,9.7,0.0,0.0,0.0,17.4,33.8,43,6.44
2022-12-19,16.9,10.7,13.9,0.0,0.0,0.0,20.6,41.4,77,11.34
2022-12-20,21.0,14.7,17.4,0.0,0.0,0.0,26.4,51.5,98,13.28
2022-12-21,18.5,12.5,15.7,0.0,0.0,0.0,15.0,29.9,323,5.28
2022-12-22,17.4,8.7,12.9,0.0,0.0,0.0,9.6,20.2,139,15.56
2022-12-23,13.7,8.2,11.6,0.0,0.0,0.0,17.1,33.8,61,9.91
2022-12-24,14.8,7.6,11.2,0.0,0.0,0.0,13.9,29.2,70,14.7
2022-12-25,14.5,6.9,11.1,0.0,0.0,0.0,15.7,31.7,82,12.19
2022-12-26,17.9,11.8,14.1,0.0,0.0,0.0,15.0,30.6,85,12.63
2022-12-27,19.0,11.4,15.5,0.0,0.0,0.0,21.5,43.6,78,8.82
2022-12-28,18.9,14.7,16.7,1.3,1.3,9.0,21.7,41.4,68,6.49
2022-12-29,17.4,15.4,16.2,3.0,3.0,18.0,17.1,34.2,69,3.72
2022-12-30,17.0,15.3,16.1,2.2,2.2,22.0,15.8,32.8,61,3.18
2022-12-31,17.7,15.4,16.6,1.8,1.8,16.0,22.9,45.4,70,5.25
2023-01-01,20.2,17.4,18.6,1.3,1.3,11.0,21.3,42.5,73,3.58
2023-01-02,18.9,17.1,18.2,7.7,7.7,16.0,19.6,38.9,69,2.78
2023-01-03,18.1,15.3,16.7,1.4,1.4,12.0,18.6,37.8,60,4.84
2023-01-04,18.1,14.9,16.3,0.5,0.5,5.0,24.1,46.4,72,5.52
2023-01-05,21.9,16.1,18.7,0.5,0.5,5.0,18.1,36.0,56,9.98
2023-01-06,20.0,13.6,17.7,0.2,0.2,2.0,14.3,28.1,33,6.25
2023-01-07,19.2,13.7,16.2,0.0,0.0,0.0,23.4,46.8,81,11.75
2023-01-08,22.4,15.9,18.7,0.0,0.0,0.0,22.4,43.6,101,15.21
2023-01-09,23.7,17.5,19.8,0.3,0.3,2.0,12.2,26.6,81,9.47
2023-01-10,22.4,18.6,19.9,1.9,1.9,9.0,18.7,37.8,75,9.53
2023-01-11,22.1,16.4,19.7,0.5,0.5,3.0,20.2,39.6,76,5.33
2023-01-12,25.3,17.1,21.0,0.0,0.0,0.0,21.0,41.0,195,13.49
2023-01-13,25.9,16.1,20.7,0.0,0.0,0.0,7.8,19.4,275,13.67
2023-01-14,25.9,17.2,21.7,0.4,0.4,4.0,14.0,29.2,286,12.41
2023-01-15,19.7,12.7,15.5,2.8,2.8,20.0,18.3,37.4,41,3.93
2023-01-16,13.7,11.5,12.5,0.7,0.7,7.0,20.2,38.9,49,4.43
2023-01-17,17.1,13.0,14.9,0.0,0.0,0.0,16.1,31.7,59,5.44
2023-01-18,15.0,13.5,14.1,0.0,0.0,0.0,14.3,27.7,54,4.36
2023-01-19,20.4,13.5,16.7,0.0,0.0,0.0,21.0,40.7,82,10.87
2023-01-20,17.8,15.0,16.3,0.5,0.5,3.0,22.9,45.4,65,5.44
2023-01-21,19.5,14.9,17.1,5.7,5.7,12.0,20.5,39.6,81,3.63
2023-01-22,22.0,13.1,17.4,0.2,0.2,2.0,11.0,22.0,289,9.92
2023-01-23,19.7,16.4,17.9,0.9,0.9,6.0,16.4,32.0,50,6.22
2023-01-24,16.0,7.5,10.8,4.6,4.6,13.0,19.7,38.9,14,4.11
2023-01-25,13.4,7.4,10.9,0.0,0.0,0.0,24.5,47.5,86,9.24
2023-01-26,18.3,10.2,14.2,0.0,0.0,0.0,15.5,31.3,270,14.69
2023-01-27,13.4,8.3,10.8,0.4,0.4,2.0,18.7,36.7,21,3.89
2023-01-28,10.5,6.4,9.0,0.1,0.1,1.0,15.3,30.2,37,9.73
2023-01-29,16.7,8.8,12.1,0.0,0.0,0.0,17.3,34.6,79,15.16
2023-01-30,16.7,7.1,12.1,0.0,0.0,0.0,20.6,40.0,81,18.41
2023-01-31,21.5,9.6,15.1,0.0,0.0,0.0,19.8,38.5,73,18.42
2023-02-01,23.6,10.1,17.0,0.0,0.0,0.0,10.8,23.8,23,11.11
2023-02-02,19.6,15.6,17.1,0.0,0.0,0.0,18.6,36.4,55,7.23
2023-02-03,19.2,14.9,16.7,0.0,0.0,0.0,17.6,34.6,69,7.38
2023-02-04,18.7,15.9,17.2,3.6,3.6,14.0,19.4,37.4,71,4.51
2023-02-05,22.1,17.1,18.5,15.8,15.8,23.0,16.9,32.8,48,4.67
2023-02-06,19.7,15.5,17.2,23.6,23.6,17.0,10.3,23.8,277,7.2
2023-02-07,21.0,16.2,18.2,1.9,1.9,9.0,12.6,26.3,59,6.37
2023-02-08,21.5,17.7,19.2,0.3,0.3,2.0,22.2,42.8,68,8.9
2023-02-09,23.2,16.7,19.1,0.8,0.8,4.0,10.5,24.1,344,6.82
2023-02-10,20.0,16.9,17.8,0.9,0.9,4.0,18.2,37.4,66,5.25
2023-02-11,24.9,17.9,20.2,2.0,2.0,3.0,16.9,33.8,53,13.62
2023-02-12,27.9,17.4,20.5,0.0,0.0,0.0,15.0,31.3,342,16.2
2023-02-13,27.1,15.4,19.7,1.1,1.1,8.0,17.0,36.0,22,13.33
2023-02-14,15.4,12.6,13.7,1.5,1.5,9.0,16.2,31.7,36,4.59
2023-02-15,14.1,11.1,12.6,0.0,0.0,0.0,17.8,34.9,47,11.15
2023-02-16,17.1,12.6,14.6,0.0,0.0,0.0,24.3,46.8,79,11.91
2023-02-17,23.6,14.4,17.6,0.0,0.0,0.0,15.0,29.5,85,18.03
2023-02-18,26.3,14.1,19.6,0.0,0.0,0.0,8.4,19.8,91,18.93
2023-02-19,20.5,13.6,16.6,1.5,1.5,13.0,20.8,41.8,52,7.03
2023-02-20,16.2,13.2,14.9,0.0,0.0,0.0,23.8,46.1,64,10.45
2023-02-21,15.3,12.6,13.7,1.9,1.9,16.0,28.0,55.1,64,7.18
2023-02-22,18.9,13.3,16.0,0.4,0.4,4.0,24.8,47.9,69,7.8
2023-02-23,19.2,16.9,18.0,1.8,1.8,17.0,17.1,33.5,49,6.54
2023-02-24,17.8,13.9,16.2,1.5,1.5,11.0,13.4,27.4,36,4.65
2023-02-25,14.8,11.7,13.4,3.2,3.2,24.0,20.6,40.7,44,5.44
2023-02-26,12.7,10.7,11.8,1.1,1.1,9.0,17.8,37.8,64,4.04
2023-02-27,19.0,12.2,15.2,0.1,0.1,1.0,24.9,49.3,87,16.15
2023-02-28,23.9,13.5,18.3,0.0,0.0,0.0,18.7,36.0,92,19.04
2023-03-01,21.3,13.1,16.8,0.2,0.2,2.0,12.9,28.4,297,13.95
2023-03-02,17.5,13.2,15.4,0.0,0.0,0.0,19.0,38.5,65,14.1
2023-03-03,18.6,12.7,15.5,0.0,0.0,0.0,19.7,39.2,79,15.76
2023-03-04,18.6,11.2,14.7,0.0,0.0,0.0,12.0,25.6,77,8.93
2023-03-05,19.5,8.5,14.0,0.0,0.0,0.0,15.5,32.0,85,21.98
2023-03-06,21.3,10.5,15.7,0.0,0.0,0.0,19.5,38.5,85,22.21
2023-03-07,23.0,13.4,17.7,0.0,0.0,0.0,16.3,33.1,100,21.98
2023-03-08,24.2,12.4,18.4,0.0,0.0,0.0,11.3,21.6,46,21.29
2023-03-09,23.6,12.0,17.5,0.0,0.0,0.0,8.8,20.5,3,17.69
2023-03-10,23.9,15.0,19.2,0.0,0.0,0.0,22.3,43.9,88,21.69
2023-03-11,24.9,16.9,20.2,0.0,0.0,0.0,17.2,35.3,105,21.97
2023-03-12,25.7,14.4,19.1,2.5,2.5,10.0,18.7,39.2,39,19.06
2023-03-13,15.9,13.5,14.6,1.2,1.2,9.0,18.9,36.4,64,5.64
2023-03-14,22.0,14.3,17.7,0.1,0.1,1.0,18.7,37.4,99,14.44
2023-03-15,25.1,13.9,19.6,0.0,0.0,0.0,10.1,22.3,45,20.2
2023-03-16,24.1,18.0,20.7,2.0,2.0,6.0,21.4,42.8,72,14.9
2023-03-17,24.4,16.8,20.1,0.1,0.1,1.0,11.9,26.6,274,14.88
2023-03-18,20.2,17.3,18.2,0.0,0.0,0.0,20.8,41.0,61,10.2
2023-03-19,22.8,17.6,19.9,0.2,0.2,2.0,19.0,37.1,77,10.17
2023-03-20,26.7,16.9,21.1,0.4,0.4,4.0,12.3,27.4,273,16.83
2023-03-21,27.6,18.4,22.4,0.1,0.1,1.0,13.8,29.2,289,15.96
2023-03-22,30.1,19.3,23.7,0.0,0.0,0.0,18.4,36.7,324,16.48
2023-03-23,30.9,17.7,22.4,0.2,0.2,2.0,20.1,40.3,318,16.7
2023-03-24,22.4,19.5,20.8,0.2,0.2,2.0,13.8,26.3,59,7.91
2023-03-25,23.9,17.1,20.0,13.7,13.7,7.0,20.5,40.0,67,10.19
2023-03-26,18.1,15.6,16.6,5.9,5.9,17.0,14.1,28.8,47,5.66
2023-03-27,20.5,15.6,17.4,3.0,3.0,8.0,21.1,40.7,63,9.05
2023-03-28,20.8,15.4,18.2,0.8,0.8,5.0,21.6,42.5,70,7.67
2023-03-29,24.8,18.7,20.6,3.3,3.3,11.0,14.3,28.8,38,8.88
2023-03-30,21.3,17.5,18.9,0.6,0.6,6.0,10.0,22.3,330,9.37
2023-03-31,21.0,16.6,18.3,5.2,5.2,11.0,9.9,22.7,66,11.28
2023-04-01,21.1,15.6,18.2,9.8,9.8,16.0,11.0,27.7,63,6.93
2023-04-02,23.1,15.5,19.2,0.0,0.0,0.0,15.3,32.4,74,19.97
2023-04-03,25.2,17.3,21.0,0.0,0.0,0.0,21.3,42.5,101,20.67
2023-04-04,26.7,19.7,22.7,0.0,0.0,0.0,18.1,36.0,138,19.02
2023-04-05,28.5,17.8,22.7,2.4,2.4,10.0,9.4,22.3,29,15.42
2023-04-06,27.5,20.2,23.2,0.5,0.5,4.0,17.7,36.0,263,15.86
2023-04-07,21.7,15.8,17.8,8.7,8.7,9.0,14.8,30.6,42,6.03
2023-04-08,19.5,13.3,16.6,0.0,0.0,0.0,24.0,46.4,75,17.07
2023-04-09,22.6,15.9,18.8,0.0,0.0,0.0,17.2,34.6,90,16.6
2023-04-10,26.2,14.5,20.9,0.0,0.0,0.0,16.8,34.6,113,19.18
2023-04-11,27.7,15.9,22.0,0.0,0.0,0.0,11.5,24.5,285,20.57
2023-04-12,28.4,17.7,22.2,0.2,0.2,2.0,23.7,46.8,66,18.92
2023-04-13,29.2,21.8,24.6,0.2,0.2,2.0,22.3,43.6,109,20.84
2023-04-14,29.1,19.5,24.3,0.0,0.0,0.0,14.1,29.9,264,18.81
2023-04-15,23.6,18.3,21.4,16.0,16.0,11.0,15.6,32.4,330,8.38
2023-04-16,29.5,15.1,22.9,0.0,0.0,0.0,12.9,26.6,30,25.81
2023-04-17,30.1,17.3,24.0,0.0,0.0,0.0,8.0,20.2,30,25.18
2023-04-18,32.2,18.8,25.5,0.0,0.0,0.0,13.8,29.2,109,24.1
2023-04-19,30.0,22.2,25.0,2.2,2.2,5.0,22.3,46.1,274,14.19
2023-04-20,24.6,21.1,22.4,6.3,6.3,15.0,20.2,39.6,297,9.96
2023-04-21,23.7,19.5,21.7,5.3,5.3,9.0,10.4,22.7,69,10.06
2023-04-22,23.6,18.7,21.0,0.6,0.6,5.0,16.0,32.0,73,17.23
2023-04-23,27.2,19.5,22.5,0.0,0.0,0.0,16.1,33.5,67,19.72
2023-04-24,23.1,19.8,21.1,3.1,3.1,5.0,13.0,25.9,55,8.24
2023-04-25,23.1,19.1,20.5,2.1,2.1,5.0,13.6,28.4,68,13.2
2023-04-26,20.5,18.8,19.3,4.8,4.8,9.0,18.2,34.6,70,7.54
2023-04-27,25.4,18.8,21.7,0.0,0.0,0.0,17.2,33.5,102,12.84
2023-04-28,29.4,18.1,23.9,0.7,0.7,4.0,10.0,23.4,20,22.02
2023-04-29,30.2,19.6,24.9,0.1,0.1,1.0,15.3,31.3,317,24.22
2023-04-30,21.9,18.7,20.2,1.0,1.0,5.0,19.7,39.6,63,8.87
2023-05-01,24.0,18.6,21.2,0.0,0.0,0.0,22.2,44.6,81,23.34
2023-05-02,29.8,20.9,25.1,0.0,0.0,0.0,20.1,41.0,104,23.43
2023-05-03,31.9,22.2,26.8,0.1,0.1,1.0,10.5,21.6,116,22.71
2023-05-04,31.5,21.5,26.7,0.5,0.5,3.0,9.0,21.2,41,21.33
2023-05-05,33.2,22.9,27.2,2.0,2.0,2.0,12.2,27.7,330,22.44
2023-05-06,31.6,23.6,27.2,4.7,4.7,4.0,12.1,26.6,286,18.22
2023-05-07,27.9,20.3,23.3,52.0,52.0,23.0,12.1,32.0,37,9.0
2023-05-08,22.2,18.7,20.3,23.0,23.0,18.0,12.6,24.1,69,6.16
2023-05-09,22.7,17.2,19.9,0.0,0.0,0.0,15.8,32.0,70,18.4
2023-05-10,25.2,15.8,20.8,0.0,0.0,0.0,18.2,37.4,81,26.85
2023-05-11,27.9,19.4,23.2,0.0,0.0,0.0,15.6,31.3,89,16.48
2023-05-12,27.3,20.1,23.6,0.2,0.2,2.0,13.0,27.0,229,16.69
2023-05-13,24.0,21.5,22.5,2.0,2.0,7.0,7.3,15.8,79,6.87
2023-05-14,24.6,20.4,22.1,0.5,0.5,4.0,12.4,24.8,66,4.96
2023-05-15,28.0,20.3,23.8,0.0,0.0,0.0,6.6,12.6,71,12.84
2023-05-16,29.6,19.2,24.6,0.0,0.0,0.0,21.4,42.5,127,24.59
2023-05-17,31.3,22.4,26.7,0.3,0.3,2.0,14.0,30.2,132,24.01
2023-05-18,33.0,22.4,27.9,0.0,0.0,0.0,32.0,61.6,272,24.65
2023-05-19,27.2,22.2,24.3,13.8,13.8,13.0,17.1,33.8,56,12.01
2023-05-20,29.6,22.0,25.3,8.0,8.0,3.0,15.1,29.2,71,18.4
2023-05-21,29.5,22.1,25.4,18.0,18.0,10.0,9.8,29.9,163,15.78
2023-05-22,31.8,22.6,26.7,19.7,19.7,7.0,27.5,54.7,281,19.58
2023-05-23,24.2,20.1,22.0,11.5,11.5,6.0,15.9,33.5,66,17.35
2023-05-24,27.6,19.8,23.4,1.3,1.3,3.0,16.9,36.4,83,16.84
2023-05-25,29.5,21.5,25.2,0.4,0.4,1.0,11.4,24.5,90,20.19
2023-05-26,30.8,23.9,26.8,5.4,5.4,7.0,17.8,34.2,112,21.56
2023-05-27,29.2,23.7,25.8,0.0,0.0,0.0,22.9,45.0,105,26.88
2023-05-28,31.3,22.6,27.0,0.0,0.0,0.0,22.5,46.1,94,25.31
2023-05-29,31.0,25.4,27.7,0.0,0.0,0.0,24.6,50.0,84,24.52
2023-05-30,28.9,24.9,26.7,6.6,6.6,16.0,24.6,49.0,71,17.28
2023-05-31,27.9,24.5,26.0,24.2,24.2,23.0,20.5,45.7,54,13.76
2023-06-01,28.0,24.7,26.1,8.7,8.7,18.0,19.6,43.9,303,17.29
2023-06-02,31.7,24.1,27.5,4.2,4.2,5.0,15.0,35.6,310,25.28
2023-06-03,30.8,25.0,27.3,2.0,2.0,6.0,14.3,27.4,67,19.7
2023-06-04,31.4,24.2,27.3,20.6,20.6,13.0,12.8,24.8,107,19.14
2023-06-05,31.3,25.3,27.9,4.2,4.2,10.0,9.0,22.3,179,23.47
2023-06-06,31.9,24.6,28.3,1.7,1.7,4.0,16.3,33.1,248,24.79
2023-06-07,32.8,24.5,28.1,2.9,2.9,5.0,11.8,26.6,327,22.82
2023-06-08,32.4,25.1,28.0,8.1,8.1,7.0,14.8,32.8,271,20.06
2023-06-09,30.1,25.3,26.7,23.8,23.8,16.0,16.5,39.2,285,12.92
2023-06-10,29.7,24.5,26.1,27.7,27.7,17.0,15.0,29.9,320,13.2
2023-06-11,28.5,24.0,25.6,30.8,30.8,19.0,12.1,25.9,59,8.28
2023-06-12,29.2,23.6,25.5,10.3,10.3,15.0,15.4,30.6,64,14.63
2023-06-13,31.1,23.1,26.8,0.5,0.5,3.0,13.4,25.2,70,22.9
2023-06-14,30.0,24.5,26.8,2.4,2.4,9.0,10.3,23.0,74,17.53
2023-06-15,29.1,24.2,25.8,2.2,2.2,7.0,19.9,38.2,78,16.46
2023-06-16,28.9,24.4,26.1,14.7,14.7,17.0,13.7,28.4,314,11.53
2023-06-17,28.3,24.2,26.3,1.8,1.8,5.0,5.2,13.0,100,8.88
2023-06-18,31.9,24.5,28.3,1.2,1.2,4.0,18.4,37.4,266,20.17
2023-06-19,32.5,24.5,28.2,0.0,0.0,0.0,19.2,39.2,280,17.72
2023-06-20,32.7,25.2,29.0,0.3,0.3,2.0,19.8,40.3,275,26.6
2023-06-21,33.1,24.8,29.0,1.8,1.8,3.0,18.8,41.0,276,26.22
2023-06-22,32.5,24.6,28.4,1.4,1.4,3.0,17.0,33.8,282,22.51
2023-06-23,30.8,24.3,27.6,5.3,5.3,6.0,10.7,21.6,66,18.4
2023-06-24,33.0,24.0,27.8,2.3,2.3,10.0,14.8,27.7,79,24.43
2023-06-25,32.7,24.2,28.7,0.3,0.3,2.0,10.8,24.1,40,24.08
2023-06-26,33.4,24.3,28.7,2.1,2.1,3.0,14.1,30.2,121,24.52
2023-06-27,33.3,24.2,28.7,0.7,0.7,4.0,18.0,36.0,131,24.85
2023-06-28,31.9,25.5,28.7,0.0,0.0,0.0,10.0,20.5,117,16.36
2023-06-29,34.5,24.9,29.1,0.8,0.8,4.0,14.0,29.5,293,22.23
2023-06-30,33.7,25.1,28.6,7.2,7.2,6.0,12.5,30.2,236,21.33
2023-07-01,32.7,25.5,28.6,9.5,9.5,8.0,10.1,22.7,46,21.07
2023-07-02,33.3,25.5,29.0,5.9,5.9,7.0,8.9,17.6,39,23.18
2023-07-03,33.9,25.8,29.6,2.4,2.4,4.0,17.3,37.1,265,24.86
2023-07-04,34.5,25.3,29.7,0.0,0.0,0.0,21.0,42.5,265,26.67
2023-07-05,34.3,26.1,30.6,0.0,0.0,0.0,33.1,65.2,264,26.39
2023-07-06,35.1,26.7,30.5,0.0,0.0,0.0,21.5,43.6,266,26.59
2023-07-07,35.8,24.9,30.3,0.0,0.0,0.0,22.9,46.8,270,28.04
2023-07-08,35.8,25.1,30.4,0.0,0.0,0.0,22.9,47.5,272,28.21
2023-07-09,36.1,24.6,30.6,0.8,0.8,2.0,16.6,35.6,270,25.39
2023-07-10,35.7,25.8,30.4,2.2,2.2,4.0,12.3,28.1,19,24.55
2023-07-11,35.1,26.5,29.9,3.4,3.4,7.0,9.0,25.6,314,21.52
2023-07-12,34.0,25.9,29.9,1.6,1.6,2.0,10.1,25.2,133,22.61
2023-07-13,35.0,25.8,30.1,1.7,1.7,6.0,16.3,31.0,78,24.79
2023-07-14,37.1,25.1,30.6,0.1,0.1,1.0,20.0,39.6,104,25.46
2023-07-15,36.7,26.0,31.1,0.0,0.0,0.0,23.6,46.1,115,26.07
2023-07-16,34.4,26.8,30.4,0.2,0.2,2.0,33.2,65.2,111,24.76
2023-07-17,34.4,25.8,29.7,7.5,7.5,4.0,10.9,28.4,6,20.97
2023-07-18,33.6,26.3,29.5,6.7,6.7,9.0,9.3,25.6,284,18.63
2023-07-19,33.7,25.8,29.3,8.7,8.7,9.0,10.9,25.6,68,20.43
2023-07-20,34.3,24.9,28.6,4.4,4.4,10.0,10.3,25.6,26,21.34
2023-07-21,33.9,25.6,29.4,1.7,1.7,7.0,7.1,17.6,309,22.2
2023-07-22,33.9,25.8,29.5,4.6,4.6,6.0,11.1,25.9,354,22.8
2023-07-23,34.5,25.6,29.0,2.3,2.3,4.0,11.3,28.1,54,20.77
2023-07-24,35.5,25.3,30.1,0.4,0.4,3.0,20.9,40.0,102,23.19
2023-07-25,34.0,26.9,29.7,0.9,0.9,7.0,28.0,56.5,91,24.6
2023-07-26,29.7,25.1,27.1,17.8,17.8,24.0,32.4,62.3,87,14.75
2023-07-27,29.4,26.2,27.6,7.8,7.8,17.0,37.5,73.4,103,12.41
2023-07-28,28.8,25.2,27.3,7.8,7.8,13.0,46.2,87.8,121,4.76
2023-07-29,33.5,24.9,28.5,1.4,1.4,8.0,6.3,17.6,32,18.87
2023-07-30,32.0,25.5,28.2,2.0,2.0,6.0,8.6,18.4,44,17.0
2023-07-31,32.8,25.3,28.6,0.2,0.2,2.0,12.0,26.6,65,22.49
2023-08-01,31.4,24.7,27.5,4.7,4.7,20.0,9.4,22.3,315,19.09
2023-08-02,30.9,25.2,27.7,12.2,12.2,23.0,17.8,40.0,278,18.11
2023-08-03,28.7,24.2,26.6,38.6,38.6,21.0,35.3,68.4,261,6.73
2023-08-04,32.3,26.8,29.5,3.8,3.8,8.0,41.9,82.1,258,12.91
2023-08-05,33.4,28.2,30.5,4.8,4.8,6.0,33.9,68.0,266,23.44
2023-08-06,35.1,28.4,30.9,1.3,1.3,3.0,25.5,50.4,275,24.84
2023-08-07,34.5,27.8,30.4,0.0,0.0,0.0,22.0,44.3,274,26.17
2023-08-08,31.2,27.7,29.4,4.5,4.5,7.0,14.4,39.2,289,13.12
2023-08-09,34.5,26.9,30.1,0.8,0.8,2.0,22.0,45.7,273,24.33
2023-08-10,33.0,25.4,28.3,13.0,13.0,8.0,9.8,24.8,360,19.48
2023-08-11,31.9,25.0,27.0,14.6,14.6,12.0,8.7,19.8,59,15.81
2023-08-12,32.9,24.7,28.0,5.7,5.7,5.0,10.5,28.4,21,21.1
2023-08-13,33.1,24.7,28.4,11.4,11.4,3.0,12.0,33.5,135,22.22
2023-08-14,33.6,25.2,29.4,0.1,0.1,1.0,23.3,49.7,256,25.0
2023-08-15,34.0,26.1,30.0,0.1,0.1,1.0,21.1,49.3,264,24.48
2023-08-16,30.4,25.1,27.0,25.5,25.5,19.0,17.5,37.1,295,11.04
2023-08-17,30.5,23.8,26.5,27.1,27.1,14.0,10.9,32.4,2,17.74
2023-08-18,31.9,23.3,26.6,1.1,1.1,5.0,11.9,27.4,34,17.32
2023-08-19,32.3,24.6,27.1,9.9,9.9,10.0,12.0,26.6,115,15.57
2023-08-20,31.2,24.0,26.7,18.9,18.9,7.0,11.4,25.2,294,16.87
2023-08-21,32.3,25.1,28.5,1.3,1.3,5.0,9.9,24.5,250,22.45
2023-08-22,32.9,25.0,28.5,3.9,3.9,4.0,12.4,29.2,264,23.02
2023-08-23,32.4,25.4,28.4,6.1,6.1,4.0,4.4,15.5,40,16.92
2023-08-24,32.4,25.7,28.2,12.2,12.2,9.0,5.2,17.6,55,17.3
2023-08-25,33.3,23.8,28.5,2.4,2.4,3.0,15.0,32.4,74,23.33
2023-08-26,32.8,25.2,28.8,0.7,0.7,4.0,18.7,38.5,90,23.13
2023-08-27,33.7,24.1,28.7,10.6,10.6,2.0,7.6,25.6,72,22.84
2023-08-28,33.2,25.8,28.9,3.7,3.7,6.0,11.9,28.1,36,20.95
2023-08-29,33.4,25.8,29.4,0.0,0.0,0.0,25.0,48.6,94,24.27
2023-08-30,31.8,26.7,29.0,1.4,1.4,11.0,30.4,60.1,90,22.8
2023-08-31,30.9,26.3,28.1,4.6,4.6,15.0,25.2,51.8,82,19.34
2023-09-01,31.4,25.3,27.8,10.2,10.2,15.0,19.9,40.3,70,18.64
2023-09-02,30.8,25.6,27.8,6.0,6.0,18.0,22.8,45.7,71,17.58
2023-09-03,28.0,25.8,26.8,15.0,15.0,24.0,39.8,78.5,74,5.5
2023-09-04,28.4,25.9,27.0,16.1,16.1,24.0,35.3,68.4,85,7.88
2023-09-05,32.2,26.0,28.6,0.5,0.5,3.0,17.0,34.6,92,20.13
2023-09-06,30.5,25.5,27.3,11.2,11.2,12.0,13.6,26.6,66,14.39
2023-09-07,28.9,25.2,26.3,46.9,46.9,17.0,18.4,36.4,74,10.0
2023-09-08,29.4,24.1,26.3,2.9,2.9,10.0,16.4,34.2,74,14.75
2023-09-09,30.0,21.6,25.9,0.0,0.0,0.0,14.8,29.5,69,22.11
2023-09-10,30.5,21.6,25.8,0.0,0.0,0.0,16.0,32.8,75,24.58
2023-09-11,30.7,20.9,25.8,0.0,0.0,0.0,14.8,29.9,74,24.16
2023-09-12,32.0,22.3,26.9,0.0,0.0,0.0,13.0,27.7,79,23.82
2023-09-13,32.2,23.5,27.3,0.8,0.8,4.0,11.6,26.6,40,21.52
2023-09-14,32.9,23.9,27.8,0.2,0.2,2.0,17.9,34.6,73,22.69
2023-09-15,32.3,23.9,27.2,1.4,1.4,3.0,9.4,22.3,276,19.23
2023-09-16,32.9,24.2,28.1,0.1,0.1,1.0,7.6,19.4,329,22.33
2023-09-17,32.7,25.3,28.7,0.1,0.1,1.0,7.9,19.8,350,21.98
2023-09-18,33.8,24.5,28.5,1.1,1.1,3.0,13.7,26.6,79,21.27
2023-09-19,33.3,23.8,28.3,0.0,0.0,0.0,21.2,41.8,96,22.62
2023-09-20,33.7,23.7,28.5,0.1,0.1,1.0,7.9,16.6,81,20.16
2023-09-21,31.8,24.3,27.6,3.2,3.2,8.0,14.1,27.0,77,14.98
2023-09-22,32.8,24.8,28.4,1.0,1.0,6.0,22.0,43.9,82,20.64
2023-09-23,32.6,25.4,28.7,0.0,0.0,0.0,23.2,46.8,88,20.8
2023-09-24,33.7,25.9,29.2,0.0,0.0,0.0,20.9,40.7,92,22.33
2023-09-25,32.6,24.9,28.6,0.7,0.7,3.0,20.2,41.0,76,20.42
2023-09-26,32.5,25.7,28.6,0.6,0.6,5.0,17.9,37.4,72,21.24
2023-09-27,32.2,25.1,28.1,0.7,0.7,4.0,20.6,42.5,73,20.5
2023-09-28,32.3,24.9,28.3,0.1,0.1,1.0,22.2,45.0,76,19.43
2023-09-29,31.9,24.9,28.1,0.6,0.6,5.0,21.7,44.6,76,18.87
2023-09-30,32.4,25.1,28.4,0.2,0.2,2.0,17.7,36.4,72,20.1
2023-10-01,31.9,25.6,27.7,1.8,1.8,10.0,21.2,43.2,69,16.96
2023-10-02,29.5,23.6,26.4,0.0,0.0,0.0,18.7,37.8,69,9.94
2023-10-03,30.3,23.2,26.2,10.0,10.0,10.0,19.7,40.3,55,8.74
2023-10-04,27.1,25.4,25.9,28.5,28.5,24.0,23.9,47.9,35,3.66
2023-10-05,29.6,25.2,26.6,8.7,8.7,23.0,34.6,68.4,68,11.93
2023-10-06,29.1,25.1,26.7,1.1,1.1,6.0,38.1,72.4,79,14.38
2023-10-07,30.7,24.1,26.6,4.3,4.3,12.0,10.4,21.6,271,12.95
2023-10-08,28.1,24.2,25.7,25.9,25.9,18.0,13.6,29.2,60,9.75
2023-10-09,26.2,23.6,24.7,19.1,19.1,24.0,23.0,44.6,53,7.1
2023-10-10,26.2,23.1,24.4,4.6,4.6,23.0,19.5,37.8,62,8.04
2023-10-11,26.0,22.3,23.9,17.3,17.3,8.0,19.3,40.0,71,8.21
2023-10-12,27.0,21.6,24.2,0.0,0.0,0.0,15.0,30.6,70,14.1
2023-10-13,27.8,20.7,24.1,0.0,0.0,0.0,16.5,33.5,72,18.27
2023-10-14,26.9,19.3,23.0,1.0,1.0,5.0,12.2,24.8,67,14.85
2023-10-15,26.4,19.4,22.7,0.0,0.0,0.0,14.3,30.2,76,17.27
2023-10-16,27.1,19.4,23.2,0.0,0.0,0.0,22.3,43.9,83,18.5
2023-10-17,27.3,20.8,23.8,0.0,0.0,0.0,22.1,44.6,86,17.09
2023-10-18,30.0,22.6,25.5,0.0,0.0,0.0,19.7,38.2,89,18.21
2023-10-19,31.1,21.5,25.9,0.3,0.3,1.0,17.6,35.3,101,19.13
2023-10-20,28.0,21.6,24.2,6.4,6.4,16.0,15.6,35.3,13,10.38
2023-10-21,23.6,21.1,22.0,1.4,1.4,13.0,19.8,40.0,68,4.54
2023-10-22,24.6,21.6,23.0,7.1,7.1,10.0,20.8,41.4,80,7.7
2023-10-23,28.5,22.5,24.9,0.0,0.0,0.0,23.7,45.7,87,15.31
2023-10-24,30.3,21.3,24.9,0.7,0.7,3.0,10.9,26.6,66,16.14
2023-10-25,28.9,22.1,24.8,0.0,0.0,0.0,18.8,38.2,77,17.48
2023-10-26,29.8,21.9,25.3,0.1,0.1,1.0,17.2,35.3,78,17.48
2023-10-27,25.5,22.1,23.7,1.3,1.3,7.0,16.6,34.9,70,9.17
2023-10-28,23.5,20.6,21.8,18.5,18.5,12.0,20.4,41.4,79,8.1
2023-10-29,23.8,20.2,21.6,1.4,1.4,7.0,19.8,39.2,68,9.71
2023-10-30,25.7,20.2,22.5,0.8,0.8,5.0,11.8,26.6,62,11.53
2023-10-31,26.3,20.7,23.2,1.5,1.5,9.0,25.4,50.4,78,15.46
2023-11-01,27.8,21.0,24.2,0.0,0.0,0.0,22.0,43.6,89,15.88
2023-11-02,29.9,21.3,25.0,0.0,0.0,0.0,15.7,35.3,95,17.42
2023-11-03,30.3,19.4,24.6,0.2,0.2,2.0,9.8,20.5,70,17.01
2023-11-04,31.1,19.6,25.1,0.0,0.0,0.0,9.7,23.8,83,17.61
2023-11-05,31.4,20.4,25.7,0.0,0.0,0.0,7.6,20.5,320,17.44
2023-11-06,32.0,21.4,25.2,1.3,1.3,8.0,16.1,32.4,25,16.61
2023-11-07,24.7,21.4,22.6,0.1,0.1,1.0,22.3,44.6,76,14.81
2023-11-08,28.9,21.7,24.6,0.0,0.0,0.0,21.5,43.2,91,16.96
2023-11-09,31.4,20.8,25.7,0.0,0.0,0.0,18.3,37.8,97,16.61
2023-11-10,30.5,22.3,24.9,2.5,2.5,13.0,15.5,33.5,42,14.18
2023-11-11,24.1,21.1,22.4,1.1,1.1,11.0,17.7,36.0,61,6.49
2023-11-12,23.2,19.1,21.1,1.9,1.9,15.0,21.7,43.2,55,5.98
2023-11-13,19.1,17.9,18.4,1.3,1.3,10.0,22.0,42.5,57,5.09
2023-11-14,20.7,18.1,19.3,1.1,1.1,11.0,17.1,34.2,68,4.3
2023-11-15,23.4,19.4,21.1,0.0,0.0,0.0,24.7,49.7,81,7.91
2023-11-16,23.8,17.7,20.4,4.9,4.9,16.0,20.6,42.8,342,6.56
2023-11-17,19.8,11.1,16.2,0.1,0.1,1.0,12.5,27.7,14,15.7
2023-11-18,20.2,10.7,15.0,0.0,0.0,0.0,17.6,37.1,76,15.91
2023-11-19,23.5,10.6,16.8,0.0,0.0,0.0,16.2,33.8,75,14.86
2023-11-20,24.5,15.4,19.8,0.0,0.0,0.0,22.4,44.6,78,14.72
2023-11-21,25.6,17.7,21.3,0.0,0.0,0.0,21.0,42.5,89,14.08
2023-11-22,27.3,17.1,21.7,0.0,0.0,0.0,16.0,33.1,81,16.36
2023-11-23,27.4,15.9,20.7,0.0,0.0,0.0,16.3,33.8,71,15.96
2023-11-24,21.7,17.4,19.5,0.0,0.0,0.0,28.3,54.7,63,6.22
2023-11-25,22.0,17.8,19.5,0.7,0.7,5.0,26.5,51.8,72,8.85
2023-11-26,22.0,18.7,20.2,0.2,0.2,2.0,20.3,41.0,64,6.52
2023-11-27,24.7,17.3,20.5,0.0,0.0,0.0,13.3,29.2,71,12.66
2023-11-28,24.5,16.7,20.4,0.0,0.0,0.0,27.5,53.3,88,16.48
2023-11-29,28.8,20.2,23.4,0.0,0.0,0.0,20.5,43.2,79,10.89
2023-11-30,22.8,18.8,20.8,2.5,2.5,11.0,25.5,49.3,58,5.05
2023-12-01,18.3,15.6,16.9,10.0,10.0,13.0,21.3,41.8,59,3.55
2023-12-02,20.0,15.5,17.6,2.5,2.5,5.0,23.1,44.3,71,5.34
2023-12-03,20.1,18.1,18.8,5.7,5.7,16.0,18.2,36.4,67,4.86
2023-12-04,21.7,18.8,19.7,28.2,28.2,23.0,11.5,25.9,60,4.38
2023-12-05,20.3,18.4,19.2,1.1,1.1,7.0,10.0,19.1,54,3.5
2023-12-06,19.7,15.8,18.4,4.7,4.7,14.0,9.2,19.4,27,2.74
2023-12-07,21.9,13.4,17.8,0.0,0.0,0.0,20.6,41.0,83,15.06
2023-12-08,26.2,14.4,19.7,0.0,0.0,0.0,11.6,25.6,70,14.92
2023-12-09,26.7,15.4,20.5,0.0,0.0,0.0,7.4,14.0,64,13.72
2023-12-10,29.1,17.3,22.5,0.0,0.0,0.0,8.0,15.5,63,12.65
2023-12-11,29.5,20.0,24.1,0.0,0.0,0.0,8.5,18.7,284,13.88
2023-12-12,22.4,18.3,20.3,2.8,2.8,6.0,16.2,31.7,58,4.19
2023-12-13,23.5,18.0,20.3,0.0,0.0,0.0,24.1,46.8,79,8.8
2023-12-14,28.1,17.4,21.9,0.0,0.0,0.0,7.4,19.1,57,13.99
2023-12-15,27.4,18.3,22.1,0.0,0.0,0.0,8.9,21.6,160,13.83
2023-12-16,20.8,12.4,15.7,3.1,3.1,23.0,20.5,41.0,39,3.67
2023-12-17,15.4,12.0,13.5,1.3,1.3,7.0,25.0,47.9,63,4.66
2023-12-18,23.3,15.5,18.6,0.4,0.4,4.0,24.6,48.2,82,11.08
2023-12-19,20.3,15.8,17.6,0.9,0.9,8.0,12.6,25.6,27,4.64
2023-12-20,16.6,13.7,15.1,3.0,3.0,24.0,14.3,29.9,30,2.88
2023-12-21,13.7,9.5,11.6,2.9,2.9,24.0,21.9,44.3,46,3.12
2023-12-22,12.1,8.4,10.3,0.3,0.3,2.0,22.6,44.6,51,6.2
2023-12-23,17.3,12.3,14.8,1.0,1.0,9.0,21.3,43.2,77,4.72
2023-12-24,16.1,13.4,14.6,1.7,1.7,13.0,18.2,37.8,45,4.02
2023-12-25,15.3,12.1,13.7,0.0,0.0,0.0,21.9,42.8,66,9.0
2023-12-26,21.7,12.9,17.3,0.0,0.0,0.0,22.3,43.9,93,15.13
2023-12-27,25.7,13.7,19.5,0.2,0.2,1.0,13.1,25.6,68,12.02
2023-12-28,20.5,17.7,19.0,8.2,8.2,16.0,7.4,20.2,64,2.19
2023-12-29,21.1,16.8,18.9,0.0,0.0,0.0,16.6,34.9,71,6.5
2023-12-30,24.2,16.7,19.8,0.0,0.0,0.0,7.6,16.9,354,10.67
2023-12-31,22.7,15.7,18.4,0.0,0.0,0.0,22.1,44.3,61,9.72
2024-01-01,18.6,14.4,16.5,0.0,0.0,0.0,21.3,41.4,71,8.9
2024-01-02,23.5,12.7,17.3,0.0,0.0,0.0,20.1,40.3,91,14.84
2024-01-03,17.1,12.0,15.0,1.3,1.3,6.0,14.8,29.5,5,3.09
2024-01-04,19.8,10.7,15.1,0.0,0.0,0.0,20.5,41.4,92,14.37
2024-01-05,22.2,11.5,16.3,0.0,0.0,0.0,8.8,21.6,358,14.71
2024-01-06,22.7,13.5,16.7,0.0,0.0,0.0,12.3,24.5,67,13.06
2024-01-07,18.8,13.6,16.3,0.0,0.0,0.0,18.7,37.4,62,11.16
2024-01-08,21.8,15.0,17.9,0.0,0.0,0.0,24.5,47.9,92,12.11
2024-01-09,22.9,14.3,17.7,3.9,3.9,3.0,11.7,23.8,47,12.01
2024-01-10,18.5,9.6,14.8,2.2,2.2,9.0,17.9,37.4,33,7.69
2024-01-11,17.1,8.9,12.7,0.0,0.0,0.0,17.4,36.7,74,16.23
2024-01-12,21.4,8.3,14.6,0.0,0.0,0.0,14.2,29.5,66,16.0
2024-01-13,21.8,12.6,16.9,0.0,0.0,0.0,22.0,43.9,83,16.28
2024-01-14,25.1,14.7,18.9,0.0,0.0,0.0,14.9,30.6,97,15.7
2024-01-15,20.4,12.1,16.2,1.3,1.3,11.0,21.9,43.2,56,8.57
2024-01-16,19.8,15.2,17.0,0.0,0.0,0.0,24.4,48.6,77,7.98
2024-01-17,24.9,15.8,19.3,0.0,0.0,0.0,19.0,38.5,92,15.89
2024-01-18,25.0,13.4,18.6,0.0,0.0,0.0,7.3,21.2,15,14.34
2024-01-19,24.5,14.8,19.5,0.4,0.4,3.0,17.5,36.7,64,11.81
2024-01-20,24.5,16.6,19.2,0.9,0.9,8.0,14.2,31.0,4,9.52
2024-01-21,16.8,14.2,15.2,3.7,3.7,15.0,14.8,31.0,43,5.47
2024-01-22,15.4,9.5,13.3,2.9,2.9,22.0,19.1,38.5,39,3.41
2024-01-23,9.6,7.3,8.4,11.5,11.5,15.0,17.4,35.3,14,3.64
2024-01-24,12.1,7.9,9.9,0.1,0.1,1.0,19.0,38.2,54,7.11
2024-01-25,14.6,10.6,12.2,0.2,0.2,2.0,12.5,25.9,62,4.02
2024-01-26,15.5,11.6,13.4,0.0,0.0,0.0,14.3,29.5,72,7.12
2024-01-27,15.5,13.0,13.9,1.1,1.1,5.0,11.6,24.1,61,4.0
2024-01-28,15.0,12.0,13.4,3.1,3.1,8.0,19.4,38.2,71,6.65
2024-01-29,23.1,14.2,17.1,6.7,6.7,11.0,16.2,34.2,86,10.56
2024-01-30,21.0,14.6,17.5,0.1,0.1,1.0,8.4,16.9,52,6.53
2024-01-31,25.3,14.9,19.8,0.0,0.0,0.0,7.6,19.1,1,13.08
2024-02-01,28.0,16.3,21.4,0.0,0.0,0.0,6.8,18.0,36,16.19
2024-02-02,21.3,18.2,19.5,0.1,0.1,1.0,13.0,27.4,59,4.78
2024-02-03,24.8,18.0,20.2,0.0,0.0,0.0,11.6,27.4,72,11.6
2024-02-04,23.4,15.9,20.1,1.1,1.1,5.0,18.9,37.8,71,9.65
2024-02-05,18.7,15.0,16.3,6.7,6.7,14.0,21.0,40.7,67,5.98
2024-02-06,19.6,14.7,16.8,0.1,0.1,1.0,20.4,40.3,72,7.22
2024-02-07,18.7,13.6,15.8,6.0,6.0,17.0,13.7,29.2,55,5.13
2024-02-08,15.2,12.8,13.7,12.6,12.6,13.0,13.0,25.9,48,3.95
2024-02-09,13.2,12.2,12.6,9.8,9.8,10.0,12.0,24.5,21,4.28
2024-02-10,16.3,9.9,13.3,0.0,0.0,0.0,15.5,32.4,66,13.14
2024-02-11,19.5,6.5,13.2,0.0,0.0,0.0,17.9,36.0,72,19.92
2024-02-12,20.8,11.1,15.8,0.0,0.0,0.0,23.5,46.8,103,19.73
2024-02-13,23.3,11.0,17.1,0.0,0.0,0.0,9.6,23.8,66,18.96
2024-02-14,25.4,14.3,19.0,0.0,0.0,0.0,7.6,19.1,343,19.66
2024-02-15,26.2,13.8,19.7,0.4,0.4,2.0,16.9,33.5,337,19.1
2024-02-16,17.7,14.6,15.7,0.1,0.1,1.0,14.4,29.9,60,7.18
2024-02-17,24.6,12.5,18.2,0.0,0.0,0.0,7.5,19.4,12,14.64
2024-02-18,26.1,13.2,19.5,0.0,0.0,0.0,8.9,22.0,3,14.78
2024-02-19,29.1,16.5,22.4,0.0,0.0,0.0,12.0,24.8,335,16.96
2024-02-20,29.1,18.9,23.5,0.0,0.0,0.0,9.9,24.5,357,16.54
2024-02-21,29.6,18.5,23.4,0.0,0.0,0.0,9.4,23.8,3,16.67
2024-02-22,24.4,16.8,20.1,0.7,0.7,4.0,19.5,40.3,55,7.91
2024-02-23,17.4,14.7,15.8,0.0,0.0,0.0,17.6,34.9,58,6.69
2024-02-24,18.7,14.8,16.4,0.0,0.0,0.0,21.3,41.4,61,8.33
2024-02-25,16.2,12.3,14.1,1.5,1.5,11.0,20.9,41.4,58,5.32
2024-02-26,16.1,11.8,13.6,0.9,0.9,7.0,17.4,36.0,65,6.67
2024-02-27,15.9,13.3,14.5,4.0,4.0,11.0,12.0,24.5,64,4.45
2024-02-28,23.0,15.1,17.5,0.0,0.0,0.0,17.0,33.8,64,10.82
2024-02-29,26.4,15.6,18.5,0.7,0.7,3.0,13.3,31.0,334,15.59
2024-03-01,14.7,11.1,12.7,24.6,24.6,23.0,14.2,30.2,26,5.17
2024-03-02,13.6,11.0,12.2,7.1,7.1,18.0,13.6,28.4,56,4.02
2024-03-03,18.7,12.5,15.5,0.1,0.1,1.0,20.8,40.7,78,7.45
2024-03-04,24.7,12.0,18.4,0.0,0.0,0.0,11.8,29.2,325,19.71
2024-03-05,30.5,14.7,22.0,0.0,0.0,0.0,18.6,38.9,317,20.51
2024-03-06,24.8,14.3,17.6,7.4,7.4,18.0,23.1,45.4,2,5.18
2024-03-07,17.2,13.8,14.8,10.0,10.0,15.0,13.4,27.7,55,6.11
2024-03-08,16.5,9.4,13.6,2.5,2.5,6.0,17.4,36.0,65,16.6
2024-03-09,14.9,8.4,12.4,0.1,0.1,1.0,18.0,34.9,79,7.04
2024-03-10,20.5,12.8,16.9,0.0,0.0,0.0,23.8,46.1,88,11.83
2024-03-11,19.6,15.1,16.7,18.1,18.1,16.0,11.3,24.5,293,6.34
2024-03-12,21.5,12.5,16.4,0.1,0.1,1.0,13.2,24.8,80,23.08
2024-03-13,21.4,13.5,17.6,0.0,0.0,0.0,25.4,49.7,94,19.23
2024-03-14,23.0,13.8,18.2,0.0,0.0,0.0,10.8,23.4,93,11.07
2024-03-15,21.2,14.3,18.0,0.5,0.5,3.0,7.8,15.8,60,5.17
2024-03-16,25.3,14.3,19.2,0.0,0.0,0.0,6.2,13.0,348,11.01
2024-03-17,27.2,16.7,21.1,0.7,0.7,5.0,13.3,33.1,334,18.77
2024-03-18,20.0,17.3,18.3,0.0,0.0,0.0,22.0,43.6,71,9.81
2024-03-19,17.9,11.1,15.2,4.2,4.2,8.0,12.4,27.7,6,10.34
2024-03-20,18.6,9.4,14.3,0.0,0.0,0.0,22.9,45.7,81,21.13
2024-03-21,22.0,12.8,17.3,0.0,0.0,0.0,23.0,45.7,97,22.47
2024-03-22,26.9,13.1,19.4,0.0,0.0,0.0,11.3,25.9,82,17.79
2024-03-23,29.9,15.9,22.7,2.9,2.9,5.0,13.8,30.2,251,18.61
2024-03-24,30.6,20.6,25.1,1.5,1.5,2.0,12.3,33.1,290,19.57
2024-03-25,31.7,19.6,25.0,1.3,1.3,4.0,14.8,32.8,268,19.11
2024-03-26,23.5,17.0,20.1,1.5,1.5,3.0,22.3,46.1,66,10.24
2024-03-27,26.9,17.8,21.3,0.0,0.0,0.0,23.8,46.1,90,17.56
2024-03-28,28.7,17.8,23.0,0.6,0.6,3.0,24.6,51.5,261,16.0
2024-03-29,26.9,19.3,22.7,0.4,0.4,3.0,14.8,30.2,72,16.19
2024-03-30,29.4,19.1,23.2,3.6,3.6,8.0,10.6,28.8,304,12.3
2024-03-31,29.6,20.3,25.1,0.6,0.6,1.0,25.4,54.0,285,13.36
2024-04-01,27.8,19.5,23.2,19.5,19.5,6.0,20.2,41.0,82,19.07
2024-04-02,31.8,19.7,25.1,0.0,0.0,0.0,12.7,27.4,267,20.4
2024-04-03,32.7,21.1,26.3,0.0,0.0,0.0,18.4,38.9,269,21.77
2024-04-04,29.3,20.9,25.0,2.0,2.0,8.0,9.7,20.9,21,13.29
2024-04-05,22.6,19.7,21.0,0.9,0.9,4.0,17.9,35.6,62,7.51
2024-04-06,26.8,19.8,22.1,8.9,8.9,14.0,16.8,35.3,62,11.34
2024-04-07,25.6,20.3,22.5,6.5,6.5,10.0,15.0,32.0,69,10.78
2024-04-08,26.5,20.2,23.1,15.3,15.3,15.0,15.6,39.6,311,14.88
2024-04-09,19.7,18.6,19.0,9.6,9.6,14.0,17.6,33.5,72,6.81
2024-04-10,25.9,19.5,22.4,0.0,0.0,0.0,23.9,47.2,88,18.01
2024-04-11,30.0,19.3,24.3,0.0,0.0,0.0,7.6,24.5,344,22.02
2024-04-12,30.3,20.9,24.7,3.5,3.5,4.0,14.1,36.4,273,19.42
2024-04-13,30.4,20.9,25.1,4.1,4.1,6.0,16.1,32.4,71,20.48
2024-04-14,30.3,22.1,25.6,0.0,0.0,0.0,17.4,37.1,260,17.88
2024-04-15,32.5,22.0,26.7,1.0,1.0,3.0,14.1,33.8,286,22.44
2024-04-16,32.0,22.8,26.7,0.8,0.8,2.0,16.7,37.1,323,19.8
2024-04-17,32.2,22.0,26.4,0.0,0.0,0.0,21.2,47.2,264,22.64
2024-04-18,24.8,21.0,23.3,2.9,2.9,5.0,20.8,39.6,52,13.79
2024-04-19,29.7,20.6,24.9,0.0,0.0,0.0,15.2,33.8,98,18.59
2024-04-20,31.1,21.6,26.2,0.8,0.8,3.0,18.2,37.4,254,19.39
2024-04-21,32.0,21.7,26.3,0.4,0.4,1.0,14.3,31.7,299,18.7
2024-04-22,28.4,22.4,24.9,2.6,2.6,8.0,15.5,35.6,289,10.79
2024-04-23,30.4,22.6,25.4,8.6,8.6,11.0,14.6,36.7,286,15.93
2024-04-24,23.6,19.9,21.7,27.6,27.6,20.0,19.6,41.0,60,6.78
2024-04-25,27.8,20.2,23.5,13.0,13.0,8.0,14.9,30.2,69,9.17
2024-04-26,26.4,21.5,23.6,12.1,12.1,11.0,8.1,19.4,7,7.92
2024-04-27,27.5,21.7,24.6,1.1,1.1,6.0,12.7,27.7,304,15.02
2024-04-28,28.9,23.0,24.9,4.3,4.3,10.0,18.9,36.7,291,11.32
2024-04-29,32.2,21.2,26.7,0.1,0.1,1.0,19.4,39.2,283,25.44
2024-04-30,30.5,22.7,25.8,2.6,2.6,7.0,28.3,54.7,282,16.96
2024-05-01,25.5,20.8,23.3,13.7,13.7,21.0,10.5,22.7,31,8.17
2024-05-02,24.2,20.1,21.6,5.9,5.9,9.0,17.1,34.6,67,11.31
2024-05-03,26.5,20.2,23.2,0.0,0.0,0.0,19.6,39.6,70,14.13
2024-05-04,30.5,21.8,25.8,8.5,8.5,5.0,14.4,29.2,96,21.55
2024-05-05,29.9,22.2,25.6,1.2,1.2,4.0,10.8,24.8,202,17.78
2024-05-06,28.8,22.9,25.7,2.4,2.4,11.0,17.9,39.2,298,21.82
2024-05-07,28.2,23.0,25.0,0.0,0.0,0.0,20.6,41.0,74,18.4
2024-05-08,28.1,21.6,24.0,0.5,0.5,3.0,23.0,46.1,74,19.52
2024-05-09,25.0,19.2,22.4,0.0,0.0,0.0,23.4,46.8,83,25.35
2024-05-10,29.9,20.6,24.7,0.0,0.0,0.0,19.2,38.9,100,24.05
2024-05-11,30.6,21.1,25.6,0.0,0.0,0.0,8.1,20.9,244,18.38
2024-05-12,31.4,22.2,25.8,32.2,32.2,12.0,16.0,39.2,261,19.31
2024-05-13,23.5,18.7,21.3,2.8,2.8,9.0,17.7,35.6,59,11.57
2024-05-14,24.9,18.3,21.4,0.7,0.7,3.0,15.9,33.5,70,16.82
2024-05-15,26.4,15.9,21.0,0.0,0.0,0.0,13.7,30.6,63,27.59
2024-05-16,25.3,15.9,21.3,0.0,0.0,0.0,22.7,45.4,87,25.48
2024-05-17,30.0,19.6,24.5,0.9,0.9,3.0,12.7,26.3,102,23.26
2024-05-18,29.6,20.2,24.6,3.7,3.7,4.0,19.9,41.4,71,24.47
2024-05-19,30.9,23.3,26.3,5.3,5.3,3.0,19.5,39.2,87,22.29
2024-05-20,29.9,23.4,26.0,0.7,0.7,5.0,22.8,46.8,77,12.73
2024-05-21,26.6,23.4,24.8,15.9,15.9,16.0,12.6,25.2,66,5.66
2024-05-22,28.8,23.2,25.0,6.4,6.4,18.0,11.6,26.6,299,12.91
2024-05-23,27.8,22.9,25.2,1.5,1.5,10.0,9.2,18.4,60,9.1
2024-05-24,29.1,22.9,25.6,2.7,2.7,11.0,11.9,27.4,267,14.57
2024-05-25,30.0,23.3,26.5,3.1,3.1,9.0,16.2,32.4,85,13.53
2024-05-26,30.5,24.0,26.8,9.1,9.1,17.0,13.8,31.3,235,19.45
2024-05-27,30.6,23.3,26.5,13.9,13.9,8.0,11.2,32.4,356,17.14
2024-05-28,27.0,22.2,24.0,44.7,44.7,7.0,15.5,37.8,42,7.74
2024-05-29,26.4,21.7,23.9,0.0,0.0,0.0,20.5,40.0,79,10.95
2024-05-30,31.8,22.7,26.7,15.7,15.7,5.0,12.2,26.3,80,19.18
2024-05-31,32.5,25.0,27.7,13.5,13.5,7.0,12.3,33.8,271,18.66
2024-06-01,29.2,24.5,26.4,7.8,7.8,14.0,13.0,34.2,315,10.9
2024-06-02,26.2,21.4,24.0,63.7,63.7,22.0,17.4,35.6,62,4.66
2024-06-03,26.1,20.9,22.9,1.2,1.2,5.0,14.5,29.9,66,17.62
2024-06-04,26.8,21.8,24.3,0.1,0.1,1.0,20.0,38.5,83,9.14
2024-06-05,26.0,23.4,24.5,20.5,20.5,18.0,11.8,31.0,91,7.21
2024-06-06,26.0,22.7,24.0,2.5,2.5,15.0,11.2,24.8,292,8.86
2024-06-07,29.0,22.2,25.3,1.5,1.5,6.0,8.2,22.3,260,14.57
2024-06-08,30.2,22.8,26.1,0.4,0.4,3.0,7.7,22.3,270,17.74
2024-06-09,30.1,23.6,26.4,39.6,39.6,12.0,16.2,36.7,271,19.32
2024-06-10,30.9,24.4,27.2,2.9,2.9,5.0,19.3,42.5,256,15.54
2024-06-11,32.5,24.9,28.5,1.1,1.1,5.0,27.5,54.0,277,22.97
2024-06-12,32.7,26.0,29.3,0.3,0.3,2.0,26.3,51.1,262,22.33
2024-06-13,32.2,25.7,28.6,1.1,1.1,3.0,24.3,50.4,263,16.44
2024-06-14,32.3,25.6,28.4,2.3,2.3,7.0,22.3,47.5,273,18.5
2024-06-15,32.4,25.8,28.9,0.0,0.0,0.0,23.4,46.4,281,18.57
2024-06-16,33.6,25.6,28.7,0.7,0.7,3.0,11.2,33.5,52,17.7
2024-06-17,31.4,25.3,28.2,1.5,1.5,4.0,10.2,22.3,308,13.13
2024-06-18,29.2,25.7,27.5,2.4,2.4,7.0,6.2,20.9,7,7.95
2024-06-19,32.0,24.6,27.8,16.1,16.1,7.0,12.6,27.7,234,20.54
2024-06-20,32.5,24.5,28.5,1.6,1.6,7.0,11.8,26.6,212,23.91
2024-06-21,33.5,25.6,29.5,2.0,2.0,3.0,9.4,22.0,200,23.9
2024-06-22,33.9,25.7,29.6,1.7,1.7,4.0,11.4,25.2,250,23.4
2024-06-23,34.3,26.3,30.0,2.9,2.9,5.0,12.0,24.8,260,23.07
2024-06-24,34.1,25.5,29.3,1.9,1.9,3.0,10.7,25.6,206,24.03
2024-06-25,33.7,25.6,28.8,2.4,2.4,5.0,10.0,27.0,67,22.62
2024-06-26,33.7,25.0,29.1,1.3,1.3,3.0,5.9,17.6,58,22.1
2024-06-27,34.0,26.3,30.0,0.0,0.0,0.0,8.3,18.4,41,26.91
2024-06-28,33.6,26.2,29.1,5.8,5.8,6.0,8.0,22.3,151,21.91
2024-06-29,34.1,25.9,29.6,5.2,5.2,4.0,9.1,21.6,96,23.83
2024-06-30,34.2,26.0,30.0,3.8,3.8,3.0,12.2,28.4,214,24.17
2024-07-01,35.3,26.0,30.1,2.6,2.6,6.0,9.6,21.6,236,24.81
2024-07-02,34.1,25.5,29.3,1.3,1.3,6.0,8.9,19.1,74,22.68
2024-07-03,33.9,25.4,29.9,0.7,0.7,3.0,5.5,16.9,36,24.83
2024-07-04,35.0,26.7,30.0,0.7,0.7,5.0,13.3,29.5,49,24.09
2024-07-05,35.5,26.0,30.3,0.4,0.4,2.0,11.5,26.3,103,26.56
2024-07-06,35.1,26.0,29.8,5.6,5.6,4.0,8.7,24.8,22,23.71
2024-07-07,34.2,26.1,29.6,1.9,1.9,5.0,13.8,35.6,50,24.36
2024-07-08,33.0,24.5,28.0,2.8,2.8,6.0,18.4,36.0,67,21.71
2024-07-09,34.6,23.7,28.6,1.2,1.2,3.0,13.2,28.8,331,25.51
2024-07-10,33.9,24.3,28.8,8.6,8.6,7.0,14.7,37.8,271,22.75
2024-07-11,34.0,25.5,29.4,4.3,4.3,3.0,18.0,42.1,268,24.22
2024-07-12,34.9,25.6,30.4,1.0,1.0,4.0,15.6,34.6,262,24.9
2024-07-13,35.6,25.4,30.0,0.4,0.4,3.0,11.3,26.3,229,23.99
2024-07-14,35.5,26.2,30.9,0.5,0.5,3.0,14.8,32.0,92,25.69
2024-07-15,36.0,25.8,30.3,0.1,0.1,1.0,22.1,42.5,124,26.13
2024-07-16,35.7,25.9,30.6,2.1,2.1,5.0,7.9,20.9,90,25.68
2024-07-17,35.6,26.6,31.5,0.2,0.2,2.0,7.1,20.5,26,24.98
2024-07-18,35.7,26.2,30.9,1.2,1.2,4.0,10.4,26.3,315,23.35
2024-07-19,36.4,27.4,30.8,2.0,2.0,5.0,13.0,29.9,346,25.02
2024-07-20,35.0,26.2,30.5,2.3,2.3,4.0,8.8,23.8,64,22.92
2024-07-21,35.7,25.9,30.4,0.3,0.3,3.0,23.8,47.9,111,23.65
2024-07-22,35.9,26.5,31.1,0.0,0.0,0.0,23.8,48.2,98,27.13
2024-07-23,33.8,26.4,29.7,4.3,4.3,13.0,25.3,53.3,84,20.54
2024-07-24,28.5,25.9,27.1,75.3,75.3,24.0,36.4,76.0,44,4.31
2024-07-25,28.2,25.0,27.1,83.5,83.5,24.0,30.9,67.0,100,2.72
2024-07-26,29.0,25.5,27.2,15.8,15.8,22.0,7.1,14.0,28,6.0
2024-07-27,29.5,25.8,27.7,5.9,5.9,11.0,7.2,13.3,93,8.25
2024-07-28,33.0,25.8,28.8,0.0,0.0,0.0,22.2,43.2,111,25.7
2024-07-29,31.7,25.3,28.3,0.7,0.7,4.0,21.0,41.8,92,23.16
2024-07-30,31.7,25.2,28.4,1.8,1.8,10.0,8.7,20.9,12,19.32
2024-07-31,33.2,25.8,28.6,4.1,4.1,7.0,9.2,22.7,17,22.21
2024-08-01,33.4,26.2,29.4,0.8,0.8,5.0,15.9,32.8,263,25.1
2024-08-02,34.1,25.5,29.6,0.0,0.0,0.0,16.3,33.5,281,26.91
2024-08-03,35.6,25.5,30.1,0.0,0.0,0.0,12.3,25.2,312,26.64
2024-08-04,34.8,26.2,30.0,0.1,0.1,1.0,10.0,22.3,345,25.68
2024-08-05,33.8,26.2,29.4,0.8,0.8,5.0,9.2,22.7,346,24.8
2024-08-06,33.3,24.9,28.6,8.9,8.9,8.0,9.5,22.7,70,21.83
2024-08-07,32.5,24.8,27.9,6.5,6.5,11.0,10.0,24.5,287,16.39
2024-08-08,31.7,25.3,28.4,18.0,18.0,12.0,13.0,32.4,281,21.1
2024-08-09,32.3,25.6,28.3,13.0,13.0,6.0,12.9,33.8,288,20.38
2024-08-10,32.8,25.4,28.5,8.7,8.7,6.0,6.9,19.8,14,20.64
2024-08-11,33.0,25.9,29.3,0.4,0.4,4.0,10.8,24.5,237,22.27
2024-08-12,33.9,25.6,29.2,1.2,1.2,3.0,9.8,23.0,287,22.21
2024-08-13,33.3,25.9,29.1,10.2,10.2,7.0,9.8,23.0,305,20.83
2024-08-14,32.2,26.1,27.7,11.6,11.6,12.0,10.7,27.7,326,13.72
2024-08-15,31.0,25.4,27.4,35.2,35.2,17.0,7.1,18.4,55,14.72
2024-08-16,31.3,25.3,27.6,6.3,6.3,12.0,12.5,24.5,61,16.06
2024-08-17,30.7,25.3,26.8,19.0,19.0,13.0,17.2,38.2,283,16.11
2024-08-18,29.9,24.9,27.4,9.3,9.3,10.0,19.8,39.2,278,16.31
2024-08-19,32.9,24.9,27.6,3.6,3.6,8.0,7.2,20.2,279,17.13
2024-08-20,32.2,25.5,27.9,13.1,13.1,12.0,13.1,26.6,111,17.08
2024-08-21,33.6,25.0,28.7,1.5,1.5,6.0,15.2,32.8,223,23.85
2024-08-22,34.2,24.7,29.4,0.1,0.1,1.0,13.5,27.7,267,24.59
2024-08-23,33.0,25.5,28.8,2.9,2.9,8.0,11.6,29.2,271,23.12
2024-08-24,33.5,25.3,28.7,3.7,3.7,6.0,10.4,23.4,41,21.57
2024-08-25,32.0,24.8,28.3,1.5,1.5,7.0,7.9,20.9,285,22.29
2024-08-26,31.6,24.5,28.0,1.0,1.0,6.0,12.4,27.0,293,22.54
2024-08-27,33.7,24.2,28.7,0.0,0.0,0.0,16.3,34.2,277,25.86
2024-08-28,34.8,24.6,29.1,1.0,1.0,3.0,11.0,24.5,315,23.31
2024-08-29,33.4,26.2,28.6,4.0,4.0,7.0,6.0,18.7,81,18.35
2024-08-30,32.9,25.0,28.7,2.5,2.5,9.0,9.2,21.6,51,20.88
2024-08-31,34.2,25.8,29.5,0.2,0.2,2.0,13.9,27.7,57,23.29
2024-09-01,35.1,24.8,30.0,0.0,0.0,0.0,15.6,32.4,86,24.57
2024-09-02,35.6,25.0,29.8,0.0,0.0,0.0,18.4,36.4,90,24.69
2024-09-03,33.8,25.0,29.3,0.0,0.0,0.0,26.6,50.8,90,22.21
2024-09-04,34.1,27.0,30.0,0.0,0.0,0.0,25.8,52.2,91,23.53
2024-09-05,34.4,26.7,30.2,0.0,0.0,0.0,26.1,52.2,94,23.81
2024-09-06,34.5,27.6,30.2,1.9,1.9,4.0,21.9,44.3,97,22.28
2024-09-07,34.5,25.9,28.3,13.6,13.6,11.0,7.7,28.8,38,16.05
2024-09-08,31.5,24.7,27.4,17.4,17.4,9.0,13.4,28.4,74,17.24
2024-09-09,32.2,24.2,28.0,0.5,0.5,3.0,18.7,38.2,71,21.86
2024-09-10,31.9,24.8,28.0,2.0,2.0,10.0,14.8,31.0,292,20.66
2024-09-11,35.1,24.3,29.2,1.5,1.5,4.0,10.1,24.5,348,22.4
2024-09-12,33.1,25.8,29.1,0.1,0.1,1.0,22.9,45.7,93,19.98
2024-09-13,32.4,25.8,28.7,0.5,0.5,4.0,21.3,43.2,79,21.82
2024-09-14,31.5,24.6,27.3,2.8,2.8,12.0,10.5,24.1,23,20.18
2024-09-15,33.1,23.3,28.1,0.1,0.1,1.0,6.7,19.4,344,20.8
2024-09-16,33.8,25.1,29.0,0.4,0.4,4.0,26.4,51.1,91,18.65
2024-09-17,33.4,27.2,29.5,0.3,0.3,3.0,27.5,54.0,95,22.26
2024-09-18,32.6,25.5,28.2,2.2,2.2,13.0,21.3,43.6,70,18.62
2024-09-19,33.3,25.5,28.6,5.5,5.5,16.0,12.3,31.0,264,18.47
2024-09-20,33.0,26.1,29.4,3.1,3.1,8.0,16.0,32.0,83,19.12
2024-09-21,30.5,25.8,27.3,61.7,61.7,16.0,10.7,26.3,284,10.63
2024-09-22,29.6,25.5,26.6,52.8,52.8,22.0,8.9,23.8,223,7.87
2024-09-23,30.1,25.3,26.7,13.0,13.0,14.0,13.2,27.0,76,12.06
2024-09-24,29.6,24.7,26.4,22.7,22.7,19.0,10.2,24.5,250,11.78
2024-09-25,28.8,24.6,26.2,22.5,22.5,19.0,16.0,38.9,271,11.36
2024-09-26,28.9,23.8,26.0,31.1,31.1,17.0,5.7,21.6,253,10.64
2024-09-27,29.6,23.9,26.1,12.8,12.8,14.0,10.6,25.2,61,14.04
2024-09-28,29.3,24.0,26.2,3.7,3.7,19.0,21.0,41.4,68,16.13
2024-09-29,29.1,24.4,26.5,1.7,1.7,9.0,25.2,53.6,80,16.65
2024-09-30,30.1,25.3,26.9,7.9,7.9,21.0,29.7,58.0,84,15.91
2024-10-01,30.9,25.8,27.8,0.3,0.3,2.0,34.4,65.2,90,16.8
2024-10-02,27.5,22.9,25.3,24.5,24.5,21.0,33.7,65.5,60,5.88
2024-10-03,25.6,22.4,23.8,94.8,94.8,24.0,32.6,62.3,49,4.81
2024-10-04,27.0,22.8,24.6,39.5,39.5,22.0,28.2,55.1,47,6.3
2024-10-05,30.1,23.7,26.0,0.4,0.4,3.0,15.2,29.2,71,11.13
2024-10-06,31.3,24.2,27.3,0.0,0.0,0.0,18.2,36.0,82,19.66
2024-10-07,29.4,24.5,26.3,2.7,2.7,11.0,18.1,36.7,67,16.35
2024-10-08,25.9,23.4,24.3,4.9,4.9,17.0,19.4,40.3,54,7.18
2024-10-09,26.2,22.7,23.9,0.3,0.3,3.0,17.6,36.4,64,11.51
2024-10-10,25.8,20.9,23.1,0.0,0.0,0.0,14.8,30.2,69,13.24
2024-10-11,27.0,20.2,23.1,0.0,0.0,0.0,19.8,38.9,74,17.28
2024-10-12,27.2,21.7,24.6,0.7,0.7,4.0,20.7,41.4,79,15.82
2024-10-13,29.4,23.6,26.4,0.0,0.0,0.0,23.3,46.4,88,19.49
2024-10-14,30.6,24.4,26.9,0.0,0.0,0.0,19.3,38.2,90,19.24
2024-10-15,30.4,23.6,26.6,0.0,0.0,0.0,20.2,40.3,82,18.4
2024-10-16,28.5,23.6,26.0,1.3,1.3,10.0,19.9,39.2,71,14.24
2024-10-17,30.0,24.1,26.6,0.7,0.7,4.0,17.9,36.7,70,16.44
2024-10-18,32.9,23.1,27.4,0.0,0.0,0.0,13.8,28.8,45,18.37
2024-10-19,31.6,22.6,26.4,3.7,3.7,6.0,21.3,41.4,73,18.1
2024-10-20,25.8,23.9,24.6,3.4,3.4,15.0,26.2,50.4,59,9.21
2024-10-21,27.9,23.8,25.4,0.3,0.3,3.0,21.4,41.8,68,11.73
2024-10-22,27.7,23.7,25.0,0.8,0.8,6.0,22.8,45.0,60,12.1
2024-10-23,23.5,21.6,22.7,7.4,7.4,22.0,24.0,46.8,52,4.72
2024-10-24,22.9,20.9,21.9,31.2,31.2,24.0,26.1,53.3,52,4.15
2024-10-25,28.8,22.4,25.9,14.2,14.2,15.0,33.1,63.4,74,10.57
2024-10-26,30.8,25.5,27.5,0.9,0.9,4.0,30.5,58.3,104,13.18
2024-10-27,30.5,25.0,26.8,0.5,0.5,3.0,16.2,32.8,70,15.08
2024-10-28,24.7,22.7,23.8,3.9,3.9,22.0,18.3,36.7,46,5.3
2024-10-29,24.3,22.1,22.9,1.8,1.8,14.0,18.3,38.2,58,5.93
2024-10-30,24.8,21.7,23.1,18.6,18.6,23.0,29.8,60.1,53,4.36
2024-10-31,26.1,24.1,25.2,129.4,129.4,24.0,59.6,126.0,83,1.85
2024-11-01,25.7,22.6,23.8,30.5,30.5,22.0,54.6,107.6,240,4.0
2024-11-02,24.0,20.9,22.7,0.0,0.0,0.0,18.4,37.4,69,6.13
2024-11-03,25.8,21.7,23.3,0.0,0.0,0.0,20.2,39.6,72,12.86
2024-11-04,26.3,20.6,23.3,0.0,0.0,0.0,20.6,40.3,68,12.1
2024-11-05,24.2,20.5,22.0,3.2,3.2,16.0,21.1,41.8,57,9.45
2024-11-06,21.9,19.8,20.6,0.4,0.4,4.0,24.5,47.2,63,6.73
2024-11-07,22.5,19.9,21.2,0.2,0.2,2.0,24.0,46.1,74,6.89
2024-11-08,24.7,21.3,22.6,1.0,1.0,3.0,22.6,43.6,74,5.58
2024-11-09,26.0,23.2,24.1,2.1,2.1,15.0,14.5,28.4,56,4.94
2024-11-10,25.0,22.6,23.8,0.3,0.3,3.0,10.4,20.9,68,4.03
2024-11-11,25.0,22.6,23.5,0.5,0.5,5.0,19.1,37.8,66,8.33
2024-11-12,24.7,22.6,23.7,10.8,10.8,22.0,25.7,52.2,70,3.11
2024-11-13,27.6,23.0,25.0,1.5,1.5,11.0,25.1,52.6,78,9.26
2024-11-14,31.4,24.5,26.8,0.2,0.2,2.0,20.2,43.9,97,14.83
2024-11-15,31.0,22.9,26.5,0.0,0.0,0.0,8.4,18.0,81,10.36
2024-11-16,27.5,23.3,24.8,2.9,2.9,12.0,15.3,31.3,8,8.29
2024-11-17,24.5,21.6,23.1,10.9,10.9,24.0,15.3,33.5,47,3.77
2024-11-18,21.6,18.3,20.2,9.9,9.9,21.0,20.7,45.7,62,4.36
2024-11-19,21.3,18.7,19.3,9.1,9.1,22.0,21.1,47.5,68,3.67
2024-11-20,22.2,19.5,20.6,10.6,10.6,20.0,16.1,36.0,63,4.52
2024-11-21,20.9,18.9,19.9,4.2,4.2,21.0,12.6,29.2,62,3.62
2024-11-22,21.5,18.9,19.9,0.4,0.4,4.0,16.2,38.2,69,5.03
2024-11-23,22.6,19.2,20.4,0.0,0.0,0.0,19.8,46.1,75,6.6
2024-11-24,23.5,19.5,21.2,0.0,0.0,0.0,20.9,49.0,84,9.04
2024-11-25,27.5,19.9,22.9,0.4,0.4,2.0,17.4,37.8,87,12.77
2024-11-26,20.5,17.0,18.6,3.5,3.5,10.0,12.7,29.9,35,4.49
2024-11-27,20.0,13.5,16.9,0.0,0.0,0.0,14.8,34.9,66,14.14
2024-11-28,20.8,12.5,15.9,0.0,0.0,0.0,10.2,25.2,50,13.6
2024-11-29,19.4,11.2,14.7,0.0,0.0,0.0,13.4,30.2,70,16.26
2024-11-30,22.5,12.2,16.9,0.0,0.0,0.0,13.9,33.1,82,15.91
2024-12-01,26.3,13.2,18.4,0.0,0.0,0.0,7.5,16.9,64,15.8
2024-12-02,27.2,14.4,20.4,0.0,0.0,0.0,16.1,35.6,82,15.47
2024-12-03,24.7,19.5,21.4,0.2,0.2,2.0,20.4,46.1,79,13.75
2024-12-04,22.9,17.7,19.9,0.4,0.4,3.0,20.3,45.0,74,9.65
2024-12-05,21.6,17.2,19.4,0.0,0.0,0.0,16.5,37.1,74,7.25
2024-12-06,24.2,17.8,20.4,0.0,0.0,0.0,18.0,40.7,78,9.26
2024-12-07,20.3,17.3,19.0,1.6,1.6,16.0,12.3,28.4,54,3.34
2024-12-08,17.9,14.9,16.2,1.0,1.0,10.0,19.5,42.5,50,4.62
2024-12-09,20.2,15.5,17.5,0.0,0.0,0.0,20.6,45.7,76,7.17
2024-12-10,22.4,17.4,19.4,0.5,0.5,4.0,19.1,43.2,72,10.5
2024-12-11,24.3,15.8,19.3,0.7,0.7,7.0,9.8,23.0,13,11.58
2024-12-12,19.3,16.7,17.8,0.8,0.8,8.0,16.6,37.4,55,5.86
2024-12-13,19.8,14.9,17.5,1.6,1.6,11.0,11.8,27.4,360,4.85
2024-12-14,14.8,12.8,13.8,0.0,0.0,0.0,13.2,29.5,17,4.65
2024-12-15,15.6,12.8,13.9,0.0,0.0,0.0,13.8,30.2,60,5.54
2024-12-16,16.6,13.1,14.7,0.0,0.0,0.0,12.9,31.0,74,4.72
2024-12-17,19.5,13.6,16.5,0.0,0.0,0.0,18.9,42.5,66,7.06
2024-12-18,17.0,13.3,15.4,0.3,0.3,2.0,14.1,32.4,44,4.59
2024-12-19,13.9,12.3,13.0,6.1,6.1,16.0,14.2,31.7,66,3.15
2024-12-20,18.6,13.1,15.5,0.6,0.6,3.0,14.9,33.5,68,6.35
2024-12-21,16.8,13.0,15.2,2.9,2.9,9.0,13.7,33.1,48,3.55
2024-12-22,15.2,12.3,13.5,0.4,0.4,4.0,17.2,40.3,61,5.0
2024-12-23,17.9,14.2,15.4,8.1,8.1,11.0,18.0,41.4,74,3.43
2024-12-24,17.8,14.9,16.6,4.8,4.8,13.0,19.0,42.8,71,3.45
2024-12-25,22.6,18.0,19.7,0.0,0.0,0.0,17.0,35.3,57,6.98
2024-12-26,19.2,16.2,18.0,0.5,0.5,4.0,12.6,29.2,55,4.36
2024-12-27,18.3,15.6,16.5,1.3,1.3,7.0,15.0,32.4,69,3.53
2024-12-28,15.5,11.1,13.5,0.2,0.2,2.0,15.8,35.6,44,5.79
2024-12-29,17.8,11.2,14.3,0.0,0.0,0.0,22.2,49.3,90,10.98
2024-12-30,19.6,13.2,15.8,0.0,0.0,0.0,13.0,31.7,280,9.58
2024-12-31,19.2,11.8,15.1,0.0,0.0,0.0,15.9,36.4,69,9.11
2025-01-01,18.9,12.9,16.3,3.0,3.0,8.0,17.0,39.6,78,4.59
2025-01-02,18.3,16.0,16.9,2.7,2.7,12.0,9.2,20.2,70,2.52
2025-01-03,17.9,15.3,16.2,0.3,0.3,3.0,15.9,36.4,58,4.99
2025-01-04,20.1,15.0,17.1,0.0,0.0,0.0,23.6,54.0,84,9.41
2025-01-05,21.1,14.3,17.2,1.1,1.1,5.0,16.4,36.0,346,11.72
2025-01-06,19.1,12.0,14.9,0.0,0.0,0.0,15.2,34.6,79,15.08
2025-01-07,18.5,12.3,14.8,0.0,0.0,0.0,18.5,42.8,77,11.56
2025-01-08,17.8,14.1,15.6,0.1,0.1,1.0,16.6,37.1,73,5.85
2025-01-09,15.8,12.0,14.4,0.5,0.5,5.0,16.6,37.8,58,3.7
2025-01-10,12.9,10.9,11.7,0.2,0.2,2.0,16.4,37.1,48,5.59
2025-01-11,14.6,10.8,12.4,0.8,0.8,5.0,16.9,37.1,61,5.45
2025-01-12,16.4,9.2,12.2,0.0,0.0,0.0,10.6,24.5,70,16.69
2025-01-13,18.9,9.2,14.0,0.0,0.0,0.0,20.3,46.1,89,16.63
2025-01-14,24.7,13.1,17.4,0.0,0.0,0.0,14.3,33.1,54,16.2
2025-01-15,15.5,11.9,14.2,3.6,3.6,14.0,13.0,29.2,35,2.38
2025-01-16,15.4,10.4,12.5,0.1,0.1,1.0,16.9,37.8,63,8.16
2025-01-17,16.2,10.8,13.2,0.0,0.0,0.0,17.0,38.5,69,11.83
2025-01-18,20.7,11.9,15.8,0.6,0.6,3.0,18.8,43.2,92,11.27
2025-01-19,18.4,10.7,14.8,3.7,3.7,9.0,7.3,18.0,5,7.01
2025-01-20,19.6,9.4,14.1,0.0,0.0,0.0,17.3,41.0,69,15.99
2025-01-21,21.2,12.4,16.6,0.0,0.0,0.0,20.7,46.4,88,16.34
2025-01-22,23.9,16.1,18.7,0.0,0.0,0.0,18.4,40.0,71,10.65
2025-01-23,18.6,15.4,16.5,0.5,0.5,3.0,12.9,31.3,274,8.41
2025-01-24,21.3,15.4,18.0,0.1,0.1,1.0,13.5,31.0,67,9.22
2025-01-25,20.6,16.0,17.7,0.0,0.0,0.0,14.5,33.5,55,9.9
2025-01-26,19.6,13.1,16.2,4.7,4.7,8.0,14.3,32.0,35,6.72
2025-01-27,13.0,7.2,10.6,8.0,8.0,12.0,12.0,28.1,359,6.64
2025-01-28,15.9,6.9,10.7,0.0,0.0,0.0,18.1,42.5,72,16.37
2025-01-29,17.3,8.0,12.3,0.0,0.0,0.0,19.4,43.9,83,18.04
2025-01-30,20.5,11.8,16.0,0.0,0.0,0.0,18.6,42.8,96,17.81
2025-01-31,20.7,15.0,17.5,2.6,2.6,9.0,16.4,36.4,78,5.57
2025-02-01,26.1,15.5,18.8,4.0,4.0,12.0,13.1,27.4,47,9.49
2025-02-02,18.0,15.7,16.5,1.9,1.9,12.0,7.3,16.2,41,3.2
2025-02-03,16.0,11.5,13.6,11.5,11.5,23.0,10.8,25.9,2,2.64
2025-02-04,15.3,8.9,11.8,3.7,3.7,6.0,15.4,36.0,56,16.55
2025-02-05,16.4,10.6,13.7,0.0,0.0,0.0,18.2,41.8,86,8.59
2025-02-06,16.5,13.6,15.1,5.5,5.5,14.0,18.0,38.9,68,3.82
2025-02-07,15.2,10.8,13.2,16.2,16.2,24.0,13.1,28.8,57,2.5
2025-02-08,10.6,9.0,9.6,1.7,1.7,9.0,19.1,42.1,50,4.36
2025-02-09,14.3,10.0,11.7,0.0,0.0,0.0,19.1,41.0,69,8.12
2025-02-10,19.6,10.2,14.7,0.0,0.0,0.0,17.8,40.7,90,15.96
2025-02-11,25.5,13.6,18.8,0.0,0.0,0.0,16.0,34.6,90,18.91
2025-02-12,21.3,15.9,18.3,14.7,14.7,19.0,5.9,11.9,44,3.93
2025-02-13,16.8,14.2,15.1,24.6,24.6,14.0,18.9,42.1,69,4.28
2025-02-14,20.7,14.9,17.6,0.0,0.0,0.0,21.1,49.7,81,9.01
2025-02-15,25.9,14.8,19.2,0.0,0.0,0.0,12.7,31.7,325,17.81
2025-02-16,20.4,15.0,17.8,0.3,0.3,3.0,10.3,23.4,55,7.03
2025-02-17,20.0,12.9,16.4,0.0,0.0,0.0,20.9,47.9,78,16.55
2025-02-18,16.3,14.2,15.1,0.4,0.4,3.0,16.2,36.0,69,4.1
2025-02-19,17.9,14.0,15.8,0.4,0.4,4.0,20.8,46.1,78,6.48
2025-02-20,22.0,16.2,18.4,2.1,2.1,13.0,15.7,34.9,56,12.78
2025-02-21,16.9,14.5,15.6,3.2,3.2,11.0,12.9,29.9,49,5.71
2025-02-22,18.9,14.5,16.1,1.9,1.9,2.0,22.8,50.8,74,8.1
2025-02-23,16.4,13.4,14.9,16.2,16.2,22.0,11.7,28.4,39,3.58
2025-02-24,14.0,12.1,12.9,1.3,1.3,10.0,19.3,42.5,67,5.31
2025-02-25,21.1,12.4,16.1,0.0,0.0,0.0,18.7,42.1,95,16.62
2025-02-26,21.5,13.8,17.0,1.8,1.8,10.0,5.2,14.8,65,6.98
2025-02-27,19.8,13.8,16.6,0.2,0.2,2.0,8.9,22.7,261,7.44
2025-02-28,26.9,13.1,19.0,0.0,0.0,0.0,13.6,32.4,340,19.08
2025-03-01,28.1,15.3,21.3,0.0,0.0,0.0,6.3,13.0,65,18.44
2025-03-02,28.9,17.6,22.4,0.0,0.0,0.0,9.6,23.8,333,19.31
2025-03-03,27.5,18.9,22.6,4.2,4.2,5.0,9.6,29.2,327,10.71
2025-03-04,27.2,18.1,21.7,10.0,10.0,16.0,16.3,37.8,68,10.59
2025-03-05,18.9,16.4,17.3,20.7,20.7,16.0,14.8,34.2,66,5.07
2025-03-06,17.3,13.3,15.2,14.9,14.9,24.0,16.4,37.1,37,5.43
2025-03-07,17.2,13.3,15.0,0.5,0.5,5.0,21.7,48.2,72,7.73
2025-03-08,17.9,14.2,15.7,1.0,1.0,5.0,12.5,27.4,59,6.88
2025-03-09,20.3,15.2,17.8,0.0,0.0,0.0,19.4,43.9,75,8.73
2025-03-10,23.9,17.0,19.8,0.0,0.0,0.0,13.8,33.8,31,17.69
2025-03-11,27.9,15.9,20.5,0.4,0.4,1.0,6.7,22.0,276,17.75
2025-03-12,29.0,16.2,22.4,0.0,0.0,0.0,11.3,28.8,261,20.01
2025-03-13,23.9,18.9,21.1,1.7,1.7,9.0,13.7,32.8,287,10.54
2025-03-14,23.7,19.0,20.7,43.2,43.2,12.0,9.0,24.5,57,8.56
2025-03-15,22.9,15.5,18.2,52.5,52.5,20.0,11.5,29.9,323,6.82
2025-03-16,15.6,13.0,14.0,5.9,5.9,11.0,14.5,34.2,354,7.71
2025-03-17,14.2,11.1,12.9,0.1,0.1,1.0,13.2,29.9,56,5.58
2025-03-18,18.2,10.8,13.9,0.1,0.1,1.0,12.4,29.5,66,12.95
2025-03-19,16.8,10.0,13.6,0.1,0.1,1.0,17.7,39.6,70,11.11
2025-03-20,18.8,10.0,14.3,0.0,0.0,0.0,18.4,43.9,70,23.03
2025-03-21,22.6,10.2,16.1,0.0,0.0,0.0,15.8,36.0,82,23.88
2025-03-22,25.0,9.6,17.3,0.0,0.0,0.0,11.3,22.7,52,23.94
2025-03-23,26.3,11.6,18.4,0.0,0.0,0.0,8.6,20.5,4,23.5
2025-03-24,27.0,13.7,19.9,0.0,0.0,0.0,9.8,25.6,293,23.25
2025-03-25,28.1,15.3,21.2,0.0,0.0,0.0,11.7,29.9,278,23.08
2025-03-26,30.2,16.7,22.8,0.0,0.0,0.0,4.6,15.5,3,23.2
2025-03-27,32.3,19.4,24.4,0.0,0.0,0.0,9.3,24.8,321,20.37
2025-03-28,22.4,15.1,18.6,2.8,2.8,8.0,15.5,34.9,38,6.48
2025-03-29,18.1,14.3,15.7,1.5,1.5,11.0,19.6,43.6,61,7.92
2025-03-30,15.8,13.9,14.6,27.7,27.7,23.0,17.0,36.4,62,3.85
2025-03-31,17.7,14.0,15.6,29.1,29.1,24.0,11.7,26.6,58,4.15
2025-04-01,16.4,13.7,14.6,12.7,12.7,12.0,9.6,23.0,245,4.99
2025-04-02,18.5,13.1,15.5,0.0,0.0,0.0,9.8,24.1,71,12.21
2025-04-03,21.6,13.8,17.8,0.0,0.0,0.0,18.3,40.0,77,8.6
2025-04-04,25.2,16.3,20.2,0.0,0.0,0.0,19.5,44.6,98,24.07
2025-04-05,20.0,16.9,18.4,10.7,10.7,18.0,7.2,18.7,222,4.82
2025-04-06,22.2,16.6,18.6,1.2,1.2,8.0,12.2,29.2,91,7.3
2025-04-07,26.2,16.8,21.2,0.0,0.0,0.0,17.1,40.3,94,16.23
2025-04-08,26.6,17.6,21.9,0.0,0.0,0.0,6.8,20.9,39,14.8
2025-04-09,28.3,18.0,22.8,1.5,1.5,3.0,9.3,26.6,276,22.1
2025-04-10,21.7,19.1,20.5,60.3,60.3,18.0,20.6,50.8,305,4.53
2025-04-11,30.8,17.1,23.2,4.8,4.8,6.0,11.4,28.4,47,22.36
2025-04-12,29.9,18.7,23.7,41.9,41.9,10.0,35.0,75.6,15,14.98
2025-04-13,19.2,14.0,17.1,6.0,6.0,6.0,8.8,20.9,51,14.29
2025-04-14,26.7,14.0,20.1,0.0,0.0,0.0,13.0,31.7,294,26.07
2025-04-15,25.3,15.7,20.4,0.0,0.0,0.0,16.2,38.2,76,25.05
2025-04-16,28.6,15.7,22.0,0.0,0.0,0.0,13.7,32.8,282,25.26
2025-04-17,29.2,17.4,23.2,0.0,0.0,0.0,9.8,27.0,257,21.42
2025-04-18,29.0,19.5,23.3,8.0,8.0,6.0,12.5,29.9,74,12.48
2025-04-19,29.1,21.2,24.3,6.2,6.2,7.0,13.4,36.7,268,16.32
2025-04-20,29.3,21.8,25.2,5.7,5.7,7.0,15.7,41.8,283,18.22
2025-04-21,31.2,21.8,25.6,0.5,0.5,2.0,11.8,29.5,320,19.66
2025-04-22,31.5,20.9,25.7,0.0,0.0,0.0,13.0,32.4,306,24.9
2025-04-23,28.1,22.3,24.3,8.3,8.3,14.0,14.6,39.6,320,11.54
2025-04-24,27.3,21.8,24.1,4.9,4.9,13.0,11.7,33.5,74,12.28
2025-04-25,23.2,19.3,21.6,16.8,16.8,18.0,15.7,36.4,51,6.86
2025-04-26,23.9,19.4,20.9,9.1,9.1,14.0,14.7,34.6,71,8.07
2025-04-27,28.8,19.6,23.5,6.5,6.5,3.0,12.9,32.4,103,19.38
2025-04-28,25.3,18.1,22.0,4.9,4.9,10.0,13.4,27.7,345,10.3
2025-04-29,26.1,16.9,21.2,0.0,0.0,0.0,17.0,39.2,70,26.66
2025-04-30,29.8,17.2,23.5,0.2,0.2,2.0,13.9,32.0,31,24.07
2025-05-01,27.7,19.4,23.5,0.0,0.0,0.0,14.3,34.2,267,15.8
2025-05-02,28.8,19.2,24.0,0.0,0.0,0.0,24.5,54.7,101,24.57
2025-05-03,29.4,19.7,24.5,0.5,0.5,1.0,10.3,31.3,164,18.09
2025-05-04,28.6,21.8,24.8,4.8,4.8,8.0,18.7,42.5,77,18.66
2025-05-05,29.4,21.7,25.5,5.0,5.0,9.0,14.9,42.5,264,20.26
2025-05-06,29.0,23.8,25.8,18.2,18.2,14.0,19.3,45.4,307,20.17
2025-05-07,23.6,19.7,20.9,79.1,79.1,21.0,19.1,40.3,67,5.4
2025-05-08,31.3,21.1,25.2,0.2,0.2,2.0,14.5,34.2,95,20.89
2025-05-09,32.3,21.6,26.2,6.9,6.9,7.0,12.0,34.9,257,19.59
2025-05-10,27.4,22.4,24.3,15.1,15.1,12.0,9.8,24.5,55,9.55
2025-05-11,22.5,19.1,20.8,45.2,45.2,22.0,8.0,17.3,75,5.88
2025-05-12,26.2,19.1,22.1,0.0,0.0,0.0,19.9,45.0,88,19.54
2025-05-13,30.6,19.4,24.9,0.0,0.0,0.0,10.2,26.6,41,24.67
2025-05-14,32.0,20.0,25.8,0.0,0.0,0.0,11.1,26.6,76,25.2
2025-05-15,31.6,22.6,27.1,0.3,0.3,2.0,7.6,17.3,68,24.63
2025-05-16,32.6,22.4,27.4,0.6,0.6,2.0,9.3,23.4,310,24.79
2025-05-17,31.5,22.7,26.9,5.0,5.0,6.0,14.1,33.5,245,22.87
2025-05-18,31.7,23.5,26.0,3.0,3.0,10.0,12.5,30.6,243,16.46
2025-05-19,31.3,23.2,26.6,1.5,1.5,7.0,10.4,30.2,202,17.15
2025-05-20,32.4,23.9,27.9,0.5,0.5,4.0,10.1,27.0,209,21.77
2025-05-21,31.6,24.1,27.9,3.8,3.8,6.0,11.7,31.7,254,17.69
2025-05-22,33.0,24.6,28.0,1.2,1.2,3.0,9.7,27.0,326,19.7
2025-05-23,33.6,23.6,28.5,0.3,0.3,1.0,12.3,31.0,252,22.35
2025-05-24,27.2,22.7,24.6,35.3,35.3,18.0,10.6,33.5,16,5.24
2025-05-25,22.7,21.0,21.7,9.5,9.5,14.0,12.0,26.6,81,5.73
2025-05-26,22.9,19.2,21.0,8.7,8.7,13.0,14.5,31.7,71,6.81
2025-05-27,29.2,19.6,24.2,0.3,0.3,2.0,20.7,45.7,85,22.58
2025-05-28,27.2,21.9,23.9,21.9,21.9,22.0,15.2,36.0,75,7.61
2025-05-29,24.0,21.2,22.5,59.0,59.0,21.0,10.5,24.1,260,5.08
2025-05-30,27.0,20.4,23.2,0.0,0.0,0.0,18.3,41.8,81,24.6
2025-05-31,32.1,21.3,26.0,0.0,0.0,0.0,15.1,33.1,95,25.47
2025-06-01,31.1,21.8,26.6,0.2,0.2,1.0,12.1,29.2,241,17.27
2025-06-02,33.2,24.6,28.7,0.0,0.0,0.0,18.3,43.2,267,25.0
2025-06-03,30.3,22.8,25.4,38.4,38.4,11.0,10.0,29.9,44,6.0
2025-06-04,25.3,22.0,23.8,16.4,16.4,16.0,17.4,36.7,70,9.33
2025-06-05,30.1,22.3,25.3,0.5,0.5,4.0,14.3,32.8,79,11.93
2025-06-06,29.8,22.9,26.3,14.8,14.8,9.0,9.6,26.3,273,16.81
2025-06-07,33.1,23.8,27.8,1.0,1.0,6.0,7.1,20.9,360,20.74
2025-06-08,32.6,24.9,28.4,1.3,1.3,5.0,7.1,20.9,139,22.24
2025-06-09,33.0,24.9,28.2,4.7,4.7,5.0,8.3,23.4,85,19.66
2025-06-10,34.6,24.9,29.3,0.0,0.0,0.0,12.1,32.0,117,25.71
2025-06-11,35.9,25.5,29.7,0.0,0.0,0.0,20.1,43.2,111,26.41
2025-06-12,28.5,25.3,26.6,16.5,16.5,14.0,25.0,51.5,96,5.16
2025-06-13,30.2,24.7,26.2,25.1,25.1,18.0,6.5,21.2,17,7.63
2025-06-14,33.3,24.7,28.4,1.3,1.3,5.0,8.3,29.2,86,20.72
2025-06-15,34.9,24.2,29.5,0.0,0.0,0.0,10.9,26.6,303,26.42
2025-06-16,33.9,25.6,29.0,3.5,3.5,4.0,18.0,42.1,263,23.25
2025-06-17,30.7,25.4,27.3,5.4,5.4,8.0,17.6,42.1,274,16.21
2025-06-18,34.6,24.4,28.7,0.3,0.3,1.0,11.5,27.7,33,24.45
2025-06-19,33.8,25.5,29.5,0.2,0.2,1.0,13.8,34.9,100,22.44
2025-06-20,34.0,25.0,28.7,2.5,2.5,4.0,9.1,26.3,171,22.55
2025-06-21,33.1,25.1,28.7,2.2,2.2,6.0,14.1,34.6,221,23.26
2025-06-22,33.5,24.9,29.3,0.7,0.7,2.0,10.7,29.5,235,24.02
2025-06-23,34.7,25.1,29.8,0.5,0.5,2.0,9.3,25.6,263,22.47
2025-06-24,35.5,25.1,29.7,0.7,0.7,3.0,10.9,29.9,123,23.21
2025-06-25,33.8,25.9,28.6,4.0,4.0,6.0,8.2,22.3,96,20.69
2025-06-26,33.7,25.2,29.4,0.7,0.7,4.0,9.2,24.1,36,24.12
2025-06-27,33.9,24.9,28.6,2.6,2.6,5.0,8.1,28.4,63,23.64
2025-06-28,34.8,23.8,28.9,0.9,0.9,4.0,9.4,25.2,234,25.17
2025-06-29,35.7,25.0,29.5,2.1,2.1,5.0,16.6,36.7,101,21.35
2025-06-30,36.7,24.4,30.2,0.0,0.0,0.0,25.5,56.9,117,27.39
2025-07-01,36.9,26.3,31.1,0.0,0.0,0.0,23.3,54.7,108,26.62
2025-07-02,36.7,26.3,31.1,0.0,0.0,0.0,19.6,47.5,95,27.24
2025-07-03,35.5,26.2,30.5,0.0,0.0,0.0,21.7,50.8,96,26.19
2025-07-04,37.3,26.7,31.3,1.1,1.1,4.0,20.6,49.0,110,25.5
2025-07-05,35.3,26.6,30.5,2.3,2.3,3.0,11.2,32.4,103,23.25
2025-07-06,33.7,25.5,28.2,8.5,8.5,6.0,23.0,54.0,103,16.0
2025-07-07,30.3,24.7,26.8,33.3,33.3,18.0,24.2,58.0,261,7.76
2025-07-08,34.0,26.6,29.9,4.1,4.1,3.0,20.2,45.4,271,15.62
2025-07-09,30.6,24.7,26.9,6.2,6.2,12.0,16.8,37.4,70,8.52
2025-07-10,28.1,23.5,25.6,15.4,15.4,21.0,7.8,17.6,65,6.18
2025-07-11,29.7,24.2,26.1,5.5,5.5,14.0,9.4,19.8,80,9.72
2025-07-12,32.5,23.7,27.2,3.1,3.1,5.0,15.1,34.6,248,17.68
2025-07-13,33.4,25.4,28.9,0.2,0.2,1.0,17.6,44.3,270,26.03
2025-07-14,32.3,26.5,28.9,0.2,0.2,1.0,17.9,42.8,272,16.54
2025-07-15,34.2,25.7,28.9,3.3,3.3,9.0,13.6,41.4,270,24.25
2025-07-16,35.1,25.4,29.1,11.8,11.8,3.0,8.2,26.3,97,22.68
2025-07-17,34.8,26.0,29.2,5.1,5.1,6.0,12.1,32.0,50,21.96
2025-07-18,33.5,26.3,28.8,2.9,2.9,9.0,24.4,55.1,95,24.61
2025-07-19,27.9,25.7,26.7,22.0,22.0,23.0,27.2,61.9,90,6.33
2025-07-20,29.0,25.8,27.4,2.6,2.6,7.0,24.4,53.3,92,8.69
2025-07-21,28.2,25.0,26.0,24.6,24.6,19.0,14.9,30.6,72,6.47
2025-07-22,31.2,25.1,27.5,0.9,0.9,2.0,21.7,48.2,87,16.35
2025-07-23,32.5,25.4,28.2,0.4,0.4,4.0,22.9,51.1,82,26.29
2025-07-24,31.3,24.6,27.0,15.5,15.5,17.0,18.2,44.6,65,19.79
2025-07-25,29.0,24.5,26.5,17.8,17.8,23.0,13.4,32.0,261,13.36
2025-07-26,32.5,26.0,28.8,0.9,0.9,5.0,18.3,43.9,240,20.29
2025-07-27,32.8,25.7,28.9,8.1,8.1,5.0,15.7,37.8,274,18.46
2025-07-28,31.8,25.1,27.1,21.3,21.3,22.0,16.3,40.3,283,19.78
2025-07-29,30.7,24.6,27.2,7.1,7.1,16.0,17.9,42.5,273,16.86
2025-07-30,33.4,26.3,29.4,3.8,3.8,2.0,19.1,43.6,271,20.95
2025-07-31,33.4,24.8,29.0,20.3,20.3,7.0,9.3,29.5,284,18.93
2025-08-01,32.4,26.1,28.7,1.8,1.8,6.0,6.0,19.8,142,15.53
2025-08-02,33.6,25.9,28.2,20.0,20.0,9.0,7.8,33.1,8,16.46
2025-08-03,32.6,26.1,28.4,2.0,2.0,6.0,12.5,37.1,188,16.35
2025-08-04,34.8,25.7,28.0,4.2,4.2,7.0,11.7,31.3,221,15.34
2025-08-05,33.1,25.5,28.0,8.7,8.7,14.0,8.7,23.4,86,16.68
2025-08-06,33.8,25.7,28.7,2.5,2.5,4.0,10.6,25.6,100,22.82
2025-08-07,34.0,24.3,29.0,0.0,0.0,0.0,6.3,20.2,289,24.03
2025-08-08,34.9,25.4,29.3,0.0,0.0,0.0,13.6,33.8,313,24.62
2025-08-09,34.6,25.7,29.8,0.4,0.4,3.0,8.1,23.8,303,23.98
2025-08-10,34.5,26.9,29.2,5.4,5.4,6.0,10.8,29.2,265,20.62
2025-08-11,34.7,25.8,28.9,0.9,0.9,3.0,12.9,33.5,246,21.52
2025-08-12,34.8,25.4,29.4,2.7,2.7,7.0,13.3,32.0,50,24.05
2025-08-13,31.2,25.6,27.7,5.3,5.3,19.0,39.0,89.6,99,13.32
2025-08-14,34.1,25.6,29.4,0.0,0.0,0.0,26.2,62.6,113,25.11
2025-08-15,35.2,26.7,29.9,0.0,0.0,0.0,24.8,58.0,93,25.22
2025-08-16,34.1,26.1,29.6,0.0,0.0,0.0,22.6,54.0,89,24.79
2025-08-17,36.5,25.2,30.2,0.0,0.0,0.0,18.1,45.0,97,24.98
2025-08-18,35.9,24.9,29.7,0.6,0.6,1.0,11.6,32.8,78,23.14
2025-08-19,34.7,26.2,29.9,1.2,1.2,2.0,12.0,33.8,287,23.07
2025-08-20,36.7,26.0,29.9,3.4,3.4,6.0,10.9,34.6,252,21.98
2025-08-21,36.4,24.2,29.5,1.3,1.3,3.0,15.5,40.3,89,22.37
2025-08-22,37.8,25.2,30.6,0.7,0.7,1.0,14.5,34.2,90,24.2
2025-08-23,37.6,25.4,31.0,0.0,0.0,0.0,10.6,31.3,6,24.66
2025-08-24,38.2,26.4,30.9,0.0,0.0,0.0,23.4,53.3,106,25.27
2025-08-25,36.7,25.1,30.3,0.0,0.0,0.0,20.5,49.7,101,24.91
2025-08-26,36.2,25.6,29.8,0.0,0.0,0.0,21.2,49.0,88,21.47
2025-08-27,34.5,26.0,29.5,1.8,1.8,4.0,18.9,45.0,97,17.45
2025-08-28,35.5,27.1,30.5,0.0,0.0,0.0,22.2,52.2,99,22.65
2025-08-29,36.0,27.1,30.7,0.0,0.0,0.0,20.6,50.4,100,24.9
2025-08-30,37.6,25.7,30.3,1.8,1.8,2.0,11.0,31.0,109,21.46
2025-08-31,35.8,24.5,30.0,0.8,0.8,3.0,8.3,27.4,92,21.42
2025-09-01,34.9,26.8,29.8,0.2,0.2,2.0,6.9,22.7,89,13.53
2025-09-02,32.8,25.0,28.7,3.8,3.8,6.0,9.7,31.0,145,17.52
2025-09-03,33.3,24.1,28.3,1.4,1.4,4.0,8.5,25.6,83,21.03
2025-09-04,33.9,24.3,28.3,2.2,2.2,2.0,8.7,22.7,83,21.13
2025-09-05,35.1,24.0,28.9,0.0,0.0,0.0,20.1,46.1,100,23.73
2025-09-06,34.9,26.8,30.5,0.0,0.0,0.0,22.4,51.5,99,22.87
2025-09-07,34.5,25.4,28.5,4.5,4.5,7.0,6.4,23.0,61,17.55
2025-09-08,34.8,25.6,29.3,1.8,1.8,3.0,10.5,34.2,302,19.93
2025-09-09,35.0,26.9,29.9,1.1,1.1,3.0,12.9,35.3,236,19.63
2025-09-10,35.8,25.6,29.3,6.0,6.0,4.0,9.1,33.5,60,19.83
2025-09-11,36.2,25.8,30.0,0.9,0.9,3.0,16.5,40.3,101,21.43
2025-09-12,34.5,25.8,29.3,1.8,1.8,4.0,9.0,27.4,70,18.25
2025-09-13,36.6,25.3,29.8,2.2,2.2,4.0,10.2,28.8,9,21.33
2025-09-14,37.6,24.9,29.7,6.7,6.7,5.0,12.8,35.3,191,21.78
2025-09-15,36.4,25.1,30.0,0.0,0.0,0.0,22.5,51.8,109,22.99
2025-09-16,35.9,25.5,30.4,0.0,0.0,0.0,21.0,49.3,101,22.17
2025-09-17,36.1,25.6,30.1,0.0,0.0,0.0,22.4,51.5,104,22.5
2025-09-18,34.4,26.1,29.8,0.0,0.0,0.0,25.7,59.4,96,20.83
2025-09-19,36.7,28.1,31.2,0.1,0.1,1.0,21.8,51.1,109,18.3
2025-09-20,35.7,26.8,29.9,2.0,2.0,5.0,9.8,29.5,77,17.11
2025-09-21,33.8,26.5,29.1,2.4,2.4,12.0,23.1,52.6,81,19.19
2025-09-22,30.2,25.3,26.9,9.0,9.0,23.0,28.3,65.9,82,15.63
2025-09-23,27.2,25.7,26.3,15.1,15.1,24.0,28.8,61.9,100,4.1
2025-09-24,32.8,25.9,28.4,3.5,3.5,8.0,28.3,62.3,109,18.39
2025-09-25,33.1,25.5,29.0,0.0,0.0,0.0,25.8,57.2,101,22.6
2025-09-26,28.9,26.5,27.7,2.5,2.5,7.0,21.7,47.2,80,7.14
2025-09-27,34.4,26.6,29.6,0.0,0.0,0.0,20.1,46.1,96,20.28
2025-09-28,37.3,24.3,30.6,0.0,0.0,0.0,6.0,22.0,87,21.42
2025-09-29,36.9,25.9,29.8,1.1,1.1,3.0,12.2,33.8,72,18.36
2025-09-30,37.5,24.4,29.9,0.0,0.0,0.0,8.1,22.7,101,21.43
2025-10-01,36.4,25.0,29.6,0.0,0.0,0.0,15.9,37.1,80,19.96
2025-10-02,36.4,24.5,29.8,0.0,0.0,0.0,15.7,36.4,100,21.81
2025-10-03,36.7,23.8,29.8,0.0,0.0,0.0,16.3,40.7,102,21.63
2025-10-04,38.0,25.0,30.4,0.0,0.0,0.0,15.5,37.8,18,21.18
2025-10-05,37.1,24.7,30.0,0.7,0.7,1.0,9.3,27.0,336,19.9
2025-10-06,36.9,25.1,29.6,0.1,0.1,1.0,16.8,40.3,83,19.41
2025-10-07,34.0,25.1,29.2,0.0,0.0,0.0,20.4,48.2,77,18.69
2025-10-08,35.0,26.4,29.3,0.2,0.2,2.0,20.5,48.6,81,18.77
2025-10-09,33.2,25.2,28.3,0.0,0.0,0.0,17.6,42.1,76,17.51
2025-10-10,34.6,25.6,29.0,0.0,0.0,0.0,16.9,41.8,77,19.21
2025-10-11,36.9,24.2,29.3,0.4,0.4,2.0,14.5,34.2,65,18.45
2025-10-12,37.1,23.3,29.2,0.2,0.2,1.0,13.0,36.7,19,19.5
2025-10-13,37.2,23.9,29.2,1.5,1.5,3.0,13.4,34.2,54,18.28
2025-10-14,36.1,24.8,29.3,0.0,0.0,0.0,16.2,41.4,93,19.36
2025-10-15,34.4,25.3,29.0,0.0,0.0,0.0,18.1,46.8,93,19.55
2025-10-16,34.9,24.2,28.9,0.0,0.0,0.0,19.0,46.1,87,20.04
2025-10-17,34.5,25.9,29.3,0.0,0.0,0.0,20.4,49.7,92,18.26
2025-10-18,34.1,26.0,29.1,0.2,0.2,2.0,22.3,52.6,85,18.45
2025-10-19,29.5,23.3,25.2,42.6,42.6,18.0,19.2,44.6,72,4.77
2025-10-20,24.7,22.8,23.8,145.8,145.8,24.0,23.0,52.9,39,2.07
2025-10-21,23.5,22.2,22.7,74.5,74.5,24.0,18.9,45.4,12,3.11
2025-10-22,23.1,22.2,22.6,62.3,62.3,24.0,23.6,49.7,27,2.6
2025-10-23,25.9,22.0,23.3,19.8,19.8,23.0,18.9,42.8,51,5.16
2025-10-24,24.2,22.1,23.0,11.7,11.7,24.0,17.5,42.1,47,4.42
2025-10-25,26.0,22.1,23.8,4.3,4.3,22.0,19.1,42.1,57,7.53
2025-10-26,25.2,22.2,23.5,1.4,1.4,12.0,14.4,34.6,57,5.51
2025-10-27,24.1,21.2,22.2,1.0,1.0,10.0,19.7,43.2,68,5.17
2025-10-28,23.0,20.6,21.4,12.3,12.3,21.0,15.9,36.4,71,4.28
2025-10-29,26.9,20.5,23.0,0.4,0.4,4.0,25.3,55.8,81,10.74
2025-10-30,29.2,22.8,25.2,2.0,2.0,5.0,19.5,43.6,90,14.56
2025-10-31,26.6,21.6,23.6,1.9,1.9,7.0,11.8,28.1,352,13.01
2025-11-01,25.1,21.5,22.6,1.3,1.3,5.0,16.1,36.0,81,7.58
2025-11-02,24.1,20.3,21.6,8.0,8.0,13.0,14.2,34.9,74,5.79
2025-11-03,21.7,19.3,20.2,7.6,7.6,17.0,17.8,38.2,72,3.46
2025-11-04,23.8,20.0,21.5,7.8,7.8,14.0,17.1,40.0,63,5.32
2025-11-05,26.0,20.8,22.8,1.2,1.2,7.0,14.7,33.8,68,9.09
2025-11-06,26.9,22.2,24.2,0.0,0.0,0.0,22.5,50.8,78,11.32
2025-11-07,29.8,22.9,25.6,0.0,0.0,0.0,16.9,42.1,80,15.18
2025-11-08,29.5,23.4,25.5,0.0,0.0,0.0,18.4,41.4,78,16.52
2025-11-09,29.3,23.1,25.0,1.0,1.0,8.0,23.4,54.4,75,13.54
2025-11-10,23.8,21.5,22.7,16.8,16.8,22.0,28.8,59.4,65,3.42
2025-11-11,23.7,21.9,22.7,39.4,39.4,24.0,28.3,63.0,57,3.76
2025-11-12,29.4,22.6,24.9,9.3,9.3,21.0,28.2,61.2,47,10.69
2025-11-13,23.6,20.6,22.1,11.9,11.9,21.0,24.7,57.2,30,4.27
2025-11-14,24.8,20.0,21.9,0.6,0.6,3.0,18.0,41.4,62,12.41
2025-11-15,25.5,19.7,22.2,0.0,0.0,0.0,18.0,43.2,79,12.22
2025-11-16,27.0,20.1,23.2,0.0,0.0,0.0,17.9,41.8,74,14.95
2025-11-17,25.7,20.7,22.5,7.1,7.1,13.0,15.6,34.9,49,9.01
2025-11-18,20.2,16.4,18.3,7.4,7.4,24.0,14.4,31.7,43,3.48
2025-11-19,17.0,15.0,16.1,1.9,1.9,12.0,15.3,34.9,51,4.94
2025-11-20,21.2,16.3,18.6,0.0,0.0,0.0,17.4,38.9,72,9.18
2025-11-21,22.3,18.8,20.3,0.0,0.0,0.0,18.9,40.7,73,5.94
2025-11-22,22.9,19.2,20.7,0.0,0.0,0.0,20.4,50.0,79,7.83
2025-11-23,27.6,19.1,22.2,0.0,0.0,0.0,15.3,35.3,70,14.01
2025-11-24,29.1,18.5,22.8,0.7,0.7,2.0,13.7,30.6,65,15.04
2025-11-25,21.9,17.1,19.6,1.9,1.9,5.0,18.0,43.6,51,7.97
2025-11-26,21.6,16.5,18.9,0.0,0.0,0.0,24.0,53.6,82,13.69
2025-11-27,22.2,17.2,19.1,0.0,0.0,0.0,16.6,39.6,65,9.37
2025-11-28,20.9,16.8,18.4,0.0,0.0,0.0,20.7,45.4,76,10.63
2025-11-29,26.0,15.9,20.0,0.0,0.0,0.0,15.5,34.9,90,15.97
2025-11-30,29.6,17.8,21.7,0.6,0.6,2.0,11.7,27.7,68,14.11
2025-12-01,26.6,18.7,21.7,9.5,9.5,6.0,9.9,23.8,42,13.35
2025-12-02,25.4,19.3,21.6,1.2,1.2,6.0,12.9,31.0,63,10.52
2025-12-03,19.8,16.0,18.0,1.5,1.5,8.0,16.9,37.4,44,3.55
2025-12-04,21.2,15.0,17.7,0.0,0.0,0.0,19.5,45.7,79,12.0
2025-12-05,21.2,15.5,18.1,0.2,0.2,2.0,18.4,40.7,75,7.25
2025-12-06,22.0,15.3,18.8,0.2,0.2,2.0,18.3,42.8,81,9.79
2025-12-07,24.6,17.8,20.4,0.1,0.1,1.0,19.8,45.4,86,14.14
2025-12-08,22.8,15.1,18.8,2.1,2.1,14.0,20.5,44.6,54,9.31
2025-12-09,22.3,18.0,19.4,5.5,5.5,17.0,27.3,58.3,69,7.14
2025-12-10,25.1,16.3,20.2,0.0,0.0,0.0,14.8,30.6,255,12.36
2025-12-11,23.6,16.7,19.1,0.1,0.1,1.0,11.5,27.7,13,12.65
2025-12-12,21.1,17.7,19.3,0.5,0.5,5.0,19.8,42.8,64,5.67
2025-12-13,20.5,16.3,18.9,4.0,4.0,23.0,8.6,19.4,13,2.53
2025-12-14,15.9,13.1,14.5,0.2,0.2,2.0,17.6,38.9,52,9.14
2025-12-15,20.7,12.6,16.4,0.0,0.0,0.0,23.4,50.8,92,13.05
2025-12-16,24.8,13.4,17.8,0.0,0.0,0.0,10.1,22.3,31,15.02
2025-12-17,24.0,15.1,19.3,0.2,0.2,2.0,14.0,31.7,68,12.82
2025-12-18,22.6,18.1,19.6,0.1,0.1,1.0,22.2,50.8,78,6.51
2025-12-19,25.8,16.8,20.4,1.0,1.0,3.0,9.7,26.6,8,9.54
2025-12-20,25.4,17.7,20.9,0.3,0.3,2.0,10.5,23.8,54,8.79
2025-12-21,20.5,16.8,18.6,2.1,2.1,13.0,18.8,42.5,56,5.25
2025-12-22,20.9,16.6,18.6,0.0,0.0,0.0,24.2,52.9,76,7.69
2025-12-23,25.7,17.2,20.6,0.0,0.0,0.0,15.7,33.5,80,8.77
2025-12-24,23.9,16.9,20.2,0.2,0.2,2.0,18.5,42.1,69,12.78
2025-12-25,18.8,13.0,15.6,12.0,12.0,20.0,17.4,40.0,24,3.45
2025-12-26,15.4,12.4,13.9,2.3,2.3,8.0,17.0,36.4,66,2.86
2025-12-27,19.0,14.2,15.6,2.6,2.6,11.0,12.4,29.9,70,4.64
2025-12-28,19.2,15.3,16.9,0.2,0.2,2.0,13.4,29.2,75,3.57
2025-12-29,22.8,15.8,19.0,0.0,0.0,0.0,18.9,44.3,87,8.58
2025-12-30,20.1,15.7,17.9,2.1,2.1,13.0,10.5,28.1,50,3.7
2025-12-31,18.3,16.7,17.4,8.0,8.0,24.0,11.6,23.8,3,3.51
